Orig Order,RTH #,RSH #,TH,SH,Hanzi Parts of Speech,RTH Keyword,RSH Keyword,RTH Read,TH Read,SH Freq Meaning,SH Freq Pinyin,SH Freq,SH Freq Rank,SH Freq Group,Opt RTH,Opt RSH,RTH Lesson,RTH Merge Lesson,RSH Lesson,RSH Lesson Merged,SH and TH check,SH and TH keywords
1,1,1,一,一,,one,one,yī,yī,one/1/single/a(n),yi1,1.58%,2,1,1,1,RTH1-L01,RTH1-L01,RSH1-L01,RSH1-L01,SH = TH,SH key = TH key
2,2,2,二,二,,two,two,èr,èr,two/2,er4,0.14%,157,1,2,2,RTH1-L01,RTH1-L01,RSH1-L01,RSH1-L01,SH = TH,SH key = TH key
3,3,3,三,三,,three,three,sān,sān,three/3,san1,0.16%,125,1,3,3,RTH1-L01,RTH1-L01,RSH1-L01,RSH1-L01,SH = TH,SH key = TH key
10,10,10,十,十,,ten,ten,shí,shí,ten/10,shi2,0.18%,112,1,4,4,RTH1-L01,RTH1-L01,RSH1-L01,RSH1-L01,SH = TH,SH key = TH key
11,11,11,口,口,,mouth,mouth,kǒu,kǒu,mouth/(a measure word),kou3,0.10%,212,1,5,5,RTH1-L01,RTH1-L01,RSH1-L01,RSH1-L01,SH = TH,SH key = TH key
12,12,12,日,日,,day,day,rì,rì,Japan/day/sun/date/day of the month,ri4,0.19%,101,1,6,6,RTH1-L01,RTH1-L01,RSH1-L01,RSH1-L01,SH = TH,SH key = TH key
13,13,13,月,月,,month,month,yuè,yuè,moon/month,yue4,0.12%,169,1,7,7,RTH1-L01,RTH1-L01,RSH1-L01,RSH1-L01,SH = TH,SH key = TH key
15,15,15,目,目,,eye,eye,mù,mù,eye/item/section/list/catalogue/table of contents/order (taxonomy)/goal/name/title,mu4,0.09%,239,1,8,8,RTH1-L01,RTH1-L01,RSH1-L01,RSH1-L01,SH = TH,SH key = TH key
20,20,21,明,明,,bright,bright,míng,míng,clear/bright/to understand/next/the Ming dynasty,ming2,0.16%,121,1,9,9,RTH1-L02,RTH1-L02,RSH1-L02,RSH1-L02,SH = TH,SH key = TH key
27,27,28,世,世,,generation,generation,shì,shì,life/age/generation/era/world/lifetime,shi4,0.11%,181,1,10,10,RTH1-L02,RTH1-L02,RSH1-L02,RSH1-L02,SH = TH,SH key = TH key
32,32,33,自,自,,oneself,oneself,zì,zì,from/self/oneself/since,zi4,0.32%,43,1,11,11,RTH1-L03,RTH1-L03,RSH1-L03,RSH1-L03,SH = TH,SH key = TH key
33,33,34,白,白,,white,white,bái,bái|bó,white/snowy/empty/blank/bright/clear/plain/pure/gratuitous,bai2,0.08%,286,1,12,12,RTH1-L03,RTH1-L03,RSH1-L03,RSH1-L03,SH = TH,SH key = TH key
34,34,35,百,百,,hundred,hundred,bǎi,bǎi,hundred,bai3,0.05%,407,2,13,13,RTH1-L03,RTH1-L03,RSH1-L03,RSH1-L03,SH = TH,SH key = TH key
36,36,38,中,中,n./adj.,middle,middle,zhōng,zhōng|zhòng,"within/among/in/middle/center/while (doing sth)/during/China/Chinese, hit (the mark)",zhong1/zhong4,0.57%,14,1,14,14,RTH1-L03,RTH1-L03,RSH1-L03,RSH1-L03,SH = TH,SH key = TH key
37,37,39,千,千,,thousand,thousand,qiān,qiān,"thousand, a swing",qian1,0.04%,599,2,15,15,RTH1-L03,RTH1-L03,RSH1-L03,RSH1-L03,SH = TH,SH key = TH key
44,44,45,上,上,,above,above,shàng,shàng|shang|shǎng,"on/on top/upon/first (of two parts)/previous or last (week, etc.)/upper/higher/above/previous/to climb/to go into/above/to go up",shang4,0.55%,16,1,16,16,RTH1-L03,RTH1-L03,RSH1-L03,RSH1-L03,SH = TH,SH key = TH key
45,45,46,下,下,,below,below,xià,xià,"under/second (of two parts)/next (week, etc.)/lower/below/underneath/down(wards)/to decline/to go down/latter",xia4,0.32%,42,1,17,17,RTH1-L03,RTH1-L03,RSH1-L03,RSH1-L03,SH = TH,SH key = TH key
50,50,51,只,只,,only,only,zhǐ,zhǐ|zhī,"earth-spirit/peace, (a measure word, for birds and some animals, etc.)/single/only, M for one of a pair, only/merely/just/but, but/only",qi2/zhi1/zhi3,0.19%,97,1,18,18,RTH1-L04,RTH1-L04,RSH1-L04,RSH1-L04,SH = TH,SH key = TH key
8,8,8,八,八,,eight,eight,bā,bā,eight/8,ba1,0.05%,451,2,19,19,RTH1-L01,RTH1-L01,RSH1-L01,RSH1-L01,SH = TH,SH key = TH key
54,54,55,員,员,,employee,employee,yuán,yuán,person/employee/member,yuan2,0.10%,200,1,20,20,RTH1-L04,RTH1-L04,RSH1-L04,RSH1-L04,SH <> TH,SH key = TH key
55,55,58,見,见,,see,see,jiàn,jiàn|xiàn,"to see/to meet/to appear (to be sth)/to interview, appear",jian4/xian4,0.14%,153,1,21,25,RTH1-L04,RTH1-L04,RSH1-L04,RSH1-L04,SH <> TH,SH key = TH key
4,4,4,四,四,,four,four,sì,sì,four/4,si4,0.10%,226,1,22,22,RTH1-L01,RTH1-L01,RSH1-L01,RSH1-L01,SH = TH,SH key = TH key
9,9,9,九,九,,nine,nine,jiǔ,jiǔ,nine/9,jiu3,0.05%,445,2,23,24,RTH1-L01,RTH1-L01,RSH1-L01,RSH1-L01,SH = TH,SH key = TH key
66,66,70,的,的,,bull's eye,bull's eye,de,de,"(possessive particle)/of, really and truly, aim/clear",de/di2/di4,4.10%,1,1,24,27,RTH1-L04,RTH1-L04,RSH1-L04,RSH1-L04,SH = TH,SH key = TH key
68,68,72,直,直,,straight,straight,zhí,zhí,straight/vertical/frank/directly/straightly/upright,zhi2,0.09%,255,1,25,28,RTH1-L05,RTH1-L05,RSH1-L05,RSH1-L05,SH = TH,SH key = TH key
71,71,75,真,真,,true_,true_,zhēn,zhēn,real/true/genuine,zhen1,0.10%,204,1,26,29,RTH1-L05,RTH1-L05,RSH1-L05,RSH1-L05,SH = TH,SH key = TH key
72,72,76,工,工,n.,work,work,gōng,gōng,work/worker/skill/profession/trade/craft/labor,gong1,0.16%,118,1,27,30,RTH1-L05,RTH1-L05,RSH1-L05,RSH1-L05,SH = TH,SH key = TH key
75,75,79,有,有,,possess,possess,yǒu,yǒu,to have/there is/there are/to exist/to be,you3,0.92%,8,1,28,31,RTH1-L05,RTH1-L05,RSH1-L05,RSH1-L05,SH = TH,SH key = TH key
84,84,88,則,则,n.,rule,rule,zé,zé,(expresses contrast with a previous sentence or clause)/standard/norm/rule/to imitate/to follow/then/principle,ze2,0.08%,284,1,29,32,RTH1-L05,RTH1-L05,RSH1-L05,RSH1-L05,SH <> TH,SH key = TH key
88,88,92,可,可,aux. v.,can,can,kě,kě|kè,can/may/able to/certain(ly)/to suit/(particle used for emphasis),ke3,0.37%,30,1,30,33,RTH1-L05,RTH1-L05,RSH1-L05,RSH1-L05,SH = TH,SH key = TH key
7,7,7,七,七,,seven,seven,qī,qī,seven/7,qi1,0.04%,530,2,31,34,RTH1-L01,RTH1-L01,RSH1-L01,RSH1-L01,SH = TH,SH key = TH key
92,92,97,子,子,,child,child,zǐ,zǐ|zi,"11 p.m.-1 a.m./1st earthly branch/child/midnight/son/child/seed/egg/small thing, (noun suff.)",zi3/zi,0.33%,37,1,32,35,RTH1-L06,RTH1-L06,RSH1-L06,RSH1-L06,SH = TH,SH key = TH key
95,95,101,了,了,,(-ed),(-ed),le,le|liǎo|liào|liāo|liáo,"(modal particle intensifying preceding clause)/(completed action marker), to know/to understand/to know, clear, look afar from a high place",le/liao3/liao4,1.10%,5,1,33,36,RTH1-L06,RTH1-L06,RSH1-L06,RSH1-L06,SH = TH,SH key = TH key
96,96,102,女,女,,woman,woman,nǚ,nǚ,female/woman,nu:3/nv3,0.10%,224,1,34,37,RTH1-L06,RTH1-L06,RSH1-L06,RSH1-L06,SH = TH,SH key = TH key
97,97,103,好,好,,good,good,hǎo,hǎo|hào|hāo,"good/well, be fond of",hao3/hao4,0.21%,82,1,35,38,RTH1-L06,RTH1-L06,RSH1-L06,RSH1-L06,SH = TH,SH key = TH key
98,98,104,如,如,,be like,be like,rú,rú,as (if)/such as,ru2,0.23%,67,1,36,39,RTH1-L06,RTH1-L06,RSH1-L06,RSH1-L06,SH = TH,SH key = TH key
102,102,108,克,克,v.,overcome,overcome,kè,kè|kēi,"gram/subdue/to restrain/to overcome, subdue",ke4,0.09%,262,1,37,40,RTH1-L06,RTH1-L06,RSH1-L06,RSH1-L06,SH = TH,SH key = TH key
103,103,109,小,小,,small,small,xiǎo,xiǎo,small/tiny/few/young,xiao3,0.21%,83,1,38,41,RTH1-L07,RTH1-L07,RSH1-L07,RSH1-L07,SH = TH,SH key = TH key
104,104,110,少,少,,few,few,shǎo,shǎo|shào,"few/little/lack, young",shao3/shao4,0.09%,233,1,39,42,RTH1-L07,RTH1-L07,RSH1-L07,RSH1-L07,SH = TH,SH key = TH key
106,106,113,大,大,,large,large,dà,dà|dài,"big/huge/large/major/great/wide/deep/oldest/eldest, doctor",da4/dai4,0.55%,17,1,40,43,RTH1-L07,RTH1-L07,RSH1-L07,RSH1-L07,SH = TH,SH key = TH key
109,109,116,多,多,,many,many,duō,duō,many/much/a lot of/numerous/multi-,duo1,0.25%,61,1,41,44,RTH1-L07,RTH1-L07,RSH1-L07,RSH1-L07,SH = TH,SH key = TH key
111,111,118,外,外,,outside,outside,wài,wài,outside/in addition/foreign/external,wai4,0.15%,131,1,42,45,RTH1-L07,RTH1-L07,RSH1-L07,RSH1-L07,SH = TH,SH key = TH key
112,112,119,名,名,n.,name,name,míng,míng,name/(measure word for persons)/place (e.g. among winners),ming2,0.10%,203,1,43,46,RTH1-L07,RTH1-L07,RSH1-L07,RSH1-L07,SH = TH,SH key = TH key
119,119,130,光,光,,ray,ray,guāng,guāng,light/ray/bright,guang1,0.08%,290,1,44,47,RTH1-L07,RTH1-L07,RSH1-L07,RSH1-L07,SH = TH,SH key = TH key
120,120,131,太,太,,overly,overly,tài,tài,highest/greatest/too (much)/very/extremely,tai4,0.09%,240,1,45,48,RTH1-L07,RTH1-L07,RSH1-L07,RSH1-L07,SH = TH,SH key = TH key
126,126,137,水,水,n.,water,water,shuǐ,shuǐ,water/river,shui3,0.10%,202,1,46,49,RTH1-L08,RTH1-L08,RSH1-L08,RSH1-L08,SH = TH,SH key = TH key
130,130,142,原,原,,flatlands,flatlands,yuán,yuán,former/original/primary/raw/level/cause/source,yuan2,0.11%,193,1,47,50,RTH1-L08,RTH1-L08,RSH1-L08,RSH1-L08,SH = TH,SH key = TH key
141,141,151,活,活,,lively,lively,huó,huó,to live/alive/living/work/workmanship,huo2,0.10%,219,1,48,51,RTH1-L08,RTH1-L08,RSH1-L08,RSH1-L08,SH = TH,SH key = TH key
156,156,168,時,时,n.,time,time,shí,shí,o'clock/time/when/hour/season/period,shi2,0.43%,25,1,49,52,RTH1-L08,RTH1-L08,RSH1-L08,RSH1-L08,SH <> TH,SH key = TH key
169,169,179,里,里,,li,li,lǐ,lǐ|li,"inside/internal/interior, village/within/inside, Chinese mile/neighborhood/li, a Chinese unit of length = one-half kilometer/hometown",li3,0.28%,50,1,50,54,RTH1-L09,RTH1-L09,RSH1-L09,RSH1-L09,SH = TH,SH key = TH key
170,170,180,量,量,,quantity,quantity,liàng,liàng|liáng,"to measure, capacity/quantity/amount/to estimate",liang2/liang4,0.09%,241,1,51,55,RTH1-L09,RTH1-L09,RSH1-L09,RSH1-L09,SH = TH,SH key = TH key
173,173,177,點,点,n.,spot,spot,diǎn,diǎn,(downwards-right convex character stroke)/o'clock/(a measure word)/point/dot/(decimal) point),dian3,0.16%,128,1,52,53,RTH1-L09,RTH1-L09,RSH1-L08,RSH1-L08,SH <> TH,SH key = TH key
176,176,185,同,同,,same,same,tóng,tóng|tòng,like/same/similar/together/alike/with,tong2,0.23%,69,1,53,56,RTH1-L09,RTH1-L09,RSH1-L09,RSH1-L09,SH = TH,SH key = TH key
178,178,188,向,向,,orientation,orientation,xiàng,xiàng,"direction/part/side/towards/to/guide/opposite to, guide/opposite to",xiang4,0.14%,146,1,54,57,RTH1-L09,RTH1-L09,RSH1-L09,RSH1-L09,SH = TH,SH key = TH key
183,183,857,實,实,,reality,reality,shí,shí|shī,real/true/honest/really/solid,shi2,0.19%,100,1,55,209,RTH1-L09,RTH1-L09,RSH1-L27,RSH1-L27,SH <> TH,SH key = TH key
186,186,197,安,安,,peaceful,peaceful,ān,ān,content/calm/still/quiet/to pacify/peace,an1,0.09%,232,1,56,58,RTH1-L09,RTH1-L09,RSH1-L09,RSH1-L09,SH = TH,SH key = TH key
199,199,212,相,相,,one another,one another,xiāng,xiāng|xiàng,"each other/one another/mutually, appearance/portrait/picture",xiang1/xiang4,0.14%,152,1,57,60,RTH1-L10,RTH1-L10,RSH1-L10,RSH1-L10,SH = TH,SH key = TH key
200,200,213,本,本,,notebook,notebook,běn,běn,roots or stems of plants/origin/source/this/the current/root/foundation/basis/(a measure word),ben3,0.20%,92,1,58,61,RTH1-L10,RTH1-L10,RSH1-L10,RSH1-L10,SH = TH,SH key = TH key
228,228,247,然,然,,sort of thing,sort of thing,rán,rán,correct/right/so/thus/like this/-ly,ran2,0.26%,55,1,59,63,RTH1-L11,RTH1-L11,RSH1-L11,RSH1-L11,SH = TH,SH key = TH key
236,236,253,特,特,adj.,special,special,tè,tè,"special/unusual/extraordinary, male animal/special (-ly)",te2/te4,0.12%,173,1,60,64,RTH1-L11,RTH1-L11,RSH1-L11,RSH1-L11,SH = TH,SH key = TH key
239,239,256,先,先,,before,before,xiān,xiān,early/prior/former/in advance/first,xian1,0.11%,188,1,61,65,RTH1-L11,RTH1-L11,RSH1-L11,RSH1-L11,SH = TH,SH key = TH key
242,242,260,界,界,,world,world,jiè,jiè|gā|gà,boundary/scope/extent/circles/group/kingdom (taxonomy),jie4,0.08%,288,1,62,67,RTH1-L12,RTH1-L12,RSH1-L12,RSH1-L12,SH = TH,SH key = TH key
244,244,677,會,会,,meeting,meeting,huì,huì|huǐ|kuài,"can/be possible/be able to/to assemble/to meet/to gather/to see/union/group/association, to balance an account/accounting",hui4/kuai4,0.38%,29,1,63,160,RTH1-L12,RTH1-L12,RSH1-L22,RSH1-L22,SH <> TH,SH key = TH key
245,245,262,合,合,v.,fit,fit,hé,hé|gě,"one-tenth of a peck, Chinese musical note/fit/to join",ge3/he2,0.12%,171,1,64,68,RTH1-L12,RTH1-L12,RSH1-L12,RSH1-L12,SH = TH,SH key = TH key
248,248,265,王,王,,king,king,wáng,wáng|wàng,king/Wang (proper name),wang2,0.07%,299,1,65,69,RTH1-L12,RTH1-L12,RSH1-L12,RSH1-L12,SH = TH,SH key = TH key
251,251,269,現,现,adj.,present,present,xiàn,xiàn,appear/present/now/existing/current,xian4,0.22%,70,1,66,70,RTH1-L12,RTH1-L12,RSH1-L12,RSH1-L12,SH <> TH,SH key = TH key
257,257,275,全,全,,whole,whole,quán,quán,all/whole/entire/every/complete,quan2,0.16%,124,1,67,71,RTH1-L12,RTH1-L12,RSH1-L12,RSH1-L12,SH = TH,SH key = TH key
258,258,276,理,理,,logic,logic,lǐ,lǐ,reason/logic/science/inner principle or structure,li3,0.21%,89,1,68,72,RTH1-L12,RTH1-L12,RSH1-L12,RSH1-L12,SH = TH,SH key = TH key
259,259,277,主,主,,lord,lord,zhǔ,zhǔ,to own/to host/master/lord/primary,zhu3,0.21%,87,1,69,73,RTH1-L12,RTH1-L12,RSH1-L12,RSH1-L12,SH = TH,SH key = TH key
261,261,279,金,金,,gold,gold,jīn,jīn,metal/money/gold,jin1,0.09%,260,1,70,74,RTH1-L12,RTH1-L12,RSH1-L12,RSH1-L12,SH = TH,SH key = TH key
268,268,287,道,道,,way,way,dào,dào|dǎo|dāo,direction/way/method/road/path/principle/truth/reason/skill/method/Tao (of Taoism)/a measure word/to say/to speak/to talk,dao4,0.28%,52,1,71,75,RTH1-L13,RTH1-L13,RSH1-L13,RSH1-L13,SH = TH,SH key = TH key
277,277,303,前,前,,in front,in front,qián,qián,before/in front/ago/former/previous/earlier/front,qian2,0.20%,93,1,72,78,RTH1-L13,RTH1-L13,RSH1-L13,RSH1-L13,SH = TH,SH key = TH key
281,281,309,各,各,,each,each,gè,gè|gě,each/every,ge4,0.10%,209,1,73,81,RTH1-L13,RTH1-L13,RSH1-L13,RSH1-L13,SH = TH,SH key = TH key
290,290,320,軍,军,,army,army,jūn,jūn,army/military/arms,,0.19%,102,1,74,82,RTH1-L14,RTH1-L14,RSH1-L14,RSH1-L14,SH <> TH,SH key = TH key
6,6,6,六,六,,six,six,liù,liù,six/6,liu4,0.04%,478,2,75,84,RTH1-L01,RTH1-L01,RSH1-L01,RSH1-L01,SH = TH,SH key = TH key
296,296,325,高,高,,tall,tall,gāo,gāo,high/tall,gao1,0.15%,134,1,76,83,RTH1-L14,RTH1-L14,RSH1-L14,RSH1-L14,SH = TH,SH key = TH key
304,304,332,就,就,,at once,at once,jiù,jiù,at once/then/right away/only/(emphasis)/to approach/to move towards/to undertake,jiu4,0.40%,27,1,77,85,RTH1-L14,RTH1-L14,RSH1-L14,RSH1-L14,SH = TH,SH key = TH key
311,311,1393,書,书,n.,book,book,shū,shū,book/letter,shu1,0.08%,282,1,78,292,RTH1-L15,RTH1-L15,RSH1-L49,RSH1-L49,SH <> TH,SH key = TH key
322,322,348,計,计,n.,plan,plan,jì,jì,to calculate/to compute/to count/reckon/ruse/to plan,ji4,0.09%,251,1,79,87,RTH1-L15,RTH1-L15,RSH1-L15,RSH1-L15,SH <> TH,SH key = TH key
326,326,354,話,话,n.,talk,talk,huà,huà|huo,dialect/language/spoken words/speech/talk/words/conversation/what someone said,hua4,0.12%,170,1,80,88,RTH1-L15,RTH1-L15,RSH1-L15,RSH1-L15,SH <> TH,SH key = TH key
332,332,1319,這,这,,this,this,zhè,zhè,"this/these, this/these/(sometimes used before a measure word, especially in Beijing)",zhe4/zhei4,0.80%,11,1,81,277,RTH1-L15,RTH1-L15,RSH1-L44,RSH1-L44,SH <> TH,SH key = TH key
336,336,364,或,或,,or,or,huò,huò,maybe/perhaps/might/possibly/or,huo4,0.13%,160,1,82,90,RTH1-L16,RTH1-L16,RSH1-L16,RSH1-L16,SH = TH,SH key = TH key
341,341,368,成,成,,turn into,turn into,chéng,chéng,"finish/complete/accomplish/become/turn into/win/succeed/one tenth, finish/complete/accomplish/become/turn into/win/succeed/one tenth",cheng2/cheng4,0.26%,59,1,83,91,RTH1-L16,RTH1-L16,RSH1-L16,RSH1-L16,SH = TH,SH key = TH key
349,349,362,戰,战,n.,war,war,zhàn,zhàn,to fight/fight/war/battle,zhan4,0.14%,145,1,84,89,RTH1-L16,RTH1-L16,RSH1-L16,RSH1-L16,SH <> TH,SH key = TH key
362,362,387,正,正,v./adj.,correct,correct,zhèng,zhèng|zhēng,"Chinese 1st month of year, just (right)/main/upright/straight/correct/principle",zheng1/zheng4,0.15%,129,1,85,92,RTH1-L17,RTH1-L17,RSH1-L17,RSH1-L17,SH = TH,SH key = TH key
363,363,389,政,政,,politics,politics,zhèng,zhèng,political/politics/government,zheng4,0.14%,150,1,86,93,RTH1-L17,RTH1-L17,RSH1-L17,RSH1-L17,SH = TH,SH key = TH key
364,364,390,定,定,,settle on,settle on,dìng,dìng,to set/to fix/to determine/to decide/to order,ding4,0.22%,77,1,87,94,RTH1-L17,RTH1-L17,RSH1-L17,RSH1-L17,SH = TH,SH key = TH key
365,365,391,走,走,v.,walk,walk,zǒu,zǒu,to walk/to go/to move,zou3,0.10%,207,1,88,95,RTH1-L17,RTH1-L17,RSH1-L17,RSH1-L17,SH = TH,SH key = TH key
368,368,394,是,是,,be,be,shì,shì,is/are/am/yes/to be,shi4,1.35%,3,1,89,96,RTH1-L17,RTH1-L17,RSH1-L17,RSH1-L17,SH = TH,SH key = TH key
369,369,395,題,题,,topic,topic,tí,tí,topic/subject/to inscribe/to superscribe,ti2,0.10%,218,1,90,97,RTH1-L17,RTH1-L17,RSH1-L17,RSH1-L17,SH <> TH,SH key = TH key
370,370,398,建,建,,build,build,jiàn,jiàn,to establish/to found/to set up/to build/to construct,jian4,0.09%,244,1,91,98,RTH1-L17,RTH1-L17,RSH1-L17,RSH1-L17,SH = TH,SH key = TH key
388,388,419,市,市,n.,market,market,shì,shì,market/city,shi4,0.09%,254,1,92,99,RTH1-L18,RTH1-L18,RSH1-L18,RSH1-L18,SH = TH,SH key = TH key
393,393,424,制,制,,system,system,zhì,zhì,"system/to make/to manufacture/to control/to regulate, manufacture",zhi4,0.13%,163,1,93,100,RTH1-L18,RTH1-L18,RSH1-L18,RSH1-L18,SH = TH,SH key = TH key
399,399,1484,電,电,,electricity,electricity,diàn,diàn,electric/electricity/electrical,dian4,0.10%,230,1,94,306,RTH1-L18,RTH1-L18,RSH1-L55,RSH1-L55,SH <> TH,SH key = TH key
403,403,436,天,天,,heavens,heavens,tiān,tiān,day/sky/heaven,tian1,0.22%,78,1,95,101,RTH1-L18,RTH1-L18,RSH1-L18,RSH1-L18,SH = TH,SH key = TH key
408,408,444,立,立,adj.,standing up,standing up,lì,lì,set up/to stand,li4,0.11%,197,1,96,102,RTH1-L18,RTH1-L18,RSH1-L18,RSH1-L18,SH = TH,SH key = TH key
422,422,456,比,比,,compare,compare,bǐ,bǐ|pí|bì,"(particle used for comparison and ""-er than"")/to compare/to contrast/to gesture (with hands)/ratio, associate with/be near",bi3/bi4,0.10%,199,1,97,103,RTH1-L18,RTH1-L18,RSH1-L18,RSH1-L18,SH = TH,SH key = TH key
426,426,460,此,此,,this (literary),this (literary),cǐ,cǐ,this/these,ci3,0.16%,116,1,98,104,RTH1-L18,RTH1-L18,RSH1-L18,RSH1-L18,SH = TH,SH key = TH key
427,427,461,些,些,,somewhat,somewhat,xiē,xiē,some/few/several/(a measure word),xie1,0.21%,86,1,99,105,RTH1-L18,RTH1-L18,RSH1-L18,RSH1-L18,SH = TH,SH key = TH key
428,428,462,它,它,,it,it,tā,tā,it,ta1,0.18%,107,1,100,106,RTH1-L18,RTH1-L18,RSH1-L18,RSH1-L18,SH = TH,SH key = TH key
433,433,469,海,海,,sea,sea,hǎi,hǎi,ocean/sea,hai3,0.11%,189,1,101,108,RTH1-L18,RTH1-L18,RSH1-L18,RSH1-L18,SH = TH,SH key = TH key
443,443,478,次,次,,next,next,cì,cì,nth/number (of times)/order/sequence/next/second(ary)/(measure word),ci4,0.11%,183,1,102,109,RTH1-L18,RTH1-L18,RSH1-L18,RSH1-L18,SH = TH,SH key = TH key
444,444,479,資,资,,assets,assets,zī,zī,resources/capital/to provide/to supply/to support/money/expense,zi1,0.09%,257,1,103,110,RTH1-L18,RTH1-L18,RSH1-L18,RSH1-L18,SH <> TH,SH key = TH key
461,461,494,方,方,,direction,direction,fāng,fāng,square/quadrilateral/direction/just,fang1,0.25%,60,1,104,111,RTH1-L19,RTH1-L19,RSH1-L19,RSH1-L19,SH = TH,SH key = TH key
463,463,496,放,放,v.,release,release,fàng,fàng,to release/to free/to let go/to put/to place/to let out,fang4,0.08%,291,1,105,112,RTH1-L19,RTH1-L19,RSH1-L19,RSH1-L19,SH = TH,SH key = TH key
469,469,501,說,说,,speak,speak,shuō,shuō|shuì,"persuade (politically), to speak/to say",shui4/shuo1,0.45%,24,1,106,113,RTH1-L19,RTH1-L19,RSH1-L19,RSH1-L19,SH <> TH,SH key = TH key
473,473,1249,東,东,,east,east,dōng,dōng,east,dong1,0.11%,194,1,107,260,RTH1-L19,RTH1-L19,RSH1-L40,RSH1-L40,SH <> TH,SH key = TH key
476,476,505,也,也,,also,also,yě,yě,also/too,ye3,0.37%,31,1,108,114,RTH1-L20,RTH1-L20,RSH1-L20,RSH1-L20,SH = TH,SH key = TH key
477,477,506,她,她,,she,she,tā,tā,she,ta1,0.20%,91,1,109,115,RTH1-L20,RTH1-L20,RSH1-L20,RSH1-L20,SH = TH,SH key = TH key
478,478,507,地,地,n.,ground,ground,dì,de|dì,"(subor. part. adverbial)/-ly, earth/ground/field/place/land",de/di4,0.50%,21,1,110,116,RTH1-L20,RTH1-L20,RSH1-L20,RSH1-L20,SH = TH,SH key = TH key
485,485,515,己,己,,self,self,jǐ,jǐ,6th heavenly stem/self,ji3,0.13%,162,1,111,117,RTH1-L20,RTH1-L20,RSH1-L20,RSH1-L20,SH = TH,SH key = TH key
488,488,519,已,已,,already,already,yǐ,yǐ,already/to stop/then/afterwards,yi3,0.16%,117,1,112,119,RTH1-L20,RTH1-L20,RSH1-L20,RSH1-L20,SH = TH,SH key = TH key
491,491,516,起,起,,begin,begin,qǐ,qǐ,to rise/to raise/to get up,qi3,0.22%,75,1,113,118,RTH1-L20,RTH1-L20,RSH1-L20,RSH1-L20,SH = TH,SH key = TH key
492,492,525,家,家,n.,house,house,jiā,jiā|jia|jie,"furniture/tool, -ist/-er/-ian/home/family/a person engaged in a certain art or profession",jia1,0.26%,56,1,114,120,RTH1-L20,RTH1-L20,RSH1-L20,RSH1-L20,SH = TH,SH key = TH key
493,493,526,場,场,,site,site,chǎng,chǎng|cháng,"a courtyard/open space/place/field/a measure word/(a measure word, used for sport or recreation)",chang3,0.09%,249,1,115,121,RTH1-L20,RTH1-L20,RSH1-L20,RSH1-L20,SH <> TH,SH key = TH key
496,496,529,美,美,,beautiful,beautiful,měi,měi,America/beautiful,mei3,0.14%,151,1,116,122,RTH1-L20,RTH1-L20,RSH1-L20,RSH1-L20,SH = TH,SH key = TH key
499,499,288,達,达,v.,reach,reach,dá,dá|dā|tà,attain/pass through/achieve/reach/realize/clear/inform/notify/dignity,da2,0.08%,289,1,117,76,RTH1-L20,RTH1-L20,RSH1-L13,RSH1-L13,SH <> TH,SH key = TH key
500,500,532,樣,样,,appearance,appearance,yàng,yàng,manner/pattern/way/appearance/shape,yang4,0.21%,88,1,118,123,RTH1-L20,RTH1-L20,RSH1-L20,RSH1-L20,SH <> TH,SH key = TH key
503,503,1362,進,进,v.,advance,advance,jìn,jìn,advance/enter/to come in,jin4,0.21%,81,1,119,285,RTH1-L20,RTH1-L20,RSH1-L47,RSH1-L47,SH <> TH,SH key = TH key
510,510,543,許,许,v.,permit,permit,xǔ,xǔ|hǔ,to allow/to permit/to praise/(surname),xu3,0.09%,263,1,120,125,RTH1-L20,RTH1-L20,RSH1-L20,RSH1-L20,SH <> TH,SH key = TH key
516,516,549,國,国,,country,country,guó,guó,country/state/nation,guo2,0.51%,20,1,121,126,RTH1-L21,RTH1-L21,RSH1-L21,RSH1-L21,SH <> TH,SH key = TH key
518,518,551,因,因,n.,cause,cause,yīn,yīn,cause/reason/because,yin1,0.19%,96,1,122,127,RTH1-L21,RTH1-L21,RSH1-L21,RSH1-L21,SH = TH,SH key = TH key
520,520,554,回,回,v.,return,return,huí,huí,(a measure word for matters or actions) a time/to circle/to go back/to turn around/to answer/to return/to revolve/Islam,hui2,0.12%,172,1,123,128,RTH1-L21,RTH1-L21,RSH1-L21,RSH1-L21,SH = TH,SH key = TH key
529,529,563,心,心,,heart,heart,xīn,xīn,heart/mind,xin1,0.20%,90,1,124,129,RTH1-L21,RTH1-L21,RSH1-L21,RSH1-L21,SH = TH,SH key = TH key
532,532,794,認,认,,recognize,recognize,rèn,rèn,to recognize/to know/to admit,ren4,0.10%,213,1,125,188,RTH1-L21,RTH1-L21,RSH1-L26,RSH1-L26,SH <> TH,SH key = TH key
535,535,569,思,思,,consider,consider,sī,sī|sāi,to think/to consider,si1,0.07%,298,1,126,131,RTH1-L21,RTH1-L21,RSH1-L21,RSH1-L21,SH = TH,SH key = TH key
536,536,572,意,意,,idea,idea,yì,yì,idea/meaning/wish/desire/(abbr.) Italy,yi4,0.19%,104,1,127,132,RTH1-L21,RTH1-L21,RSH1-L21,RSH1-L21,SH = TH,SH key = TH key
537,537,573,想,想,,think,think,xiǎng,xiǎng,to think/to believe/to suppose/to wish/to want/to miss,xiang3,0.19%,99,1,128,133,RTH1-L21,RTH1-L21,RSH1-L21,RSH1-L21,SH = TH,SH key = TH key
540,540,576,感,感,v.,feel,feel,gǎn,gǎn,to feel/to move/to touch/to affect,gan3,0.09%,243,1,129,134,RTH1-L21,RTH1-L21,RSH1-L21,RSH1-L21,SH = TH,SH key = TH key
547,547,583,必,必,,certainly,certainly,bì,bì,certainly/must/will/necessarily,bi4,0.09%,248,1,130,135,RTH1-L21,RTH1-L21,RSH1-L21,RSH1-L21,SH = TH,SH key = TH key
548,548,584,手,手,,hand,hand,shǒu,shǒu,hand/convenient,shou3,0.15%,143,1,131,136,RTH1-L22,RTH1-L22,RSH1-L22,RSH1-L22,SH = TH,SH key = TH key
549,549,585,看,看,,look at,look at,kàn,kàn|kān,"to look after/to take care of/to watch/to guard, it depends/think/to see/to look at",kan1/kan4,0.22%,76,1,132,137,RTH1-L22,RTH1-L22,RSH1-L22,RSH1-L22,SH = TH,SH key = TH key
551,551,588,我,我,,I,I,wǒ,wǒ,I/me/myself,wo3,0.87%,9,1,133,138,RTH1-L22,RTH1-L22,RSH1-L22,RSH1-L22,SH = TH,SH key = TH key
552,552,1182,義,义,,righteousness,righteousness,yì,yì,justice/righteousness/meaning,yi4,0.10%,208,1,134,254,RTH1-L22,RTH1-L22,RSH1-L38,RSH1-L38,SH <> TH,SH key = TH key
559,559,593,打,打,v.,strike,strike,dǎ,dǎ|dá,"dozen, beat/strike/break/mix up/build/fight/fetch/make/tie up/issue/shoot/calculate/since/from",da2/da3,0.10%,223,1,135,139,RTH1-L22,RTH1-L22,RSH1-L22,RSH1-L22,SH = TH,SH key = TH key
560,560,594,指,指,n.,finger,finger,zhǐ,zhǐ,finger/to point/to direct/to indicate,zhi3,0.09%,261,1,136,140,RTH1-L22,RTH1-L22,RSH1-L22,RSH1-L22,SH = TH,SH key = TH key
563,563,598,提,提,,bring up,bring up,tí,tí|dī,"carry (suspended), to carry/to lift/to put forward/(upwards character stroke)/lifting (brush stroke in painting)/to mention",di1/ti2,0.11%,196,1,137,141,RTH1-L22,RTH1-L22,RSH1-L22,RSH1-L22,SH = TH,SH key = TH key
566,566,604,接,接,v.,welcome,welcome,jiē,jiē,to extend/to connect/to receive/to join,jie1,0.09%,247,1,138,142,RTH1-L22,RTH1-L22,RSH1-L22,RSH1-L22,SH = TH,SH key = TH key
578,578,620,才,才,,genius,genius,cái,cái,"ability/talent/endowment/gift/an expert/only (then)/only if/just, just/not until",cai2,0.09%,235,1,139,145,RTH1-L22,RTH1-L22,RSH1-L22,RSH1-L22,SH = TH,SH key = TH key
581,581,624,在,在,,at,at,zài,zài,(located) at/in/exist,zai4,1.04%,6,1,140,146,RTH1-L22,RTH1-L22,RSH1-L22,RSH1-L22,SH = TH,SH key = TH key
584,584,627,及,及,,catch up with,catch up with,jí,jí,to reach/and,ji2,0.10%,198,1,141,147,RTH1-L22,RTH1-L22,RSH1-L22,RSH1-L22,SH = TH,SH key = TH key
587,587,631,更,更,,even more,even more,gèng,gèng|gēng,"to change, more/even more/further/still/still more",geng1/geng4,0.10%,221,1,142,148,RTH1-L22,RTH1-L22,RSH1-L22,RSH1-L22,SH = TH,SH key = TH key
589,589,633,又,又,,again,again,yòu,yòu,(once) again/also/both... and.../again,you4,0.16%,126,1,143,149,RTH1-L22,RTH1-L22,RSH1-L22,RSH1-L22,SH = TH,SH key = TH key
598,598,647,沒,没,,not have,not have,méi,méi|mò,"(negative prefix for verbs)/have not/not, drowned/to end/to die/to inundate",mei2/mo4,0.22%,72,1,144,152,RTH1-L22,RTH1-L22,RSH1-L22,RSH1-L22,SH <> TH,SH key = TH key
607,607,656,反,反,,against,against,fǎn,fǎn|bǎn,wrong side out or up/anti-,fan3,0.09%,237,1,145,153,RTH1-L22,RTH1-L22,RSH1-L22,RSH1-L22,SH = TH,SH key = TH key
617,617,667,受,受,,accept,accept,shòu,shòu,to bear/to stand/to endure/(passive marker)/to receive,shou4,0.09%,238,1,146,155,RTH1-L22,RTH1-L22,RSH1-L22,RSH1-L22,SH = TH,SH key = TH key
622,622,673,治,治,,govern,govern,zhì,zhì,to rule/to govern/to manage/to control/to harness (a river)/cure/treatment/to heal,zhi4,0.08%,274,1,147,157,RTH1-L22,RTH1-L22,RSH1-L22,RSH1-L22,SH = TH,SH key = TH key
624,624,675,去,去,,go,go,qù,qù,to go/to leave/to remove,qu4,0.25%,64,1,148,158,RTH1-L22,RTH1-L22,RSH1-L22,RSH1-L22,SH = TH,SH key = TH key
625,625,676,法,法,,method,method,fǎ,fǎ,law/method/way/Buddhist teaching/Legalist/France (abbrev.),fa3,0.24%,65,1,149,159,RTH1-L22,RTH1-L22,RSH1-L22,RSH1-L22,SH = TH,SH key = TH key
626,626,678,至,至,,until,until,zhì,zhì,arrive/most/to/until,zhi4,0.08%,267,1,150,161,RTH1-L22,RTH1-L22,RSH1-L22,RSH1-L22,SH = TH,SH key = TH key
628,628,680,到,到,,arrive,arrive,dào,dào,to (a place)/until (a time)/up to/to go/to arrive,dao4,0.50%,22,1,151,162,RTH1-L22,RTH1-L22,RSH1-L22,RSH1-L22,SH = TH,SH key = TH key
1846,1846,1884,權,权,,authority,authority,quán,quán,authority/power/right,quan2,0.07%,297,1,152,163,RTH2-L22,RTH1-L22,RSH2-L22,RSH1-L22,SH <> TH,SH key = TH key
634,634,688,山,山,,mountain,mountain,shān,shān,mountain/hill,shan1,0.09%,259,1,153,164,RTH1-L23,RTH1-L23,RSH1-L23,RSH1-L23,SH = TH,SH key = TH key
635,635,689,出,出,v.,exit,exit,chū,chū,"to go out/to come out/to occur/to produce/to go beyond/to rise/to put forth/to occur/to happen/(a measure word for dramas, plays, or operas)",chu1,0.39%,28,1,154,165,RTH1-L23,RTH1-L23,RSH1-L23,RSH1-L23,SH = TH,SH key = TH key
638,638,693,入,入,,enter,enter,rù,rù,to enter,ru4,0.10%,210,1,155,166,RTH1-L23,RTH1-L23,RSH1-L23,RSH1-L23,SH = TH,SH key = TH key
639,639,840,內,内,,internal,internal,nèi,nèi,inside/inner/internal/within/interior,nei4,0.12%,175,1,156,205,RTH1-L23,RTH1-L23,RSH1-L26,RSH1-L26,SH <> TH,SH key = TH key
641,641,694,分,分,n. / v.,part,part,fēn,fēn|fèn,"to divide/minute/(a measure word)/(a unit of length = 0.33 centimeter), part",fen1/fen4,0.22%,79,1,157,167,RTH1-L23,RTH1-L23,RSH1-L23,RSH1-L23,SH = TH,SH key = TH key
643,643,696,公,公,adj.,public,public,gōng,gōng,just/honorable (designation)/public/common,gong1,0.16%,115,1,158,168,RTH1-L23,RTH1-L23,RSH1-L23,RSH1-L23,SH = TH,SH key = TH key
651,651,947,當,当,,work as,work as,dāng,dāng|dàng|dǎng,"to be/to act as/manage/withstand/when/during/ought/should/match equally/equal/same/obstruct/just at (a time or place)/on the spot/right/just at, at or in the very same.../to pawn/suitable/adequate/fitting/proper/replace/represent",dang1/dang4,0.22%,71,1,159,221,RTH1-L24,RTH1-L24,RSH1-L30,RSH1-L30,SH <> TH,SH key = TH key
654,654,705,常,常,,often,often,cháng,cháng,always/ever/often/frequently/common/general/constant,chang2,0.11%,187,1,160,169,RTH1-L24,RTH1-L24,RSH1-L24,RSH1-L24,SH = TH,SH key = TH key
660,660,711,被,被,n.,quilt,quilt,bèi,bèi|pī,by (marker for passive-voice sentences or clauses)/quilt/blanket/to cover/to wear,bei4,0.14%,154,1,161,170,RTH1-L24,RTH1-L24,RSH1-L24,RSH1-L24,SH = TH,SH key = TH key
669,669,720,最,最,adv.,most,most,zuì,zuì,(the) most/-est,zui4,0.15%,139,1,162,171,RTH1-L24,RTH1-L24,RSH1-L24,RSH1-L24,SH = TH,SH key = TH key
678,678,998,還,还,,give back,give back,huán,hái|huán,"also/in addition/more/still/else/still/yet/(not) yet, (surname)/pay back/return",hai2/huan2/huan4,0.22%,80,1,163,229,RTH1-L24,RTH1-L24,RSH1-L31,RSH1-L31,SH <> TH,SH key = TH key
687,687,732,力,力,,power,power,lì,lì,power/force/strength,li4,0.19%,106,1,164,172,RTH1-L24,RTH1-L24,RSH1-L24,RSH1-L24,SH = TH,SH key = TH key
689,689,739,別,别,,don't,don't,bié,bié|biè,"leave/depart/separate/distinguish/classify/other/another/do not/must not/to pin, contrary/difficult/awkward",bie2/bie4,0.10%,222,1,165,174,RTH1-L24,RTH1-L24,RSH1-L24,RSH1-L24,SH <> TH,SH key = TH key
695,695,749,加,加,,add,add,jiā,jiā,to add/plus,jia1,0.13%,166,1,166,176,RTH1-L24,RTH1-L24,RSH1-L24,RSH1-L24,SH = TH,SH key = TH key
699,699,754,行,行,,line of business,line of business,háng,xíng|háng|hàng|heng,"a row/profession/professional, all right/capable/competent/OK/okay/to go/to do/to travel/temporary/to walk/to go/will do, behavior/conduct",hang2/xing2/xing4,0.28%,53,1,167,178,RTH1-L24,RTH1-L24,RSH1-L24,RSH1-L24,SH = TH,SH key = TH key
702,702,756,得,得,aux. v.,must,must,děi,de|děi|dé,"obtain/get/gain/proper/suitable/proud/contented/allow/permit/ready/finished, a sentence particle used after a verb to show effect/degree or possibility, to have to/must/ought to/to need to",de2/de/dei3,0.33%,39,1,168,179,RTH1-L24,RTH1-L24,RSH1-L24,RSH1-L24,SH = TH,SH key = TH key
707,707,759,德,德,,morality,morality,dé,dé,Germany/virtue/goodness/morality/ethics/kindness/favor/character/kind,de2,0.09%,256,1,169,180,RTH1-L24,RTH1-L24,RSH1-L24,RSH1-L24,SH = TH,SH key = TH key
708,708,925,聽,听,,listen,listen,tīng,tīng,"listen/hear/obey, let/allow",ting1/ting4,0.08%,285,1,170,218,RTH1-L24,RTH1-L24,RSH1-L30,RSH1-L30,SH <> TH,SH key = TH key
712,712,764,和,和,,harmony,harmony,hé,hé,"and/together with/with/peace/harmony/union, cap (a poem)/respond in singing, soft/warm, mix together/to blend",he2/he4/huo2/huo4,0.52%,19,1,171,181,RTH1-L25,RTH1-L25,RSH1-L25,RSH1-L25,SH = TH,SH key = TH key
716,716,771,利,利,n.,profit,profit,lì,lì,advantage/benefit/profit/sharp,li4,0.14%,155,1,172,183,RTH1-L25,RTH1-L25,RSH1-L25,RSH1-L25,SH = TH,SH key = TH key
732,732,789,等,等,,etc.,etc.,děng,děng,class/rank/grade/equal to/same as/wait for/await/et cetera/and so on,deng3,0.14%,158,1,173,186,RTH1-L25,RTH1-L25,RSH1-L25,RSH1-L25,SH = TH,SH key = TH key
736,736,793,人,人,,person,person,rén,rén,man/person/people,ren2,0.97%,7,1,174,187,RTH1-L26,RTH1-L26,RSH1-L26,RSH1-L26,SH = TH,SH key = TH key
741,741,799,你,你,,you,you,nǐ,nǐ,you,ni3,0.36%,32,1,175,190,RTH1-L26,RTH1-L26,RSH1-L26,RSH1-L26,SH = TH,SH key = TH key
743,743,802,什,什,,what?,what?,shén,shén|shí,"what, tenth (used in fractions)",shen2/shi2,0.14%,156,1,176,191,RTH1-L26,RTH1-L26,RSH1-L26,RSH1-L26,SH = TH,SH key = TH key
744,744,307,條,条,n.,strip,strip,tiáo,tiáo,"measure word for long, thin things (i.e. ribbon, river, etc.)/a strip/item/article",tiao2,0.10%,214,1,177,79,RTH1-L26,RTH1-L26,RSH1-L13,RSH1-L13,SH <> TH,SH key = TH key
746,746,804,做,做,,make,make,zuò,zuò,to do/to make/to produce,zuo4,0.09%,246,1,178,192,RTH1-L26,RTH1-L26,RSH1-L26,RSH1-L26,SH = TH,SH key = TH key
747,747,805,但,但,,however,however,dàn,dàn,but/yet/however/only/merely/still,dan4,0.19%,95,1,179,193,RTH1-L26,RTH1-L26,RSH1-L26,RSH1-L26,SH = TH,SH key = TH key
749,749,807,位,位,n.,position,position,wèi,wèi,position/location/(measure word for persons)/place/seat,wei4,0.11%,182,1,180,194,RTH1-L26,RTH1-L26,RSH1-L26,RSH1-L26,SH = TH,SH key = TH key
750,750,808,件,件,,piece,piece,jiàn,jiàn,"a measure word for thing, clothes, item",jian4,0.09%,250,1,181,195,RTH1-L26,RTH1-L26,RSH1-L26,RSH1-L26,SH = TH,SH key = TH key
752,752,810,他,他,,he,he,tā,tā,he/him,ta1,0.83%,10,1,182,196,RTH1-L26,RTH1-L26,RSH1-L26,RSH1-L26,SH = TH,SH key = TH key
754,754,814,信,信,,faith,faith,xìn,xìn,letter/true/to believe/sign/evidence,xin4,0.12%,176,1,183,198,RTH1-L26,RTH1-L26,RSH1-L26,RSH1-L26,SH = TH,SH key = TH key
757,757,258,個,个,,individual,individual,gè,ge|gè|gě,(a measure word)/individual,ge4,0.62%,12,1,184,66,RTH1-L26,RTH1-L26,RSH1-L12,RSH1-L12,SH <> TH,SH key = TH key
764,764,823,保,保,v.,safeguard,safeguard,bǎo,bǎo,to defend/to protect/to insure or guarantee/to maintain/hold or keep/to guard,bao3,0.09%,266,1,185,199,RTH1-L26,RTH1-L26,RSH1-L26,RSH1-L26,SH = TH,SH key = TH key
769,769,828,代,代,,substitute for,substitute for,dài,dài,substitute/replace/generation/dynasty/geological era/era/age/period,dai4,0.12%,174,1,186,200,RTH1-L26,RTH1-L26,RSH1-L26,RSH1-L26,SH = TH,SH key = TH key
771,771,830,化,化,,transform,transform,huà,huà|huā,to make into/to change into/-ization/to ... -ize/to transform,hua4,0.12%,178,1,187,201,RTH1-L26,RTH1-L26,RSH1-L26,RSH1-L26,SH = TH,SH key = TH key
774,774,835,何,何,,whatwhichwhowherewhy?,whatwhichwhowherewhy?,hé,hé,carry/what/how/why/which,he2,0.10%,229,1,188,202,RTH1-L26,RTH1-L26,RSH1-L26,RSH1-L26,SH = TH,SH key = TH key
775,775,836,便,便,,convenient,convenient,biàn,biàn|pián,"ordinary/plain/convenient/handy/easy/then/so/thus/to relieve oneself, advantageous/cheap",bian4/pian2,0.08%,271,1,189,203,RTH1-L26,RTH1-L26,RSH1-L26,RSH1-L26,SH = TH,SH key = TH key
777,777,838,使,使,v.,use,use,shǐ,shǐ,to make/to cause/to enable/to use/to employ/messenger,shi3,0.16%,119,1,190,204,RTH1-L26,RTH1-L26,RSH1-L26,RSH1-L26,SH = TH,SH key = TH key
789,789,783,來,来,,come,come,lái,lái,to come,lai2,0.56%,15,1,191,184,RTH1-L26,RTH1-L26,RSH1-L25,RSH1-L25,SH <> TH,SH key = TH key
793,793,853,任,任,,appoint,appoint,rèn,rèn|Rén,to assign/to appoint/office/responsibility,ren4,0.11%,186,1,192,207,RTH1-L27,RTH1-L27,RSH1-L27,RSH1-L27,SH = TH,SH key = TH key
796,796,861,以,以,,by means of,by means of,yǐ,yǐ,to use/according to/so as to/in order to/by/with/because/Israel (abbrev.),yi3,0.47%,23,1,193,210,RTH1-L27,RTH1-L27,RSH1-L27,RSH1-L27,SH = TH,SH key = TH key
798,798,863,併,并,v.,combine,combine,bìng,bìng,"and/furthermore/(not) at all/simultaneously/also/together with/to combine/to join/to merge, amalgamate/combine, and/also/together with",bing4,0.15%,141,1,194,211,RTH1-L27,RTH1-L27,RSH1-L27,RSH1-L27,SH <> TH,SH key = TH key
806,806,871,年,年,,year,year,nián,nián,year,nian2,0.31%,45,1,195,212,RTH1-L27,RTH1-L27,RSH1-L27,RSH1-L27,SH = TH,SH key = TH key
817,817,879,物,物,,thing,thing,wù,wù,thing/object/matter,wu4,0.15%,142,1,196,213,RTH1-L28,RTH1-L28,RSH1-L28,RSH1-L28,SH = TH,SH key = TH key
835,835,901,社,社,,society,society,shè,shè,society/group,she4,0.08%,270,1,197,214,RTH1-L29,RTH1-L29,RSH1-L29,RSH1-L29,SH = TH,SH key = TH key
845,845,913,由,由,n.,wherefore,wherefore,yóu,yóu,follow/from/it is for...to/reason/cause/because of/due to/by/to/to leave it (to sb),you2,0.15%,136,1,198,215,RTH1-L29,RTH1-L29,RSH1-L29,RSH1-L29,SH = TH,SH key = TH key
852,852,920,神,神,,gods,gods,shén,shén,God/unusual/mysterious/soul/spirit/divine essence/lively/spiritual being,shen2,0.10%,227,1,199,216,RTH1-L29,RTH1-L29,RSH1-L29,RSH1-L29,SH = TH,SH key = TH key
853,853,921,果,果,,fruit,fruit,guǒ,guǒ,fruit/result,guo3,0.13%,165,1,200,217,RTH1-L29,RTH1-L29,RSH1-L29,RSH1-L29,SH = TH,SH key = TH key
857,857,926,所,所,n.,place,place,suǒ,suǒ,actually/place,suo3,0.27%,54,1,201,219,RTH1-L30,RTH1-L30,RSH1-L30,RSH1-L30,SH = TH,SH key = TH key
868,868,940,作,作,,do,do,zuò,zuò|zuō|zuó,to regard as/to take (somebody) for/to do/to make,zuo4,0.28%,49,1,202,220,RTH1-L30,RTH1-L30,RSH1-L30,RSH1-L30,SH = TH,SH key = TH key
878,878,953,事,事,,matter,matter,shì,shì,matter/thing/item/work/affair,shi4,0.26%,58,1,203,222,RTH1-L30,RTH1-L30,RSH1-L30,RSH1-L30,SH = TH,SH key = TH key
887,887,962,而,而,,and,and,ér,ér,and/as well as/but (not)/yet (not)/(shows causal relation)/(shows change of state)/(shows contrast),er2,0.34%,36,1,204,223,RTH1-L30,RTH1-L30,RSH1-L30,RSH1-L30,SH = TH,SH key = TH key
895,895,970,科,科,,academic discipline,academic discipline,kē,kē,"branch of study/administrative section/division/field/branch/stage directions/family (taxonomy)/rules/laws/to mete out (punishment)/to levy (taxes, etc.)/to fine somebody",ke1,0.08%,277,1,205,224,RTH1-L30,RTH1-L30,RSH1-L30,RSH1-L30,SH = TH,SH key = TH key
896,896,971,用,用,,utilize,utilize,yòng,yòng,to use,yong4,0.28%,51,1,206,225,RTH1-L30,RTH1-L30,RSH1-L30,RSH1-L30,SH = TH,SH key = TH key
905,905,980,度,度,,degrees,degrees,dù,dù|duó,capacity/degree/standard,du4,0.11%,184,1,207,226,RTH1-L31,RTH1-L31,RSH1-L31,RSH1-L31,SH = TH,SH key = TH key
920,920,244,將,将,,General,General,jiàng,jiāng|jiàng|qiāng,"(will, shall, ""future tense"")/ready/prepared/to get/to use, a general",jiang1/jiang4,0.15%,132,1,208,62,RTH1-L31,RTH1-L31,RSH1-L11,RSH1-L11,SH <> TH,SH key = TH key
921,921,990,之,之,,of,of,zhī,zhī,(literary equivalent of 的)/(subor. part.)/him/her/it,zhi1,0.32%,44,1,209,227,RTH1-L31,RTH1-L31,RSH1-L31,RSH1-L31,SH = TH,SH key = TH key
924,924,993,不,不,,no,no,bù,bù|bu,(negative prefix)/not/no,bu4/bu2,1.16%,4,1,210,228,RTH1-L31,RTH1-L31,RSH1-L31,RSH1-L31,SH = TH,SH key = TH key
929,929,1002,知,知,,know,know,zhī,zhī|zhì,to know/to be aware,zhi1,0.16%,123,1,211,230,RTH1-L32,RTH1-L32,RSH1-L32,RSH1-L32,SH = TH,SH key = TH key
934,934,752,務,务,,tasks,tasks,wù,wù,affair/business/matter,wu4,0.09%,245,1,212,177,RTH1-L32,RTH1-L32,RSH1-L24,RSH1-L24,SH <> TH,SH key = TH key
943,943,1018,強,强,,strong,strong,qiáng,qiáng|jiàng|qiǎng,strength/force/power/powerful/better,qiang2,0.08%,292,1,213,231,RTH1-L32,RTH1-L32,RSH1-L32,RSH1-L32,SH <> TH,SH key = TH key
949,949,1025,第,第,,No.,No.,dì,dì,"(prefix before a number, for ordering numbers, e.g. ""first"", ""number two"", etc)",di4,0.17%,114,1,214,232,RTH1-L32,RTH1-L32,RSH1-L32,RSH1-L32,SH = TH,SH key = TH key
951,951,1028,身,身,,somebody,somebody,shēn,shēn,body/torso/person/life/status/pregnancy/(a measure word used for clothes) suit,shen1,0.13%,164,1,215,233,RTH1-L33,RTH1-L33,RSH1-L33,RSH1-L33,SH = TH,SH key = TH key
954,954,1031,老,老,,old man,old man,lǎo,lǎo,(a prefix used before the surname of a person or a numeral indicating the order of birth of the children in a family to indicate affection or familiarity)/old (of people),lao3,0.12%,179,1,216,234,RTH1-L33,RTH1-L33,RSH1-L33,RSH1-L33,SH = TH,SH key = TH key
958,958,1038,教,教,,teach,teach,jiāo,jiāo|jiào,"teach, religion/teaching",jiao1/jiao4,0.11%,191,1,217,236,RTH1-L33,RTH1-L33,RSH1-L33,RSH1-L33,SH = TH,SH key = TH key
959,959,1039,者,者,,someone,someone,zhě,zhě,"-ist, -er (person)/person (who does sth)",zhe3,0.19%,103,1,218,237,RTH1-L33,RTH1-L33,RSH1-L33,RSH1-L33,SH = TH,SH key = TH key
960,960,536,著,着,,-ing,-ing,zhe,zhe|zháo|zhāo|zhuó|zhù,"catch/receive/suffer, part. indicates the successful result of a verb/to touch/to come in contact with/to feel/to be affected by/to catch fire/to fall asleep/to burn, -ing part. (indicates an action in progress)/part. coverb-forming after some verbs, to make known/to show/to prove/to write/book/outstanding, to wear (clothes)/to contact/to use/to apply",zhao1/zhao2/zhe/zhu4/zhuo2,0.32%,41,1,219,124,RTH1-L33,RTH1-L33,RSH1-L20,RSH1-L20,SH <> TH,SH key = TH key
967,967,1044,管,管,,pipe,pipe,guǎn,guǎn,to take care (of)/to control/to manage/to be in charge of/to look after/to run/tube/pipe,guan3,0.09%,252,1,220,238,RTH1-L33,RTH1-L33,RSH1-L33,RSH1-L33,SH = TH,SH key = TH key
980,980,291,過,过,v.,cross,cross,guò,guò|guo,(experienced action marker)/to cross/to go over/to pass (time)/to celebrate (a holiday)/to live/to get along/(surname)/excessively/too-,guo4,0.31%,46,1,221,77,RTH1-L33,RTH1-L33,RSH1-L13,RSH1-L13,SH <> TH,SH key = TH key
992,992,1069,隊,队,,team,team,duì,duì,squadron/team/group,dui4,0.08%,268,1,222,239,RTH1-L34,RTH1-L34,RSH1-L34,RSH1-L34,SH <> TH,SH key = TH key
998,998,1075,空,空,,empty,empty,kōng,kōng|kòng,"air/sky/empty/in vain, emptied/leisure",kong1/kong4,0.08%,272,1,223,240,RTH1-L34,RTH1-L34,RSH1-L34,RSH1-L34,SH = TH,SH key = TH key
1010,1010,1085,統,统,,continuum,continuum,tǒng,tǒng,to gather/to unite/to unify/whole,tong3,0.09%,264,1,224,241,RTH1-L35,RTH1-L35,RSH1-L35,RSH1-L35,SH <> TH,SH key = TH key
1011,1011,1086,給,给,,give,give,gěi,gěi|jǐ,"to/for/for the benefit of/to give/to allow/to do sth (for sb)/(passive particle), to supply/provide",gei3/ji3,0.11%,180,1,225,242,RTH1-L35,RTH1-L35,RSH1-L35,RSH1-L35,SH <> TH,SH key = TH key
1012,1012,1087,結,结,v.,tie,tie,jié,jié|jiē,knot/sturdy/to bear (fruit)/bond/to tie/to bind,jie1/jie2,0.09%,236,1,226,243,RTH1-L35,RTH1-L35,RSH1-L35,RSH1-L35,SH <> TH,SH key = TH key
1026,1026,1495,變,变,v.,change,change,biàn,biàn,to change/to become different/to transform/to vary/rebellion,bian4,0.10%,225,1,227,307,RTH1-L35,RTH1-L35,RSH1-L55,RSH1-L55,SH <> TH,SH key = TH key
1027,1027,1096,經,经,,scripture,scripture,jīng,jīng,classics/sacred book/pass through/to undergo/scripture,jing1,0.25%,62,1,228,244,RTH1-L35,RTH1-L35,RSH1-L35,RSH1-L35,SH <> TH,SH key = TH key
1029,1029,659,後,后,,behind,behind,hòu,hòu,"empress/queen/surname, back/behind/rear/afterwards/after/later",hou4,0.30%,48,1,229,154,RTH1-L35,RTH1-L35,RSH1-L22,RSH1-L22,SH <> TH,SH key = TH key
1030,1030,57,幾,几,,how many?,how many?,jǐ,jǐ|jī,"small table, almost, a few/how many, how much/how many/several/a few",ji1/ji3,0.10%,211,1,230,23,RTH1-L35,RTH1-L35,RSH1-L04,RSH1-L04,SH <> TH,SH key = TH key
1031,1031,206,機,机,,machine,machine,jī,jī,machine/opportunity/secret,ji1,0.18%,111,1,231,59,RTH1-L35,RTH1-L35,RSH1-L10,RSH1-L10,SH <> TH,SH key = TH key
1038,1038,670,麼,么,,(suffix),(suffix),me,me|má|mó,"(interrog. part.), (interrog. suff.), one on dice/small",ma/me/yao1,0.25%,63,1,232,156,RTH1-L35,RTH1-L35,RSH1-L22,RSH1-L22,SH <> TH,SH key = TH key
1039,1039,1101,系,系,,lineage,lineage,xì,xì|jì,"be/connection/relation/tie up/bind, be/system/to tie/department/faculty, connect/to tie",xi4,0.10%,216,1,233,245,RTH1-L35,RTH1-L35,RSH1-L35,RSH1-L35,SH = TH,SH key = TH key
1042,1042,1103,卻,却,,withdraw,withdraw,què,què,but/yet/however/while/to go back/to decline/to retreat/nevertheless,que4,0.08%,287,1,234,246,RTH1-L36,RTH1-L36,RSH1-L36,RSH1-L36,SH <> TH,SH key = TH key
1045,1045,1107,命,命,,fate,fate,mìng,mìng,life/fate,ming4,0.09%,258,1,235,248,RTH1-L36,RTH1-L36,RSH1-L36,RSH1-L36,SH = TH,SH key = TH key
1054,1054,1119,通,通,,communicate,communicate,tōng,tōng|tòng,go through/know well/to connect/to communicate/open,tong1,0.11%,190,1,236,249,RTH1-L36,RTH1-L36,RSH1-L36,RSH1-L36,SH = TH,SH key = TH key
1067,1067,856,頭,头,n.,head,head,tóu,tóu|tou,"head, suff. for nouns",tou2/tou,0.14%,147,1,237,208,RTH1-L37,RTH1-L37,RSH1-L27,RSH1-L27,SH <> TH,SH key = TH key
1070,1070,813,體,体,,body,body,tǐ,tǐ|tī,body/form/style/system,ti3,0.14%,149,1,238,197,RTH1-L37,RTH1-L37,RSH1-L26,RSH1-L26,SH <> TH,SH key = TH key
1085,1085,1146,很,很,,very,very,hěn,hěn,very/extremely,hen3,0.15%,138,1,239,250,RTH1-L37,RTH1-L37,RSH1-L37,RSH1-L37,SH = TH,SH key = TH key
1087,1087,1148,即,即,,immediately,immediately,jí,jí,namely/right away/to approach/to draw near,ji2,0.08%,293,1,240,251,RTH1-L37,RTH1-L37,RSH1-L37,RSH1-L37,SH = TH,SH key = TH key
1092,1092,1152,眼,眼,,eyelet,eyelet,yǎn,yǎn,eye,yan3,0.08%,281,1,241,252,RTH1-L37,RTH1-L37,RSH1-L37,RSH1-L37,SH = TH,SH key = TH key
1103,1103,1162,平,平,adj.,even,even,píng,píng,flat/level/equal/to make the same score/to tie/to draw/calm/peaceful,ping2,0.10%,215,1,242,253,RTH1-L38,RTH1-L38,RSH1-L38,RSH1-L38,SH = TH,SH key = TH key
1110,1110,337,學,学,v.,study,study,xué,xué,learn/study/science/-ology,xue2,0.24%,66,1,243,86,RTH1-L38,RTH1-L38,RSH1-L15,RSH1-L15,SH <> TH,SH key = TH key
1123,1123,1191,新,新,,new,new,xīn,xīn,meso- (chem.)/new/newly,xin1,0.13%,161,1,244,255,RTH1-L38,RTH1-L38,RSH1-L38,RSH1-L38,SH = TH,SH key = TH key
1129,1129,1106,報,报,,newspaper,newspaper,bào,bào,to announce/to inform/report/newspaper/recompense/revenge,bao4,0.09%,234,1,245,247,RTH1-L38,RTH1-L38,RSH1-L36,RSH1-L36,SH <> TH,SH key = TH key
1154,1154,1213,情,情,,feelings,feelings,qíng,qíng,feeling/emotion/passion/situation,qing2,0.16%,120,1,246,256,RTH1-L39,RTH1-L39,RSH1-L39,RSH1-L39,SH = TH,SH key = TH key
1161,1161,1219,表,表,n.,surface,surface,biǎo,biǎo,surface/exterior/to watch/to show/express/an example/a list or table/a meter/a watch/chart/external,biao3,0.12%,177,1,247,257,RTH1-L39,RTH1-L39,RSH1-L39,RSH1-L39,SH = TH,SH key = TH key
1163,1163,1220,生,生,,life,life,shēng,shēng,to be born/to give birth/life/to grow,sheng1,0.35%,34,1,248,258,RTH1-L39,RTH1-L39,RSH1-L39,RSH1-L39,SH = TH,SH key = TH key
1166,1166,1223,性,性,,sex,sex,xìng,xìng,sex/nature/surname/suffix corresponding to -ness or -ity,xing4,0.16%,122,1,249,259,RTH1-L39,RTH1-L39,RSH1-L39,RSH1-L39,SH = TH,SH key = TH key
1179,1179,644,難,难,,difficult,difficult,nán,nán|nàn,"difficult (to...)/problem/difficulty/difficult/not good, disaster/distress/to scold",nan2/nan4,0.07%,295,1,250,151,RTH1-L39,RTH1-L39,RSH1-L22,RSH1-L22,SH <> TH,SH key = TH key
1191,1191,1255,西,西,,west,west,xī,xī,west,xi1,0.13%,167,1,251,261,RTH1-L40,RTH1-L40,RSH1-L40,RSH1-L40,SH = TH,SH key = TH key
1192,1192,1256,要,要,v.,want,want,yào,yào|yāo,"demand/ask/request/coerce, important/vital/to want/to be going to/must",yao1/yao4,0.42%,26,1,252,262,RTH1-L40,RTH1-L40,RSH1-L40,RSH1-L40,SH = TH,SH key = TH key
1201,1201,1262,門,门,,gate,gate,mén,mén,opening/door/gate/doorway/gateway/valve/switch/way to do something/knack/family/house/(religious) sect/school (of thought)/class/category/phylum or division (taxonomy),men2,0.11%,185,1,253,263,RTH1-L41,RTH1-L41,RSH1-L41,RSH1-L41,SH <> TH,SH key = TH key
1202,1202,1263,們,们,,(plural),(plural),men,men,(plural marker for pronouns and a few animate nouns),men,0.61%,13,1,254,264,RTH1-L41,RTH1-L41,RSH1-L41,RSH1-L41,SH <> TH,SH key = TH key
1204,1204,1265,問,问,,ask,ask,wèn,wèn,to ask,wen4,0.15%,137,1,255,265,RTH1-L41,RTH1-L41,RSH1-L41,RSH1-L41,SH <> TH,SH key = TH key
1205,1205,1266,間,间,,interval,interval,jiàn,jiān|jiàn|gān,"between/among/space/(measure word), interstice/separate",jian1/jian4,0.15%,135,1,256,266,RTH1-L41,RTH1-L41,RSH1-L41,RSH1-L41,SH <> TH,SH key = TH key
1207,1207,613,開,开,v.,open,open,kāi,kāi,open/operate (vehicle)/start,kai1,0.20%,94,1,257,144,RTH1-L41,RTH1-L41,RSH1-L22,RSH1-L22,SH <> TH,SH key = TH key
1212,1212,1269,非,非,,non-,non-,fēi,fēi,non-/not-/un-,fei1,0.08%,283,1,258,267,RTH1-L41,RTH1-L41,RSH1-L41,RSH1-L41,SH = TH,SH key = TH key
1218,1218,1275,決,决,,decide,decide,jué,jué,breach (a dyke)/to decide/to determine,jue2,0.08%,273,1,259,269,RTH1-L41,RTH1-L41,RSH1-L41,RSH1-L41,SH <> TH,SH key = TH key
5,5,5,五,五,,five,five,wǔ,wǔ,five/5,wu3,0.08%,279,1,260,268,RTH1-L01,RTH1-L01,RSH1-L01,RSH1-L01,SH = TH,SH key = TH key
1230,1230,1283,于,于,,Yu,Yu,yú,yú|Yú,"(surname), in/at/to/from/by/than/out of",yu2,0.33%,40,1,261,270,RTH1-L42,RTH1-L42,RSH1-L42,RSH1-L42,SH = TH,SH key = TH key
1242,1242,1292,重,重,,heavy,heavy,zhòng,zhòng|chóng,"to double/to repeat/repetition/iteration/again/a layer, heavy/serious",chong2/zhong4,0.15%,140,1,262,271,RTH1-L42,RTH1-L42,RSH1-L42,RSH1-L42,SH = TH,SH key = TH key
1244,1244,735,動,动,v.,move,move,dòng,dòng,to use/to act/to move/to change,dong4,0.22%,73,1,263,173,RTH1-L42,RTH1-L42,RSH1-L24,RSH1-L24,SH <> TH,SH key = TH key
1245,1245,766,種,种,,species,species,zhǒng,zhǒng|zhòng,"kind/type/race/breed/seed/species (taxonomy), to plant/to cultivate",zhong3/zhong4,0.26%,57,1,264,182,RTH1-L42,RTH1-L42,RSH1-L25,RSH1-L25,SH <> TH,SH key = TH key
1251,1251,1297,區,区,,region,region,qū,qū|Ōu,"Ou (surname), area/region/district/small/distinguish",ou1/qu1,0.09%,265,1,265,272,RTH1-L43,RTH1-L43,RSH1-L43,RSH1-L43,SH <> TH,SH key = TH key
1260,1260,1304,發,发,,send out,send out,fā,fā,"to send out/to show (one's feeling)/to issue/to develop, hair",fa1/fa4,0.30%,47,1,266,273,RTH1-L43,RTH1-L43,RSH1-L43,RSH1-L43,SH <> TH,SH key = TH key
1262,1262,1306,形,形,n.,shape,shape,xíng,xíng,to appear/to look/form/shape,xing2,0.08%,269,1,267,274,RTH1-L44,RTH1-L44,RSH1-L44,RSH1-L44,SH = TH,SH key = TH key
1270,1270,1317,文,文,,literature,literature,wén,wén,language/culture/writing/formal/literary,wen2,0.14%,148,1,268,276,RTH1-L44,RTH1-L44,RSH1-L44,RSH1-L44,SH = TH,SH key = TH key
1274,1274,1314,產,产,,products,products,chǎn,chǎn,to reproduce/to produce/give birth/products/produce/resources/estate/property,chan3,0.14%,159,1,269,275,RTH1-L44,RTH1-L44,RSH1-L44,RSH1-L44,SH <> TH,SH key = TH key
1280,1280,1329,把,把,v.,grasp,grasp,bǎ,bǎ|bà,"(a measure word)/(marker for direct-object)/to hold/to contain/to grasp/to take hold of, handle",ba3/ba4,0.18%,110,1,270,278,RTH1-L44,RTH1-L44,RSH1-L44,RSH1-L44,SH = TH,SH key = TH key
1287,1287,1337,其,其,,his-hers-its-theirs,his-hers-its-theirs,qí,qí|jī,his/her/its/theirs/that/such/it (refers to sth preceding it),qi2,0.21%,85,1,271,279,RTH1-L45,RTH1-L45,RSH1-L45,RSH1-L45,SH = TH,SH key = TH key
1288,1288,1338,期,期,,period of time,period of time,qī,qī|jī,"a period of time/phase/stage/(used for issue of a periodical, courses of study)/time/term/period/to hope",qi1,0.09%,253,1,272,280,RTH1-L45,RTH1-L45,RSH1-L45,RSH1-L45,SH = TH,SH key = TH key
1289,1289,1339,基,基,n.,base,base,jī,jī,base/foundation/basic/radical (chem.),ji1,0.08%,280,1,273,281,RTH1-L45,RTH1-L45,RSH1-L45,RSH1-L45,SH = TH,SH key = TH key
1290,1290,1341,斯,斯,,Sphinx,Sphinx,sī,sī,(phonetic)/this,si1,0.12%,168,1,274,282,RTH1-L45,RTH1-L45,RSH1-L45,RSH1-L45,SH = TH,SH key = TH key
1295,1295,611,無,无,,nothing,nothing,wú,wú|mó,-less/not to have/no/none/not/to lack/un-,wu2,0.19%,105,1,275,143,RTH1-L45,RTH1-L45,RSH1-L22,RSH1-L22,SH <> TH,SH key = TH key
1297,1297,1345,且,且,,moreover,moreover,qiě,qiě,further/moreover,qie3,0.07%,296,1,276,283,RTH1-L45,RTH1-L45,RSH1-L46,RSH1-L46,SH = TH,SH key = TH key
1304,1304,1351,業,业,,profession,profession,yè,yè,business/occupation/study,ye4,0.15%,130,1,277,284,RTH1-L46,RTH1-L46,RSH1-L46,RSH1-L46,SH <> TH,SH key = TH key
1305,1305,642,對,对,,that's right,that's right,duì,duì,couple/pair/to be opposite/to oppose/to face/for/to/correct (answer)/to answer/to reply/to direct (towards sth)/right,dui4,0.36%,33,1,278,150,RTH1-L46,RTH1-L46,RSH1-L22,RSH1-L22,SH <> TH,SH key = TH key
1316,1316,1364,解,解,,untie,untie,jiě,jiě|jiè|xiè,"to separate/to divide/to break up/to loosen/to explain/to untie/to emancipate, transport under guard, (surname)",jie3/jie4/xie4,0.10%,201,1,279,286,RTH1-L47,RTH1-L47,RSH1-L47,RSH1-L47,SH = TH,SH key = TH key
1318,1318,1366,再,再,,once more,once more,zài,zài,again/once more/re-/second/another,zai4,0.09%,242,1,280,287,RTH1-L47,RTH1-L47,RSH1-L47,RSH1-L47,SH = TH,SH key = TH key
1325,1325,465,論,论,,theory,theory,lùn,lùn|lún,"the Analects (of Confucius), by the/per/discuss/theory/to talk (about)/to discuss",lun2/lun4,0.10%,205,1,281,107,RTH1-L47,RTH1-L47,RSH1-L18,RSH1-L18,SH <> TH,SH key = TH key
1334,1334,1377,民,民,,people,people,mín,mín,the people/nationality/citizen,min2,0.17%,113,1,282,288,RTH1-L48,RTH1-L48,RSH1-L48,RSH1-L48,SH = TH,SH key = TH key
1340,1340,1383,都,都,,metropolis,metropolis,dū,dōu,"all/both (if two things are involved)/entirely (due to)each/even/already, (surname)/metropolis/capital city",dou1/du1,0.23%,68,1,283,289,RTH1-L48,RTH1-L48,RSH1-L48,RSH1-L48,SH = TH,SH key = TH key
1341,1341,1384,部,部,,department,department,bù,bù,"ministry/department/section/part/division/troops/board/(a measure word)/(a measure word for works of literature, films, machines, etc.)",bu4,0.21%,84,1,284,290,RTH1-L48,RTH1-L48,RSH1-L48,RSH1-L48,SH = TH,SH key = TH key
1348,1348,1391,司,司,,take charge of,take charge of,sī,sī,company/control,si1,0.08%,278,1,285,291,RTH1-L49,RTH1-L49,RSH1-L49,RSH1-L49,SH = TH,SH key = TH key
1360,1360,1404,氣,气,n.,air,air,qì,qì,"air/anger/gas, gas/air/smell/weather/vital breath/to make sb. angry/to get angry/to be enraged",qi4,0.10%,217,1,286,293,RTH1-L50,RTH1-L50,RSH1-L50,RSH1-L50,SH <> TH,SH key = TH key
1363,1363,1406,面,面,,face-to-face,face-to-face,miàn,miàn,"fade/side/surface/aspect/top/face/flour/noodles, flour/noodles",mian4,0.22%,74,1,287,294,RTH1-L50,RTH1-L50,RSH1-L50,RSH1-L50,SH = TH,SH key = TH key
1368,1368,1411,聲,声,n.,voice,voice,shēng,shēng,"sound/voice/(a measure word, used for sounds)/tone/noise",sheng1,0.11%,195,1,288,295,RTH1-L50,RTH1-L50,RSH1-L50,RSH1-L50,SH <> TH,SH key = TH key
1385,1385,746,為,为,v.,act,act,wèi,wèi|wéi,"act as/take...to be/to be/to do/to serve as/to become, because of/for/to",wei2/wei4,0.54%,18,1,289,175,RTH1-L51,RTH1-L51,RSH1-L24,RSH1-L24,SH <> TH,SH key = TH key
1387,1387,1428,長,长,,long,long,cháng,cháng|zhǎng,"length/long/forever/always/constantly, chief/head/elder/to grow/to develop",chang2/zhang3,0.18%,109,1,290,297,RTH1-L51,RTH1-L51,RSH1-L51,RSH1-L51,SH <> TH,SH key = TH key
1392,1392,1426,展,展,,unfold,unfold,zhǎn,zhǎn,to use/to spread out/to postpone/to unfold,zhan3,0.08%,275,1,291,296,RTH1-L51,RTH1-L51,RSH1-L51,RSH1-L51,SH = TH,SH key = TH key
1395,1395,1432,應,应,,ought to,ought to,yīng,yīng|yìng,"ought, (surname)/to answer/to respond",ying1/ying4,0.15%,144,1,292,298,RTH1-L52,RTH1-L52,RSH1-L52,RSH1-L52,SH <> TH,SH key = TH key
1413,1413,1451,象,象,,elephant,elephant,xiàng,xiàng,shape/form/appearance/elephant/image under a map (math.),xiang4,0.07%,300,1,293,299,RTH1-L52,RTH1-L52,RSH1-L52,RSH1-L52,SH = TH,SH key = TH key
1414,1414,1452,像,像,,likeness,likeness,xiàng,xiàng,(look) like/similar (to)/appearance/to appear/to seem/image/portrait/resemble/seem,xiang4,0.08%,294,1,294,300,RTH1-L52,RTH1-L52,RSH1-L52,RSH1-L52,SH = TH,SH key = TH key
1415,1415,1453,馬,马,,horse,horse,mǎ,mǎ,horse/horse chess piece/Surname,ma3,0.08%,276,1,295,301,RTH1-L53,RTH1-L53,RSH1-L53,RSH1-L53,SH <> TH,SH key = TH key
1424,1424,308,處,处,,location,location,chù,chù|chǔ,"to reside/to live/to dwell/to be in/to stay/get along with/to be in a position of/deal with, a place/location/spot/point/office/department/bureau/respect",chu3/chu4,0.10%,206,1,296,80,RTH1-L53,RTH1-L53,RSH1-L13,RSH1-L13,SH <> TH,SH key = TH key
1432,1432,1464,能,能,,ability,ability,néng,néng,can/may/capable/energy/able,neng2,0.34%,35,1,297,302,RTH1-L53,RTH1-L53,RSH1-L53,RSH1-L53,SH = TH,SH key = TH key
1446,1446,56,兒,儿,,youngster,youngster,ér,ér|r,"son, non-syllabic dimi. suff.",er2/er,0.11%,192,1,298,21,RTH1-L55,RTH1-L55,RSH1-L04,RSH1-L04,SH <> TH,SH key = TH key
1450,1450,1478,兩,两,,dos,dos,liǎng,liǎng,both/two/ounce/some/a few/tael,liang3,0.15%,133,1,299,305,RTH1-L55,RTH1-L55,RSH1-L55,RSH1-L55,SH <> TH,SH key = TH key
1453,1453,798,爾,尔,,you (literary),you (literary),ěr,ěr,thus/so/like that/you/thou,er3,0.10%,220,1,300,189,RTH1-L55,RTH1-L55,RSH1-L26,RSH1-L26,SH <> TH,SH key = TH key
1457,1457,1469,關,关,v.,shut,shut,guān,guān,(surname)/mountain pass/to close/to shut/to turn off/to concern/to involve,guan1,0.16%,127,1,301,303,RTH1-L55,RTH1-L55,RSH1-L54,RSH1-L54,SH <> TH,SH key = TH key
1458,1458,1476,那,那,,that,that,nà,nà,"how/which, that/those, that/those/(sometimes used before a measure word, especially in Beijing)",na3/na4/nei4,0.33%,38,1,302,304,RTH1-L55,RTH1-L55,RSH1-L55,RSH1-L55,SH = TH,SH key = TH key
1464,1464,1034,與,与,v.,offer,offer,yǔ,yǔ|yù|yú,"(interrog. part.), and/to give/together with, take part in",yu2/yu3/yu4,0.18%,108,1,303,235,RTH1-L55,RTH1-L55,RSH1-L33,RSH1-L33,SH <> TH,SH key = TH key
1476,1476,566,總,总,adj.,general,general,zǒng,zǒng,always/to assemble/gather/total/overall/head/chief/general/in every case,zong3,0.10%,228,1,304,130,RTH1-L55,RTH1-L55,RSH1-L21,RSH1-L21,SH <> TH,SH key = TH key
1479,1479,784,數,数,n.,number,number,shù,shù|shǔ|shuò,"to count, number/figure/to count/to calculate/several, frequently/repeatedly",shu3/shu4/shuo4,0.09%,231,1,305,185,RTH1-L55,RTH1-L55,RSH1-L25,RSH1-L25,SH <> TH,SH key = TH key
1485,1485,846,從,从,,follow,follow,cóng,cóng|zòng|cōng,"lax/yielding/unhurried, from/obey/observe/follow, second cousin",cong1/cong2/zong4,0.19%,98,1,306,206,RTH1-L55,RTH1-L55,RSH1-L26,RSH1-L26,SH <> TH,SH key = TH key
16,16,16,古,古,,ancient,ancient,gǔ,gǔ,ancient/old,gu3,0.04%,509,2,307,308,RTH1-L02,RTH1-L02,RSH1-L02,RSH1-L02,SH = TH,SH key = TH key
23,23,24,品,品,,goods,goods,pǐn,pǐn,conduct/grade/thing/product/good,pin3,0.07%,308,2,308,309,RTH1-L02,RTH1-L02,RSH1-L02,RSH1-L02,SH = TH,SH key = TH key
25,25,26,早,早,,early,early,zǎo,zǎo,early/morning,zao3,0.05%,462,2,309,310,RTH1-L02,RTH1-L02,RSH1-L02,RSH1-L02,SH = TH,SH key = TH key
48,48,49,朝,朝,,dynasty,dynasty,cháo,cháo|zhāo,"to face/towards/facing/direct/a dynasty/the imperial court/(abbr.) Korea, esp. N. Korea, morning",chao2/zhao1,0.04%,593,2,310,311,RTH1-L03,RTH1-L03,RSH1-L03,RSH1-L03,SH = TH,SH key = TH key
56,56,59,元,元,,beginning,beginning,yuán,yuán,(dynasty)/dollar/primary/first,yuan2,0.06%,370,2,311,312,RTH1-L04,RTH1-L04,RSH1-L04,RSH1-L04,SH = TH,SH key = TH key
67,67,71,首,首,,heads,heads,shǒu,shǒu,head/chief/first (occasion)/first (thing)/measure word for poems,shou3,0.04%,481,2,312,313,RTH1-L04,RTH1-L04,RSH1-L04,RSH1-L04,SH = TH,SH key = TH key
70,70,74,具,具,,tool,tool,jù,jù,tool/device/utensil/equipment/instrument,ju4,0.06%,391,2,313,314,RTH1-L05,RTH1-L05,RSH1-L05,RSH1-L05,SH = TH,SH key = TH key
78,78,82,項,项,,item,item,xiàng,xiàng,(surname)/back of neck/item/thing,xiang4,0.04%,571,2,314,315,RTH1-L05,RTH1-L05,RSH1-L05,RSH1-L05,SH <> TH,SH key = TH key
81,81,85,切,切,v.,cut,cut,qiē,qiē|qiè,"to cut/to slice, close to",qie1/qie4,0.07%,337,2,315,316,RTH1-L05,RTH1-L05,RSH1-L05,RSH1-L05,SH = TH,SH key = TH key
99,99,105,母,母,,mother,mother,mǔ,mǔ,female/mother,mu3,0.04%,565,2,316,318,RTH1-L06,RTH1-L06,RSH1-L06,RSH1-L06,SH = TH,SH key = TH key
110,110,117,夠,够,,enough,enough,gòu,gòu,to reach/to be enough,gou4,0.04%,538,2,317,319,RTH1-L07,RTH1-L07,RSH1-L07,RSH1-L07,SH <> TH,SH key = TH key
114,114,125,石,石,,stone,stone,shí,shí|dàn,"10 pecks, rock/stone",dan4/shi2,0.05%,414,2,318,321,RTH1-L07,RTH1-L07,RSH1-L07,RSH1-L07,SH = TH,SH key = TH key
122,122,133,奇,奇,,strange,strange,qí,qí|jī,"odd (Num), strange/odd/weird/wonderful",ji1/qi2,0.04%,563,2,319,322,RTH1-L07,RTH1-L07,RSH1-L07,RSH1-L07,SH = TH,SH key = TH key
128,128,140,求,求,v.,request,request,qiú,qiú,to seek/to look for/to request/to demand/to beseech,qiu2,0.07%,312,2,320,323,RTH1-L08,RTH1-L08,RSH1-L08,RSH1-L08,SH = TH,SH key = TH key
131,131,571,願,愿,n.,wish,wish,yuàn,yuàn,"sincere/willing, hope/wish/desire/ready/willing",yuan4,0.04%,598,2,321,402,RTH1-L08,RTH1-L08,RSH1-L21,RSH1-L21,SH <> TH,SH key = TH key
137,137,147,江,江,,Yangtze,Yangtze,jiāng,jiāng,river,jiang1,0.04%,577,2,322,324,RTH1-L08,RTH1-L08,RSH1-L08,RSH1-L08,SH = TH,SH key = TH key
142,142,152,消,消,,extinguish,extinguish,xiāo,xiāo,consume/news/subside/to disappear/to vanish,xiao1,0.05%,439,2,323,325,RTH1-L08,RTH1-L08,RSH1-L08,RSH1-L08,SH = TH,SH key = TH key
143,143,431,況,况,,situation,situation,kuàng,kuàng,moreover/situation,kuang4,0.05%,419,2,324,378,RTH1-L08,RTH1-L08,RSH1-L18,RSH1-L18,SH <> TH,SH key = TH key
144,144,153,河,河,,river,river,hé,hé,river,he2,0.04%,574,2,325,326,RTH1-L08,RTH1-L08,RSH1-L08,RSH1-L08,SH = TH,SH key = TH key
147,147,158,土,土,n.,soil,soil,tǔ,tǔ,earth/dust,tu3,0.04%,515,2,326,327,RTH1-L08,RTH1-L08,RSH1-L08,RSH1-L08,SH = TH,SH key = TH key
157,157,170,火,火,n.,fire,fire,huǒ,huǒ,fire,huo3,0.05%,433,2,327,328,RTH1-L08,RTH1-L08,RSH1-L08,RSH1-L08,SH = TH,SH key = TH key
163,163,178,照,照,,illuminate,illuminate,zhào,zhào,according to/in accordance with/to shine/to illuminate/to reflect/photograph,zhao4,0.05%,443,2,328,329,RTH1-L08,RTH1-L08,RSH1-L08,RSH1-L08,SH = TH,SH key = TH key
172,172,182,黑,黑,,black,black,hēi,hēi,black/dark,hei1,0.04%,519,2,329,330,RTH1-L09,RTH1-L09,RSH1-L09,RSH1-L09,SH = TH,SH key = TH key
180,180,191,字,字,,character,character,zì,zì,letter/symbol/character/word,zi4,0.06%,393,2,330,332,RTH1-L09,RTH1-L09,RSH1-L09,RSH1-L09,SH = TH,SH key = TH key
182,182,193,完,完,v.,finish,finish,wán,wán,to finish/to be over/whole/complete/entire,wan2,0.07%,301,2,331,333,RTH1-L09,RTH1-L09,RSH1-L09,RSH1-L09,SH = TH,SH key = TH key
192,192,203,林,林,,woods,woods,lín,lín,woods/forest,lin2,0.06%,364,2,332,334,RTH1-L10,RTH1-L10,RSH1-L10,RSH1-L10,SH = TH,SH key = TH key
201,201,214,案,案,,case,case,àn,àn,(legal) case/incident/record/file/table,an4,0.04%,518,2,333,335,RTH1-L10,RTH1-L10,RSH1-L10,RSH1-L10,SH = TH,SH key = TH key
202,202,215,未,未,,not yet,not yet,wèi,wèi,1-3 p.m./8th earthly branch/not yet/did not/have not/not,wei4,0.06%,385,2,334,336,RTH1-L10,RTH1-L10,RSH1-L10,RSH1-L10,SH = TH,SH key = TH key
207,207,220,查,查,,investigate,investigate,chá,chá|Zhā,"to research/to check/to investigate/to examine/to refer to/to search, (surname)",cha2/zha1,0.05%,459,2,335,337,RTH1-L10,RTH1-L10,RSH1-L10,RSH1-L10,SH = TH,SH key = TH key
210,210,223,李,李,,plum,plum,lǐ,lǐ,(a surname)/plum,li3,0.04%,472,2,336,338,RTH1-L10,RTH1-L10,RSH1-L10,RSH1-L10,SH = TH,SH key = TH key
230,230,249,器,器,,utensil,utensil,qì,qì,device/tool/utensil,qi4,0.05%,441,2,337,339,RTH1-L11,RTH1-L11,RSH1-L11,RSH1-L11,SH = TH,SH key = TH key
237,237,254,告,告,,declare,declare,gào,gào|gù,to tell/to inform/to say,gao4,0.07%,310,2,338,340,RTH1-L11,RTH1-L11,RSH1-L11,RSH1-L11,SH = TH,SH key = TH key
260,260,278,注,注,,pour,pour,zhù,zhù,"to inject/to pour into/to concentrate/to pay attention/to note/to comment on/to record/to register/to annotate, annotate",zhu4,0.04%,492,2,339,341,RTH1-L12,RTH1-L12,RSH1-L12,RSH1-L12,SH = TH,SH key = TH key
269,269,522,導,导,v.,guide,guide,dǎo,dǎo,to transmit/to lead/to guide/to conduct/to direct,dao3,0.06%,343,2,340,395,RTH1-L13,RTH1-L13,RSH1-L20,RSH1-L20,SH <> TH,SH key = TH key
271,271,294,造,造,,create,create,zào,zào,to make/to build/to invent/to manufacture,zao4,0.06%,354,2,341,343,RTH1-L13,RTH1-L13,RSH1-L13,RSH1-L13,SH = TH,SH key = TH key
274,274,300,車,车,,car,car,chē,chē|jū,"car/a vehicle/machine/to shape with a lathe, vehicle on land",che1/ju1,0.06%,361,2,342,345,RTH1-L13,RTH1-L13,RSH1-L13,RSH1-L13,SH <> TH,SH key = TH key
275,275,301,連,连,,one after another,one after another,lián,lián,(surname)/even/as/join/to link/successively,lian2,0.06%,399,2,343,346,RTH1-L13,RTH1-L13,RSH1-L13,RSH1-L13,SH <> TH,SH key = TH key
282,282,310,格,格,,pattern,pattern,gé,gé|gē,frame/rule,ge2,0.07%,325,2,344,347,RTH1-L13,RTH1-L13,RSH1-L13,RSH1-L13,SH = TH,SH key = TH key
283,283,312,客,客,,guest,guest,kè,kè,customer/visitor/guest,ke4,0.04%,583,2,345,348,RTH1-L13,RTH1-L13,RSH1-L13,RSH1-L13,SH = TH,SH key = TH key
287,287,316,落,落,v.,fall,fall,luò,luò|là|lào|luō,"leave behind, alight/to fall/to drop (behind)",la4/luo4,0.04%,496,2,346,349,RTH1-L13,RTH1-L13,RSH1-L13,RSH1-L13,SH = TH,SH key = TH key
292,292,429,運,运,,carry,carry,yùn,yùn,to move/to transport/to use/to apply/fortune/luck/fate,yun4,0.06%,345,2,347,377,RTH1-L14,RTH1-L14,RSH1-L18,RSH1-L18,SH <> TH,SH key = TH key
301,301,330,京,京,,capital,capital,jīng,jīng,capital/Beijing (abbrev.),jing1,0.04%,566,2,348,351,RTH1-L14,RTH1-L14,RSH1-L14,RSH1-L14,SH = TH,SH key = TH key
305,305,333,周,周,,circumference,circumference,zhōu,zhōu,"(surname)/complete/encircle/circuit/lap/week/cycle/all/every/attentive/thoughtful, bestow alms, cycle/week",zhou1,0.04%,490,2,349,352,RTH1-L14,RTH1-L14,RSH1-L14,RSH1-L14,SH = TH,SH key = TH key
307,307,334,士,士,,soldier,soldier,shì,shì,scholar/warrior/knight,shi4,0.06%,372,2,350,353,RTH1-L14,RTH1-L14,RSH1-L14,RSH1-L14,SH = TH,SH key = TH key
313,313,363,劃,划,v.,scratch,scratch,huà,huá|huà,"to row, to delimit/to transfer/to assign/to differentiate/to mark off/to draw (a line)/to delete/stroke of a Chinese character",hua2/hua4,0.04%,522,2,351,364,RTH1-L15,RTH1-L15,RSH1-L16,RSH1-L16,SH <> TH,SH key = TH key
314,314,339,攻,攻,v.,attack,attack,gōng,gōng,to attack/to accuse/to study,gong1,0.04%,588,2,352,355,RTH1-L15,RTH1-L15,RSH1-L15,RSH1-L15,SH = TH,SH key = TH key
316,316,342,故,故,,deliberately,deliberately,gù,gù,happening/instance/reason/cause/deceased/old,gu4,0.04%,572,2,353,357,RTH1-L15,RTH1-L15,RSH1-L15,RSH1-L15,SH = TH,SH key = TH key
320,320,346,言,言,,say,say,yán,yán,to speak/to say/talk/word,yan2,0.06%,355,2,354,358,RTH1-L15,RTH1-L15,RSH1-L15,RSH1-L15,SH = TH,SH key = TH key
330,330,357,調,调,n.,tune,tune,diào,diào|tiáo,"mode (music)/to move (troops)/tune/tone/melody/to transfer, harmonize/reconcile/blend/suit well/provoke/incite",diao4/tiao2,0.06%,400,2,355,361,RTH1-L15,RTH1-L15,RSH1-L15,RSH1-L15,SH <> TH,SH key = TH key
331,331,358,談,谈,,discuss,discuss,tán,tán,to speak/to talk/to converse/to chat/to discuss/(surname),tan2,0.04%,474,2,356,362,RTH1-L15,RTH1-L15,RSH1-L15,RSH1-L15,SH <> TH,SH key = TH key
333,333,359,式,式,n.,style,style,shì,shì,type/form/pattern/style,shi4,0.07%,303,2,357,363,RTH1-L16,RTH1-L16,RSH1-L16,RSH1-L16,SH = TH,SH key = TH key
342,342,369,城,城,,city,city,chéng,chéng,city walls/city/town,cheng2,0.05%,413,2,358,365,RTH1-L16,RTH1-L16,RSH1-L16,RSH1-L16,SH = TH,SH key = TH key
348,348,1020,單,单,n.,list,list,dān,dān|chán|Shàn,"chieftain, bill/list/form/single/only/sole, (surname)",chan2/dan1/shan4,0.06%,389,2,359,495,RTH1-L16,RTH1-L16,RSH1-L32,RSH1-L32,SH <> TH,SH key = TH key
353,353,379,止,止,v.,stop,stop,zhǐ,zhǐ,to stop/toe,zhi3,0.04%,596,2,360,366,RTH1-L17,RTH1-L17,RSH1-L17,RSH1-L17,SH = TH,SH key = TH key
354,354,380,步,步,,footstep,footstep,bù,bù,a step/a pace/walk/march/stages in a process,bu4,0.06%,349,2,361,367,RTH1-L17,RTH1-L17,RSH1-L17,RSH1-L17,SH = TH,SH key = TH key
358,358,384,企,企,,look forward to,look forward to,qǐ,qǐ,plan a project/stand on tiptoe,qi3,0.05%,450,2,362,368,RTH1-L17,RTH1-L17,RSH1-L17,RSH1-L17,SH = TH,SH key = TH key
360,360,385,武,武,adj.,military,military,wǔ,wǔ,martial/military,wu3,0.04%,501,2,363,369,RTH1-L17,RTH1-L17,RSH1-L17,RSH1-L17,SH = TH,SH key = TH key
367,367,393,越,越,,surpass,surpass,yuè,yuè,to exceed/to climb over/to surpass/the more ... the more,yue4,0.05%,440,2,364,371,RTH1-L17,RTH1-L17,RSH1-L17,RSH1-L17,SH = TH,SH key = TH key
379,379,289,遠,远,,distant,distant,yuǎn,yuǎn,far/distant/remote,yuan3,0.06%,386,2,365,342,RTH1-L18,RTH1-L18,RSH1-L13,RSH1-L13,SH <> TH,SH key = TH key
383,383,414,布,布,,cloth,cloth,bù,bù,"diffuse/extend/notify, to declare/to announce/to spread/to make known/spread/(cotton) cloth",bu4,0.06%,380,2,366,375,RTH1-L18,RTH1-L18,RSH1-L18,RSH1-L18,SH = TH,SH key = TH key
390,390,421,帶,带,,sash,sash,dài,dài,band/belt/girdle/ribbon/area/zone/region/wear/carry/lead/bring/consists of/show/and,dai4,0.06%,342,2,367,376,RTH1-L18,RTH1-L18,RSH1-L18,RSH1-L18,SH <> TH,SH key = TH key
410,410,446,站,站,n.,station,station,zhàn,zhàn,station/to stand/to halt/to stop,zhan4,0.04%,544,2,368,379,RTH1-L18,RTH1-L18,RSH1-L18,RSH1-L18,SH = TH,SH key = TH key
411,411,447,章,章,,chapter,chapter,zhāng,zhāng,(surname)/chapter/seal/section,zhang1,0.04%,539,2,369,380,RTH1-L18,RTH1-L18,RSH1-L18,RSH1-L18,SH = TH,SH key = TH key
416,416,451,商,商,,salesman,salesman,shāng,shāng,commerce/consult,shang1,0.05%,402,2,370,381,RTH1-L18,RTH1-L18,RSH1-L18,RSH1-L18,SH = TH,SH key = TH key
418,418,340,敵,敌,,enemy,enemy,dí,dí,enemy/match,di2,0.04%,523,2,371,356,RTH1-L18,RTH1-L18,RSH1-L15,RSH1-L15,SH <> TH,SH key = TH key
420,420,454,北,北,,north,north,běi,běi,north,bei3,0.07%,315,2,372,382,RTH1-L18,RTH1-L18,RSH1-L18,RSH1-L18,SH = TH,SH key = TH key
431,431,467,每,每,,every,every,měi,měi,each/every,mei3,0.06%,359,2,373,383,RTH1-L18,RTH1-L18,RSH1-L18,RSH1-L18,SH = TH,SH key = TH key
435,435,471,吃,吃,,eat,eat,chī,chī,"eat/eradicate/destroy/receive, eat, stammer",chi1/ji2,0.04%,475,2,374,384,RTH1-L18,RTH1-L18,RSH1-L18,RSH1-L18,SH = TH,SH key = TH key
436,436,1279,乾,干,adj.,dry,dry,gān,gān|qián,"dry/to concern/shield, to work/to do/to manage, manage/stem",gan1/gan4,0.06%,353,2,375,566,RTH1-L18,RTH1-L18,RSH1-L42,RSH1-L42,SH <> TH,SH key = TH key
437,437,472,複,复,v.,duplicate,duplicate,fù,fù,"again/recover/reply to a letter/to repeat/to duplicate, repeat, double, overlap",fu4,0.05%,426,2,376,385,RTH1-L18,RTH1-L18,RSH1-L18,RSH1-L18,SH <> TH,SH key = TH key
449,449,484,音,音,n.,sound,sound,yīn,yīn,sound/noise/news,yin1,0.04%,540,2,377,386,RTH1-L19,RTH1-L19,RSH1-L19,RSH1-L19,SH = TH,SH key = TH key
452,452,353,識,识,,knowledge,knowledge,shí,shí|zhì,"to know/knowledge, to record/write a footnote",shi2/zhi4,0.06%,340,2,378,360,RTH1-L19,RTH1-L19,RSH1-L15,RSH1-L15,SH <> TH,SH key = TH key
456,456,489,境,境,,boundary,boundary,jìng,jìng,border/place/condition/boundary/circumstances/territory,jing4,0.04%,582,2,379,387,RTH1-L19,RTH1-L19,RSH1-L19,RSH1-L19,SH = TH,SH key = TH key
460,460,493,望,望,,expect,expect,wàng,wàng,hope/expect/to visit/to gaze (into the distance)/look towards/towards,wang4,0.07%,326,2,380,388,RTH1-L19,RTH1-L19,RSH1-L19,RSH1-L19,SH = TH,SH key = TH key
470,470,502,曾,曾,,formerly,formerly,céng,céng|zēng,"(refers to something that happened previously)/already/at some time in the past/before/once, (surname)/great-grand (father)",ceng2/zeng1,0.05%,463,2,381,389,RTH1-L19,RTH1-L19,RSH1-L19,RSH1-L19,SH = TH,SH key = TH key
471,471,503,增,增,v.,increase,increase,zēng,zēng,to increase/to expand/to add,zeng1,0.05%,446,2,382,390,RTH1-L19,RTH1-L19,RSH1-L19,RSH1-L19,SH = TH,SH key = TH key
483,483,1170,風,风,n.,wind,wind,fēng,fēng,wind/news/style/custom/manner,feng1,0.06%,348,2,383,538,RTH1-L20,RTH1-L20,RSH1-L38,RSH1-L38,SH <> TH,SH key = TH key
486,486,517,改,改,,alter,alter,gǎi,gǎi,to change/to alter/to transform/to correct,gai3,0.06%,350,2,384,392,RTH1-L20,RTH1-L20,RSH1-L20,RSH1-L20,SH = TH,SH key = TH key
487,487,518,記,记,,remember,remember,jì,jì,to remember/to note/mark/sign/to record,ji4,0.07%,306,2,385,393,RTH1-L20,RTH1-L20,RSH1-L20,RSH1-L20,SH <> TH,SH key = TH key
489,489,520,包,包,v.,wrap,wrap,bāo,bāo,to cover/to wrap/to hold/to include/to take charge of/package/wrapper/container/bag/to hold or embrace/bundle/packet/to contract (to or for),bao1,0.05%,454,2,386,394,RTH1-L20,RTH1-L20,RSH1-L20,RSH1-L20,SH = TH,SH key = TH key
502,502,538,集,集,,gather,gather,jí,jí,to gather/to collect/collected works,ji2,0.05%,406,2,387,396,RTH1-L20,RTH1-L20,RSH1-L20,RSH1-L20,SH = TH,SH key = TH key
504,504,539,準,准,n.,standard,standard,zhǔn,zhǔn,"to allow/to grant/to permit/accurate/standard, accurate/standard",zhun3,0.06%,379,2,388,397,RTH1-L20,RTH1-L20,RSH1-L20,RSH1-L20,SH <> TH,SH key = TH key
507,507,512,雖,虽,,although,although,suī,suī,although/even though,sui1,0.04%,504,2,389,391,RTH1-L20,RTH1-L20,RSH1-L20,RSH1-L20,SH <> TH,SH key = TH key
508,508,972,確,确,,reliable,reliable,què,què,"authenticated/solid/firm, authenticated/solid/firm/real/true",que4,0.07%,331,2,390,490,RTH1-L20,RTH1-L20,RSH1-L30,RSH1-L30,SH <> TH,SH key = TH key
522,522,555,圖,图,n.,picture,picture,tú,tú,diagram/to plan/picture/drawing/chart,tu2,0.04%,476,2,391,398,RTH1-L21,RTH1-L21,RSH1-L21,RSH1-L21,SH <> TH,SH key = TH key
533,533,568,志,志,,aspiration,aspiration,zhì,zhì,"the will, sign/mark/to record/write a footnote",zhi4,0.04%,542,2,392,401,RTH1-L21,RTH1-L21,RSH1-L21,RSH1-L21,SH = TH,SH key = TH key
538,538,574,息,息,,breath,breath,xī,xī,news/interest/breath/rest,xi1,0.05%,428,2,393,403,RTH1-L21,RTH1-L21,RSH1-L21,RSH1-L21,SH = TH,SH key = TH key
553,553,1183,議,议,v.,deliberate,deliberate,yì,yì,criticize/discuss,yi4,0.06%,368,2,394,540,RTH1-L22,RTH1-L22,RSH1-L38,RSH1-L38,SH <> TH,SH key = TH key
557,557,591,批,批,,criticize,criticize,pī,pī,"to ascertain/(measure word for batches, lots)/to act on/to criticize/to pass on",pi1,0.04%,569,2,395,404,RTH1-L22,RTH1-L22,RSH1-L22,RSH1-L22,SH = TH,SH key = TH key
561,561,595,持,持,v.,support,support,chí,chí,to grasp/to hold/support/manage/direct/maintain,chi2,0.06%,357,2,396,405,RTH1-L22,RTH1-L22,RSH1-L22,RSH1-L22,SH = TH,SH key = TH key
565,565,600,推,推,,push,push,tuī,tuī,push/refuse (responsibility)/shove,tui1,0.04%,505,2,397,406,RTH1-L22,RTH1-L22,RSH1-L22,RSH1-L22,SH = TH,SH key = TH key
568,568,606,按,按,,press down on,press down on,àn,àn,to press (with the hand)/to push/to control/to restrain/to check/pressing down (brush movement in painting)/according to/in the light of,an4,0.04%,573,2,398,407,RTH1-L22,RTH1-L22,RSH1-L22,RSH1-L22,SH = TH,SH key = TH key
570,570,608,拉,拉,,pull,pull,lā,lā|lá|lǎ|là,to pull/to play (string instruments)/to drag/to draw,la1,0.07%,324,2,399,408,RTH1-L22,RTH1-L22,RSH1-L22,RSH1-L22,SH = TH,SH key = TH key
572,572,610,找,找,,look for,look for,zhǎo,zhǎo,to try to find/to look for/to call on (sb)/to find/to seek/to return/to look for,zhao3,0.05%,466,2,400,409,RTH1-L22,RTH1-L22,RSH1-L22,RSH1-L22,SH = TH,SH key = TH key
573,573,614,研,研,v.,grind away,grind away,yán,yán,grind fine/study/research,yan2,0.05%,447,2,401,410,RTH1-L22,RTH1-L22,RSH1-L22,RSH1-L22,SH = TH,SH key = TH key
577,577,619,型,型,v.,mold,mold,xíng,xíng,model,xing2,0.04%,556,2,402,411,RTH1-L22,RTH1-L22,RSH1-L22,RSH1-L22,SH = TH,SH key = TH key
580,580,623,存,存,v.,deposit,deposit,cún,cún,exist/deposit/store/keep/survive,cun2,0.06%,384,2,403,413,RTH1-L22,RTH1-L22,RSH1-L22,RSH1-L22,SH = TH,SH key = TH key
586,586,630,史,史,,history,history,shǐ,shǐ,history,shi3,0.05%,456,2,404,415,RTH1-L22,RTH1-L22,RSH1-L22,RSH1-L22,SH = TH,SH key = TH key
590,590,635,友,友,,friend,friend,yǒu,yǒu,friend,you3,0.04%,594,2,405,416,RTH1-L22,RTH1-L22,RSH1-L22,RSH1-L22,SH = TH,SH key = TH key
591,591,636,雙,双,,pair,pair,shuāng,shuāng,two/double/pair/both,shuang1,0.04%,581,2,406,417,RTH1-L22,RTH1-L22,RSH1-L22,RSH1-L22,SH <> TH,SH key = TH key
593,593,899,護,护,,protect,protect,hù,hù,protect,hu4,0.04%,529,2,407,476,RTH1-L22,RTH1-L22,RSH1-L28,RSH1-L28,SH <> TH,SH key = TH key
595,595,639,觀,观,,observe,observe,guān,guān|guàn,"to look at/to watch/to observe/to behold, Taoist monastery",guan1/guan4,0.07%,334,2,408,418,RTH1-L22,RTH1-L22,RSH1-L22,RSH1-L22,SH <> TH,SH key = TH key
597,597,646,投,投,v.,throw,throw,tóu,tóu,to throw/to send,tou2,0.04%,516,2,409,419,RTH1-L22,RTH1-L22,RSH1-L22,RSH1-L22,SH = TH,SH key = TH key
599,599,648,設,设,v.,establish,establish,shè,shè,to set up/to arrange/to establish/to found/to display,she4,0.07%,302,2,410,420,RTH1-L22,RTH1-L22,RSH1-L22,RSH1-L22,SH <> TH,SH key = TH key
601,601,650,支,支,,offshoot,offshoot,zhī,zhī,(a measure word)/to support/to sustain/to erect/to raise/branch/division/to draw money,zhi1,0.05%,437,2,411,421,RTH1-L22,RTH1-L22,RSH1-L22,RSH1-L22,SH = TH,SH key = TH key
602,602,651,技,技,,skill,skill,jì,jì,skill,ji4,0.05%,422,2,412,422,RTH1-L22,RTH1-L22,RSH1-L22,RSH1-L22,SH = TH,SH key = TH key
610,610,661,派,派,,faction,faction,pài,pài|pā,clique/school/group/faction/to dispatch,pai4,0.04%,532,2,413,424,RTH1-L22,RTH1-L22,RSH1-L22,RSH1-L22,SH = TH,SH key = TH key
615,615,665,採,采,v.,pick,pick,cǎi,cǎi,"to pick/to pluck/to collect/to select/to choose/to gather, affairs/gather, allotment to a feudal noble",cai3/cai4,0.04%,585,2,414,425,RTH1-L22,RTH1-L22,RSH1-L22,RSH1-L22,SH <> TH,SH key = TH key
619,619,669,愛,爱,n./v.,love,love,ài,ài,to love/affection/to be fond of/to like,ai4,0.06%,394,2,415,426,RTH1-L22,RTH1-L22,RSH1-L22,RSH1-L22,SH <> TH,SH key = TH key
621,621,672,台,台,,platform,platform,tái,tái|tāi,"surname/(classical) you (in letters)/platform/Taiwan (abbr.), desk/platform, (measure word)/platform/stage/terrace/stand/support/desk/station/broadcasting station, typhoon",tai2,0.06%,388,2,416,427,RTH1-L22,RTH1-L22,RSH1-L22,RSH1-L22,SH = TH,SH key = TH key
623,623,674,始,始,,commence,commence,shǐ,shǐ,begin,shi3,0.06%,381,2,417,428,RTH1-L22,RTH1-L22,RSH1-L22,RSH1-L22,SH = TH,SH key = TH key
632,632,684,流,流,v.,flow,flow,liú,liú,to flow/to spread/to circulate/to move,liu2,0.06%,396,2,418,429,RTH1-L22,RTH1-L22,RSH1-L22,RSH1-L22,SH = TH,SH key = TH key
1872,1872,1916,致,致,,bring about,bring about,zhì,zhì,"fine and close, to send/to devote/to deliver/to cause/to convey",zhi4,0.04%,524,2,419,431,RTH2-L22,RTH1-L22,RSH2-L22,RSH1-L22,SH = TH,SH key = TH key
636,636,1236,擊,击,v.,beat,beat,jī,jī,to hit/to strike/to break,ji1,0.06%,395,2,420,555,RTH1-L23,RTH1-L23,RSH1-L39,RSH1-L39,SH <> TH,SH key = TH key
637,637,692,密,密,adj.,secret,secret,mì,mì,secret/confidential/close/thick/dense,mi4,0.04%,591,2,421,432,RTH1-L23,RTH1-L23,RSH1-L23,RSH1-L23,SH = TH,SH key = TH key
649,649,701,容,容,,contain,contain,róng,róng,to hold/to contain/to allow/appearance/look/countenance,rong2,0.05%,442,2,422,433,RTH1-L23,RTH1-L23,RSH1-L23,RSH1-L23,SH = TH,SH key = TH key
653,653,704,黨,党,,political party,political party,dǎng,dǎng,"party, party/association/club/society",dang3,0.05%,411,2,423,434,RTH1-L24,RTH1-L24,RSH1-L24,RSH1-L24,SH <> TH,SH key = TH key
662,662,713,列,列,,line up,line up,liè,liè,to arrange/to line up/row/file/series,lie4,0.04%,500,2,424,435,RTH1-L24,RTH1-L24,RSH1-L24,RSH1-L24,SH = TH,SH key = TH key
664,664,715,死,死,,death,death,sǐ,sǐ,to die/inpassable/uncrossable/inflexible/rigid,si3,0.07%,317,2,425,436,RTH1-L24,RTH1-L24,RSH1-L24,RSH1-L24,SH = TH,SH key = TH key
667,667,718,取,取,,take,take,qǔ,qǔ,to take/to get/to choose/to fetch,qu3,0.07%,323,2,426,437,RTH1-L24,RTH1-L24,RSH1-L24,RSH1-L24,SH = TH,SH key = TH key
673,673,1355,嚴,严,,strict,strict,yán,yán,(air or water) tight/stern/serious/strict/severe,yan2,0.04%,545,2,427,584,RTH1-L24,RTH1-L24,RSH1-L46,RSH1-L46,SH <> TH,SH key = TH key
679,679,726,夫,夫,,husband,husband,fū,fū|fú,"porter, husband/man",fu1,0.06%,377,2,428,438,RTH1-L24,RTH1-L24,RSH1-L24,RSH1-L24,SH = TH,SH key = TH key
680,680,727,規,规,,regulations,regulations,guī,guī,compass/rule,gui1,0.07%,321,2,429,439,RTH1-L24,RTH1-L24,RSH1-L24,RSH1-L24,SH <> TH,SH key = TH key
682,682,729,失,失,,lose,lose,shī,shī,to lose/to miss/to fail,shi1,0.06%,375,2,430,440,RTH1-L24,RTH1-L24,RSH1-L24,RSH1-L24,SH = TH,SH key = TH key
688,688,738,另,另,,another,another,lìng,lìng,other/another/separate/separately,ling4,0.04%,489,2,431,443,RTH1-L24,RTH1-L24,RSH1-L24,RSH1-L24,SH = TH,SH key = TH key
692,692,742,功,功,,achievement,achievement,gōng,gōng,merit/achievement/result/service/accomplishment,gong1,0.05%,452,2,432,444,RTH1-L24,RTH1-L24,RSH1-L24,RSH1-L24,SH = TH,SH key = TH key
700,700,755,律,律,,law,law,lǜ,lǜ,law,lu:4/lv4,0.04%,526,2,433,447,RTH1-L24,RTH1-L24,RSH1-L24,RSH1-L24,SH = TH,SH key = TH key
704,704,758,往,往,,toward,toward,wǎng,wǎng,"to go (in a direction)/past/previous/towards, toward/(of a train) bound for",wang3/wang4,0.06%,369,2,434,448,RTH1-L24,RTH1-L24,RSH1-L24,RSH1-L24,SH = TH,SH key = TH key
711,711,763,程,程,n.,journey,journey,chéng,chéng,rule/order/regulations/formula/journey/procedure/sequence/a surname,cheng2,0.07%,314,2,435,449,RTH1-L25,RTH1-L25,RSH1-L25,RSH1-L25,SH = TH,SH key = TH key
719,719,774,委,委,,committee,committee,wěi,wěi|wēi,"crooked, give up/indeed/to commission",wei1/wei3,0.05%,457,2,436,450,RTH1-L25,RTH1-L25,RSH1-L25,RSH1-L25,SH = TH,SH key = TH key
723,723,737,歷,历,n./v.,experience,experience,lì,lì,"calendar, to experience/to undergo/to pass through/all/each/every/calendar",li4,0.04%,480,2,437,600,RTH1-L25,RTH1-L25,,,SH <> TH,SH key = TH key
724,724,778,米,米,,rice,rice,mǐ,mǐ,(measure word) meter/rice,mi3,0.04%,575,2,438,451,RTH1-L25,RTH1-L25,RSH1-L25,RSH1-L25,SH = TH,SH key = TH key
727,727,782,類,类,n.,kind,kind,lèi,lèi,kind/type/class/category/similar/like/to resemble,lei4,0.07%,311,2,439,452,RTH1-L25,RTH1-L25,RSH1-L25,RSH1-L25,SH <> TH,SH key = TH key
729,729,787,笑,笑,v.,laugh,laugh,xiào,xiào,laugh/smile,xiao4,0.06%,346,2,440,453,RTH1-L25,RTH1-L25,RSH1-L25,RSH1-L25,SH = TH,SH key = TH key
733,733,790,算,算,,calculate,calculate,suàn,suàn,regard as/to figure/to calculate/to compute,suan4,0.05%,403,2,441,454,RTH1-L25,RTH1-L25,RSH1-L25,RSH1-L25,SH = TH,SH key = TH key
734,734,791,答,答,v.,answer,answer,dá,dá|dā,"to answer/agree, reply/answer/return/respond/echo",da1/da2,0.04%,559,2,442,455,RTH1-L25,RTH1-L25,RSH1-L25,RSH1-L25,SH = TH,SH key = TH key
1946,1946,745,蘇,苏,,revive,revive,sū,Sū,"loquacious/nag, revive, (plant)/place name/revive",su1,0.04%,590,2,443,446,RTH2-L25,RTH1-L25,RSH1-L24,RSH1-L24,SH <> TH,SH key = TH key
745,745,803,值,值,n.,value,value,zhí,zhí,value/(to be) worth/to happen,zhi2,0.04%,600,2,444,458,RTH1-L26,RTH1-L26,RSH1-L26,RSH1-L26,SH = TH,SH key = TH key
748,748,806,住,住,,dwell,dwell,zhù,zhù,to live/to dwell/to reside/to stop,zhu4,0.07%,309,2,445,459,RTH1-L26,RTH1-L26,RSH1-L26,RSH1-L26,SH = TH,SH key = TH key
755,755,815,依,依,,depend on,depend on,yī,yī,according to/depend on/near to,yi1,0.04%,568,2,446,461,RTH1-L26,RTH1-L26,RSH1-L26,RSH1-L26,SH = TH,SH key = TH key
756,756,816,例,例,,example,example,lì,lì,example/precedent/rule/case/instance,li4,0.04%,547,2,447,462,RTH1-L26,RTH1-L26,RSH1-L26,RSH1-L26,SH = TH,SH key = TH key
767,767,826,府,府,,government office,government office,fǔ,fǔ,prefecture/mansion,fu3,0.05%,417,2,448,463,RTH1-L26,RTH1-L26,RSH1-L26,RSH1-L26,SH = TH,SH key = TH key
772,772,833,花,花,n.,flower,flower,huā,huā,"flower/blossom/to spend (money, time)/fancy pattern",hua1,0.05%,410,2,449,465,RTH1-L26,RTH1-L26,RSH1-L26,RSH1-L26,SH = TH,SH key = TH key
784,784,847,眾,众,,multitude,multitude,zhòng,zhòng,multitude,zhong4,0.04%,510,2,450,466,RTH1-L26,RTH1-L26,RSH1-L26,RSH1-L26,SH <> TH,SH key = TH key
797,797,862,似,似,,similar,similar,sì,sì|shì,to seem/to appear/similar/like/to resemble,si4,0.05%,431,2,451,467,RTH1-L27,RTH1-L27,RSH1-L27,RSH1-L27,SH = TH,SH key = TH key
804,804,869,營,营,n.,camp,camp,yíng,yíng,army/to deal in/to trade/to operate/to run/camp/nourishment/to manage,ying2,0.04%,536,2,452,468,RTH1-L27,RTH1-L27,RSH1-L27,RSH1-L27,SH <> TH,SH key = TH key
812,812,875,施,施,,execute,execute,shī,shī,(surname)/distribute (alms)/to do/to execute/to carry out,shi1,0.04%,553,2,453,469,RTH1-L28,RTH1-L28,RSH1-L28,RSH1-L28,SH = TH,SH key = TH key
818,818,880,易,易,,easy,easy,yì,yì,(surname)/change/easy/simple,yi4,0.05%,461,2,454,470,RTH1-L28,RTH1-L28,RSH1-L28,RSH1-L28,SH = TH,SH key = TH key
822,822,884,呢,呢,,woolen cloth,woolen cloth,ní,ne|ní,"(question particle), woolen material",ne/ni2,0.06%,383,2,455,471,RTH1-L28,RTH1-L28,RSH1-L28,RSH1-L28,SH = TH,SH key = TH key
829,829,893,局,局,,bureau,bureau,jú,jú,"narrow, (a measure word used for games) set or round office/situation/office",ju2,0.04%,483,2,456,473,RTH1-L28,RTH1-L28,RSH1-L28,RSH1-L28,SH = TH,SH key = TH key
831,831,897,房,房,,domicile,domicile,fáng,fáng,house,fang2,0.04%,512,2,457,475,RTH1-L28,RTH1-L28,RSH1-L28,RSH1-L28,SH = TH,SH key = TH key
834,834,900,示,示,v.,show,show,shì,shì,to show/reveal,shi4,0.05%,425,2,458,477,RTH1-L29,RTH1-L29,RSH1-L29,RSH1-L29,SH = TH,SH key = TH key
836,836,903,視,视,,inspect,inspect,shì,shì,to look at/to regard/to inspect,shi4,0.05%,438,2,459,478,RTH1-L29,RTH1-L29,RSH1-L29,RSH1-L29,SH <> TH,SH key = TH key
843,843,911,察,察,,scrutinize,scrutinize,chá,chá,examine/inquire/observe/inspect/look into/to examine,cha2,0.04%,564,2,460,480,RTH1-L29,RTH1-L29,RSH1-L29,RSH1-L29,SH = TH,SH key = TH key
858,858,927,近,近,,near,near,jìn,jìn,near/close (to)/approximately,jin4,0.06%,374,2,461,481,RTH1-L30,RTH1-L30,RSH1-L30,RSH1-L30,SH = TH,SH key = TH key
862,862,660,質,质,n.,quality,quality,zhì,zhì,hostage/substance/nature/quality,zhi4,0.05%,404,2,462,423,RTH1-L30,RTH1-L30,RSH1-L22,RSH1-L22,SH <> TH,SH key = TH key
864,864,936,訴,诉,,accuse,accuse,sù,sù,complain/sue/tell,su4,0.04%,595,2,463,483,RTH1-L30,RTH1-L30,RSH1-L30,RSH1-L30,SH <> TH,SH key = TH key
866,866,938,怎,怎,,how?,how?,zěn,zěn,how,zen3,0.06%,382,2,464,484,RTH1-L30,RTH1-L30,RSH1-L30,RSH1-L30,SH = TH,SH key = TH key
876,876,951,爭,争,,contend,contend,zhēng,zhēng,struggle/fight,zheng1,0.06%,344,2,465,485,RTH1-L30,RTH1-L30,RSH1-L30,RSH1-L30,SH <> TH,SH key = TH key
886,886,961,群,群,n.,crowd,crowd,qún,qún,crowd/flock/group,qun2,0.04%,570,2,466,486,RTH1-L30,RTH1-L30,RSH1-L30,RSH1-L30,SH = TH,SH key = TH key
888,888,963,需,需,v.,need,need,xū,xū,to require/to need/to want/necessity/need,xu1,0.05%,408,2,467,487,RTH1-L30,RTH1-L30,RSH1-L30,RSH1-L30,SH = TH,SH key = TH key
893,893,968,斗,斗,,big dipper,big dipper,dǒu,dòu|dǒu,"Chinese peck, to fight/to battle/to struggle/to incite, fight/incite",dou3/dou4,0.04%,580,2,468,488,RTH1-L30,RTH1-L30,RSH1-L30,RSH1-L30,SH = TH,SH key = TH key
894,894,969,料,料,n.,material,material,liào,liào,material/stuff/grain/feed/to expect/to anticipate/to guess,liao4,0.04%,557,2,469,489,RTH1-L30,RTH1-L30,RSH1-L30,RSH1-L30,SH = TH,SH key = TH key
902,902,317,備,备,,prepare,prepare,bèi,bèi,to prepare/get ready/to provide or equip,bei4,0.06%,397,2,470,350,RTH1-L31,RTH1-L31,RSH1-L13,RSH1-L13,SH <> TH,SH key = TH key
907,907,982,半,半,n./adj.,half,half,bàn,bàn,half/semi-/incomplete/(after a number) and a half/half,ban4,0.04%,513,2,471,491,RTH1-L31,RTH1-L31,RSH1-L31,RSH1-L31,SH = TH,SH key = TH key
914,914,988,片,片,n.,slice,slice,piàn,piàn|piān,"disc/sheet, a slice/piece/flake/thin/slice",pian1/pian4,0.05%,455,2,472,492,RTH1-L31,RTH1-L31,RSH1-L31,RSH1-L31,SH = TH,SH key = TH key
919,919,402,裝,装,n.,attire,attire,zhuāng,zhuāng,adornment/adorn/costume/dress/clothing,zhuang1,0.05%,467,2,473,372,RTH1-L31,RTH1-L31,RSH1-L18,RSH1-L18,SH <> TH,SH key = TH key
928,928,1001,族,族,,tribe,tribe,zú,zú,race/nationality/ethnicity/clan,zu2,0.04%,549,2,474,493,RTH1-L32,RTH1-L32,RSH1-L32,RSH1-L32,SH = TH,SH key = TH key
942,942,1016,引,引,v.,draw,draw,yǐn,yǐn,to lead/to divert (water)/to guide,yin3,0.04%,479,2,475,494,RTH1-L32,RTH1-L32,RSH1-L32,RSH1-L32,SH = TH,SH key = TH key
947,947,1022,費,费,,expense,expense,fèi,fèi,to cost/to spend/fee/wasteful/expenses/(surname),fei4,0.04%,486,2,476,496,RTH1-L32,RTH1-L32,RSH1-L32,RSH1-L32,SH <> TH,SH key = TH key
955,955,1032,考,考,,take an exam,take an exam,kǎo,kǎo,to check/to verify/to test/to examine,kao3,0.04%,495,2,477,498,RTH1-L33,RTH1-L33,RSH1-L33,RSH1-L33,SH = TH,SH key = TH key
964,964,412,師,师,,teacher,teacher,shī,shī,a division (milit.)/teacher/master/expert/model,shi1,0.07%,333,2,478,374,RTH1-L33,RTH1-L33,RSH1-L18,RSH1-L18,SH <> TH,SH key = TH key
966,966,1043,官,官,,bureaucrat,bureaucrat,guān,guān,official/government,guan1,0.05%,432,2,479,500,RTH1-L33,RTH1-L33,RSH1-L33,RSH1-L33,SH = TH,SH key = TH key
968,968,1045,父,父,,father,father,fù,fù|fǔ,father,fu4,0.04%,589,2,480,501,RTH1-L33,RTH1-L33,RSH1-L33,RSH1-L33,SH = TH,SH key = TH key
969,969,1046,交,交,,mingle,mingle,jiāo,jiāo,to deliver/to turn over/to make friends/to intersect (lines)/to pay (money),jiao1,0.07%,320,2,481,502,RTH1-L33,RTH1-L33,RSH1-L33,RSH1-L33,SH = TH,SH key = TH key
970,970,1047,效,效,n.,effect,effect,xiào,xiào,"imitate, effect/efficacy/imitate",xiao4,0.04%,551,2,482,503,RTH1-L33,RTH1-L33,RSH1-L33,RSH1-L33,SH = TH,SH key = TH key
971,971,1048,較,较,,relatively,relatively,jiào,jiào|jiǎo,clear/distinct/compare/comparatively,jiao4,0.04%,491,2,483,504,RTH1-L33,RTH1-L33,RSH1-L33,RSH1-L33,SH <> TH,SH key = TH key
973,973,1050,足,足,,lower leg,lower leg,zú,zú,foot/to be sufficient,zu2,0.04%,527,2,484,505,RTH1-L33,RTH1-L33,RSH1-L33,RSH1-L33,SH = TH,SH key = TH key
976,976,1053,路,路,,path,path,lù,lù,(surname)/road/path/way,lu4,0.07%,305,2,485,506,RTH1-L33,RTH1-L33,RSH1-L33,RSH1-L33,SH = TH,SH key = TH key
981,981,1057,阿,阿,,Apollo,Apollo,ā,ā|ē,"an initial particle/prefix to names of people, (phonetic character), (final part.)/(interj.), flatter",a1/a4/a/e1,0.05%,471,2,486,507,RTH1-L34,RTH1-L34,RSH1-L34,RSH1-L34,SH = TH,SH key = TH key
983,983,1065,際,际,n.,occasion,occasion,jì,jì,border/edge/boundary/between/among/interval/while,ji4,0.05%,423,2,487,510,RTH1-L34,RTH1-L34,RSH1-L34,RSH1-L34,SH <> TH,SH key = TH key
985,985,1059,隨,随,,as you wish,as you wish,suí,suí,to follow/to comply with/to allow/(surname),sui2,0.04%,498,2,488,508,RTH1-L34,RTH1-L34,RSH1-L34,RSH1-L34,SH <> TH,SH key = TH key
987,987,1252,陳,陈,v.,exhibit,exhibit,chén,chén,arrange/exhibit/narrate/tell/old/stale/a surname/to state/to display/to explain/(surname),chen2,0.04%,525,2,489,561,RTH1-L34,RTH1-L34,RSH1-L40,RSH1-L40,SH <> TH,SH key = TH key
988,988,1063,防,防,,ward off,ward off,fáng,fáng,to protect/to defend/to guard (against),fang2,0.04%,548,2,490,509,RTH1-L34,RTH1-L34,RSH1-L34,RSH1-L34,SH = TH,SH key = TH key
990,990,1067,院,院,,Inst.,Inst.,yuàn,yuàn,courtyard/institution,yuan4,0.07%,338,2,491,511,RTH1-L34,RTH1-L34,RSH1-L34,RSH1-L34,SH = TH,SH key = TH key
996,996,1073,究,究,v.,research,research,jiū,jiū,after all/to investigate/to study carefully,jiu1,0.05%,429,2,492,512,RTH1-L34,RTH1-L34,RSH1-L34,RSH1-L34,SH = TH,SH key = TH key
997,997,1074,突,突,,abruptly,abruptly,tū,tū,to dash/to move forward quickly,tu1,0.04%,484,2,493,513,RTH1-L34,RTH1-L34,RSH1-L34,RSH1-L34,SH = TH,SH key = TH key
1000,1000,733,邊,边,,border,border,biān,biān,side/edge/margin/border/boundary,bian1,0.07%,316,2,494,441,RTH1-L34,RTH1-L34,RSH1-L24,RSH1-L24,SH <> TH,SH key = TH key
1001,1001,1077,深,深,,deep,deep,shēn,shēn,deep/profound,shen1,0.05%,401,2,495,514,RTH1-L34,RTH1-L34,RSH1-L34,RSH1-L34,SH = TH,SH key = TH key
1004,1004,1080,兵,兵,,troops,troops,bīng,bīng,soldiers/a force/an army/weapons/arms/military/warlike,bing1,0.06%,398,2,496,515,RTH1-L34,RTH1-L34,RSH1-L34,RSH1-L34,SH = TH,SH key = TH key
1006,1006,1083,線,线,n.,line,line,xiàn,xiàn,thread/string/wire/line,xian4,0.05%,430,2,497,517,RTH1-L35,RTH1-L35,RSH1-L35,RSH1-L35,SH <> TH,SH key = TH key
1007,1007,1084,維,维,,maintain,maintain,wéi,wéi,to preserve/to maintain/to hold together/dimension,wei2,0.04%,520,2,498,518,RTH1-L35,RTH1-L35,RSH1-L35,RSH1-L35,SH <> TH,SH key = TH key
1008,1008,120,羅,罗,,silk gauze,silk gauze,luó,luó|luō,"fussy/talkative, subordinate in a gang of bandits, (surname)/gauze/to collect/to gather/to catch/to shift",luo1/luo2,0.06%,392,2,499,320,RTH1-L35,RTH1-L35,RSH1-L07,RSH1-L07,SH <> TH,SH key = TH key
1009,1009,1098,續,续,,continue,continue,xù,xù,continue/replenish,xu4,0.04%,552,2,500,526,RTH1-L35,RTH1-L35,RSH1-L35,RSH1-L35,SH <> TH,SH key = TH key
1013,1013,1088,終,终,n.,end,end,zhōng,zhōng,end/finish,zhong1,0.04%,558,2,501,519,RTH1-L35,RTH1-L35,RSH1-L35,RSH1-L35,SH <> TH,SH key = TH key
1014,1014,1089,級,级,n.,rank,rank,jí,jí,level/grade/rank/step,ji2,0.05%,415,2,502,520,RTH1-L35,RTH1-L35,RSH1-L35,RSH1-L35,SH <> TH,SH key = TH key
1015,1015,1090,紀,纪,,epoch,epoch,jì,jì,discipline/age/era/period/order/record,ji4,0.04%,584,2,503,521,RTH1-L35,RTH1-L35,RSH1-L35,RSH1-L35,SH <> TH,SH key = TH key
1016,1016,1091,紅,红,,red,red,hóng,hóng|gōng,bonus/popular/red/revolutionary,hong2,0.04%,502,2,504,522,RTH1-L35,RTH1-L35,RSH1-L35,RSH1-L35,SH <> TH,SH key = TH key
1017,1017,1092,約,约,,make an appointment,make an appointment,yuē,yuē|yāo,"weigh, appointment/agreement/to arrange/to restrict/approximately",yao1/yue1,0.05%,424,2,505,523,RTH1-L35,RTH1-L35,RSH1-L35,RSH1-L35,SH <> TH,SH key = TH key
1018,1018,1093,細,细,adj.,fine,fine,xì,xì,fine/minutely/thin/slender,xi4,0.04%,597,2,506,524,RTH1-L35,RTH1-L35,RSH1-L35,RSH1-L35,SH <> TH,SH key = TH key
1019,1019,1102,緊,紧,,tight,tight,jǐn,jǐn,tight/nervous/strict,jin3,0.04%,560,2,507,527,RTH1-L35,RTH1-L35,RSH1-L35,RSH1-L35,SH <> TH,SH key = TH key
1020,1020,1082,織,织,v.,weave,weave,zhī,zhī,weave,zhi1,0.04%,578,2,508,516,RTH1-L35,RTH1-L35,RSH1-L35,RSH1-L35,SH <> TH,SH key = TH key
1028,1028,1097,輕,轻,adj.,lightweight,lightweight,qīng,qīng,light/easy/gentle/soft/reckless/unimportant/frivolous/small in number/unstressed/neutral/soft,qing1,0.05%,460,2,509,525,RTH1-L35,RTH1-L35,RSH1-L35,RSH1-L35,SH <> TH,SH key = TH key
1032,1032,931,斷,断,,sever,sever,duàn,duàn,absolutely/decidedly (in negative constructions)/break/to judge,duan4,0.05%,434,2,510,482,RTH1-L35,RTH1-L35,RSH1-L30,RSH1-L30,SH <> TH,SH key = TH key
1034,1034,1352,顯,显,,obvious,obvious,xiǎn,xiǎn,prominent/conspicuous,xian3,0.05%,469,2,511,582,RTH1-L35,RTH1-L35,RSH1-L46,RSH1-L46,SH <> TH,SH key = TH key
1044,1044,1105,服,服,,apparel,apparel,fú,fú|fù,clothes/dress/garment/submit/take (medicine),fu2,0.06%,365,2,512,528,RTH1-L36,RTH1-L36,RSH1-L36,RSH1-L36,SH = TH,SH key = TH key
1046,1046,1109,留,留,v.,stay,stay,liú,liú,leave (message)/to retain/to stay/to remain/to keep/to preserve,liu2,0.04%,554,2,513,529,RTH1-L36,RTH1-L36,RSH1-L36,RSH1-L36,SH = TH,SH key = TH key
1050,1050,1115,令,令,n.,orders,orders,lìng,lìng|líng|lǐng,make or cause to be/order/command/decree/honorable,ling4,0.06%,378,2,514,531,RTH1-L36,RTH1-L36,RSH1-L36,RSH1-L36,SH = TH,SH key = TH key
1053,1053,1118,領,领,n.,collar,collar,lǐng,lǐng,neck/collar/to lead/to receive,ling3,0.07%,329,2,515,532,RTH1-L36,RTH1-L36,RSH1-L36,RSH1-L36,SH <> TH,SH key = TH key
1060,1060,1433,興,兴,,excitement,excitement,xìng,xīng|xìng,"flourish/it is the fashion to/to become popular, interest",xing1/xing4,0.04%,531,2,516,593,RTH1-L36,RTH1-L36,RSH1-L52,RSH1-L52,SH <> TH,SH key = TH key
1076,1076,895,盡,尽,,exhausted,exhausted,jìn,jìn,"to the utmost, to use up/to exhaust/to end/to finish/to the utmost/exhausted/finished/to the limit (of sth)",jin3/jin4,0.04%,488,2,517,474,RTH1-L37,RTH1-L37,RSH1-L28,RSH1-L28,SH <> TH,SH key = TH key
1084,1084,1145,跟,跟,n./v.,heel,heel,gēn,gēn,to follow/to go with/heel/with/and,gen1,0.04%,541,2,518,533,RTH1-L37,RTH1-L37,RSH1-L37,RSH1-L37,SH = TH,SH key = TH key
1086,1086,1147,根,根,n.,root,root,gēn,gēn,radical (chem.)/root/basis,gen1,0.06%,352,2,519,534,RTH1-L37,RTH1-L37,RSH1-L37,RSH1-L37,SH = TH,SH key = TH key
1088,1088,1113,節,节,,holiday,holiday,jié,jié|jiē,festival/section/segment/point/part/to economize/to save/temperate,jie2/jie1,0.04%,514,2,520,530,RTH1-L37,RTH1-L37,RSH1-L36,RSH1-L36,SH <> TH,SH key = TH key
1106,1106,1165,乎,乎,,ooh!,ooh!,hū,hū,(interrog. part.),hu1,0.05%,458,2,521,535,RTH1-L38,RTH1-L38,RSH1-L38,RSH1-L38,SH = TH,SH key = TH key
1108,1108,1167,希,希,v.,hope,hope,xī,xī,rare/infrequent,xi1,0.04%,508,2,522,536,RTH1-L38,RTH1-L38,RSH1-L38,RSH1-L38,SH = TH,SH key = TH key
1111,1111,338,覺,觉,n.,senses,senses,jué,jué|jiào,"a nap/a sleep, feel/find that/thinking/awake/aware",jiao4/jue2,0.07%,327,2,523,354,RTH1-L38,RTH1-L38,RSH1-L15,RSH1-L15,SH <> TH,SH key = TH key
1116,1116,1180,離,离,v.,leave,leave,lí,lí,to leave/to depart/to go away/from,li2,0.05%,418,2,524,539,RTH1-L38,RTH1-L38,RSH1-L38,RSH1-L38,SH <> TH,SH key = TH key
1119,1119,743,辦,办,,manage,manage,bàn,bàn,to do/to manage/to handle/to go about/to run/to set up/to deal with,ban4,0.06%,367,2,525,445,RTH1-L38,RTH1-L38,RSH1-L24,RSH1-L24,SH <> TH,SH key = TH key
1125,1125,1190,親,亲,,relatives,relatives,qīn,qīn|qìng,"dear/intimate/parent/relation/closely related, parents-in-law of one's offspring",qin1/qing4,0.06%,362,2,526,541,RTH1-L38,RTH1-L38,RSH1-L38,RSH1-L38,SH <> TH,SH key = TH key
1130,1130,1194,叫,叫,v.,call,call,jiào,jiào,to (be) call(ed),jiao4,0.06%,387,2,527,542,RTH1-L38,RTH1-L38,RSH1-L38,RSH1-L38,SH = TH,SH key = TH key
1131,1131,1195,收,收,,receive,receive,shōu,shōu,to receive/to accept/to collect/in care of (used on address line after name),shou1,0.06%,351,2,528,543,RTH1-L38,RTH1-L38,RSH1-L38,RSH1-L38,SH = TH,SH key = TH key
1133,1133,734,勢,势,n.,force,force,shì,shì,conditions/influence/tendency,shi4,0.04%,506,2,529,442,RTH1-L38,RTH1-L38,RSH1-L24,RSH1-L24,SH <> TH,SH key = TH key
1138,1138,1198,孩,孩,,tot,tot,hái,hái,child,hai2,0.04%,533,2,530,544,RTH1-L38,RTH1-L38,RSH1-L38,RSH1-L38,SH = TH,SH key = TH key
1140,1140,1200,該,该,,should,should,gāi,gāi,that/the above-mentioned/most likely/to deserve/should/ought to/owe,gai1,0.07%,319,2,531,545,RTH1-L38,RTH1-L38,RSH1-L38,RSH1-L38,SH <> TH,SH key = TH key
1142,1142,1201,術,术,,art,art,shù,shù|zhú,"method/technique, Atractylis lancea var. ovata",shu4/zhu2,0.07%,328,2,532,546,RTH1-L38,RTH1-L38,RSH1-L38,RSH1-L38,SH <> TH,SH key = TH key
1143,1143,1169,殺,杀,,kill,kill,shā,shā,to kill/to murder/to slaughter,sha1,0.04%,587,2,533,537,RTH1-L38,RTH1-L38,RSH1-L38,RSH1-L38,SH <> TH,SH key = TH key
1145,1145,349,讓,让,n.,yield,yield,ràng,ràng,to ask/to let/permit/have (someone do something)/to yield/to allow,rang4,0.07%,339,2,534,359,RTH1-L38,RTH1-L38,RSH1-L15,RSH1-L15,SH <> TH,SH key = TH key
1151,1151,1210,青,青,,blue or green,blue or green,qīng,qīng,"green (blue, black)",qing1,0.04%,497,2,535,547,RTH1-L39,RTH1-L39,RSH1-L39,RSH1-L39,SH = TH,SH key = TH key
1152,1152,1211,精,精,,refined,refined,jīng,jīng,energy/perfect/excellent/refined/very/proficient,jing1,0.05%,435,2,536,548,RTH1-L39,RTH1-L39,RSH1-L39,RSH1-L39,SH = TH,SH key = TH key
1153,1153,1212,請,请,,invite,invite,qǐng,qǐng,"to ask/to invite/please (do sth)/to treat (to a meal, etc)/to request",qing3,0.05%,421,2,537,549,RTH1-L39,RTH1-L39,RSH1-L39,RSH1-L39,SH <> TH,SH key = TH key
1156,1156,1215,清,清,,pure,pure,qīng,qīng,clear/distinct/complete/pure,qing1,0.07%,335,2,538,550,RTH1-L39,RTH1-L39,RSH1-L39,RSH1-L39,SH = TH,SH key = TH key
1158,1158,1217,責,责,,responsibility,responsibility,zé,zé,duty/responsibility/to reproach/to blame,ze2,0.04%,535,2,539,551,RTH1-L39,RTH1-L39,RSH1-L39,RSH1-L39,SH <> TH,SH key = TH key
1164,1164,1221,星,星,n.,star,star,xīng,xīng,star/satellite/small amount,xing1,0.04%,537,2,540,552,RTH1-L39,RTH1-L39,RSH1-L39,RSH1-L39,SH = TH,SH key = TH key
1167,1167,1226,害,害,n./v.,harm,harm,hài,hài,to do harm to/to cause trouble to/harm/evil/calamity,hai4,0.04%,579,2,541,553,RTH1-L39,RTH1-L39,RSH1-L39,RSH1-L39,SH = TH,SH key = TH key
1177,1177,811,僅,仅,,merely,merely,jǐn,jǐn,barely/only/merely,jin3,0.04%,494,2,542,460,RTH1-L39,RTH1-L39,RSH1-L26,RSH1-L26,SH <> TH,SH key = TH key
1181,1181,831,華,华,,splendor,splendor,huá,huá|Huà,"(abbreviation for) China/(surname) Hua/magnificent/splendid/flowery, (surname)/name of a mountain",hua2/hua4,0.05%,412,2,543,464,RTH1-L39,RTH1-L39,RSH1-L26,RSH1-L26,SH <> TH,SH key = TH key
1186,1186,1246,今,今,,now,now,jīn,jīn,today/modern/present/current/this/now,jin1,0.07%,336,2,544,559,RTH1-L40,RTH1-L40,RSH1-L40,RSH1-L40,SH = TH,SH key = TH key
1188,1188,1248,念,念,v.,miss,miss,niàn,niàn,"read aloud, to read aloud",nian4,0.04%,477,2,545,560,RTH1-L40,RTH1-L40,RSH1-L40,RSH1-L40,SH = TH,SH key = TH key
1196,1196,905,標,标,n.,mark,mark,biāo,biāo,the topmost branches of a tree/surface/sign/to mark/(outward) sign/indication/prize/award/bid,biao1,0.04%,473,2,546,479,RTH1-L40,RTH1-L40,RSH1-L29,RSH1-L29,SH <> TH,SH key = TH key
1198,1198,795,價,价,,price,price,jià,jià|jie,"price/value/valence (on an atom), great/good/middleman/servant",jia4/jie,0.05%,409,2,547,456,RTH1-L40,RTH1-L40,RSH1-L26,RSH1-L26,SH <> TH,SH key = TH key
1200,1200,1261,南,南,,south,south,nán,nán|nā,south,nan2,0.07%,307,2,548,562,RTH1-L40,RTH1-L40,RSH1-L40,RSH1-L40,SH = TH,SH key = TH key
1217,1217,1274,候,候,v.,wait,wait,hòu,hòu,wait,hou4,0.06%,341,2,549,564,RTH1-L41,RTH1-L41,RSH1-L41,RSH1-L41,SH = TH,SH key = TH key
1219,1219,1276,快,快,adj.,fast,fast,kuài,kuài,fast/quick/swift,kuai4,0.06%,366,2,550,565,RTH1-L41,RTH1-L41,RSH1-L41,RSH1-L41,SH = TH,SH key = TH key
328,328,356,語,语,,language,language,yǔ,yǔ|yù,"dialect/language/speech, tell to",yu3/yu4,0.04%,493,2,551,563,RTH1-L15,RTH1-L15,RSH1-L15,RSH1-L15,SH <> TH,SH key = TH key
1222,1222,1230,圍,围,,surround,surround,wéi,wéi,to circle/to surround,wei2,0.04%,576,2,552,554,RTH1-L41,RTH1-L41,RSH1-L39,RSH1-L39,SH <> TH,SH key = TH key
1234,1234,1286,除,除,,eliminate,eliminate,chú,chú,remove/do away with/wipe out/divide/except,chu2,0.05%,464,2,553,567,RTH1-L42,RTH1-L42,RSH1-L42,RSH1-L42,SH = TH,SH key = TH key
1239,1239,1291,整,整,,entire,entire,zhěng,zhěng,exactly/in good order/whole/complete/entire/in order/orderly,zheng3,0.05%,416,2,554,568,RTH1-L42,RTH1-L42,RSH1-L42,RSH1-L42,SH = TH,SH key = TH key
1247,1247,1294,病,病,,illness,illness,bìng,bìng,ailment/sickness/illness/disease/fall ill/sick/defect,bing4,0.05%,427,2,555,569,RTH1-L43,RTH1-L43,RSH1-L43,RSH1-L43,SH = TH,SH key = TH key
1254,1254,1300,醫,医,,physician,physician,yī,yī,medical/medicine/doctor/to cure/to treat,yi1,0.04%,482,2,556,570,RTH1-L43,RTH1-L43,RSH1-L43,RSH1-L43,SH <> TH,SH key = TH key
1259,1259,388,證,证,,evidence,evidence,zhèng,zhèng,"prove, confirm, verify/proof, certificate/proof/to prove/to demonstrate/to confirm/certificate/proof",zheng4,0.06%,373,2,557,370,RTH1-L43,RTH1-L43,RSH1-L17,RSH1-L17,SH <> TH,SH key = TH key
1263,1263,1307,影,影,n.,shadow,shadow,yǐng,yǐng,picture/image/reflection/shadow,ying3,0.06%,390,2,558,571,RTH1-L44,RTH1-L44,RSH1-L44,RSH1-L44,SH = TH,SH key = TH key
1265,1265,1309,須,须,,have to,have to,xū,xū,"beard/necessary/must, beard/mustache",xu1,0.05%,444,2,559,572,RTH1-L44,RTH1-L44,RSH1-L44,RSH1-L44,SH <> TH,SH key = TH key
1267,1267,1310,參,参,,participate,participate,cān,cān|cēn|shēn,"take part in/participate/join/attend/to join/unequal/varied/irregular/to counsel/uneven/not uniform, ginseng",can1/shen1,0.04%,507,2,560,573,RTH1-L44,RTH1-L44,RSH1-L44,RSH1-L44,SH <> TH,SH key = TH key
1278,1278,1325,英,英,,England,England,yīng,yīng,(surname)/English/brave,ying1,0.06%,371,2,561,575,RTH1-L44,RTH1-L44,RSH1-L44,RSH1-L44,SH = TH,SH key = TH key
1279,1279,1328,巴,巴,,crust,crust,bā,bā|bà,"(suff. for certain nouns)/to hope/to wish/Palestinian, Palestine (abbrev.)/Pakistan (abbrev.)/Pascal (unit of pressure)",ba1,0.04%,546,2,562,576,RTH1-L44,RTH1-L44,RSH1-L44,RSH1-L44,SH = TH,SH key = TH key
1282,1282,1331,吧,吧,n.,bar,bar,bā,ba|bā,"(onomat.)/dumb, (modal particle indicating polite suggestion)/...right?/...OK?",ba1/ba,0.05%,470,2,563,577,RTH1-L44,RTH1-L44,RSH1-L44,RSH1-L44,SH = TH,SH key = TH key
1283,1283,1332,色,色,n.,color,color,sè,sè|shǎi,"color/look/appearance, color/dice",se4/shai3,0.07%,304,2,564,578,RTH1-L44,RTH1-L44,RSH1-L44,RSH1-L44,SH = TH,SH key = TH key
1284,1284,1333,絕,绝,,discontinue,discontinue,jué,jué,cut short/extinct/to disappear/to vanish/absolutely/by no means,jue2,0.04%,562,2,565,579,RTH1-L44,RTH1-L44,RSH1-L44,RSH1-L44,SH <> TH,SH key = TH key
1286,1286,1336,某,某,adj.,such and such,such and such,mǒu,mǒu,(used before measure word and noun) some/(a) certain/so and so,mou3,0.04%,517,2,566,580,RTH1-L45,RTH1-L45,RSH1-L45,RSH1-L45,SH = TH,SH key = TH key
1299,1299,1347,組,组,n.,group,group,zǔ,zǔ,to form/compose/make up/group/to organize/cord,zu3,0.06%,358,2,567,581,RTH1-L45,RTH1-L45,RSH1-L46,RSH1-L46,SH <> TH,SH key = TH key
1306,1306,1356,共,共,,together,together,gòng,gòng,all together/in while/to share/common/general/together,gong4,0.07%,330,2,568,585,RTH1-L46,RTH1-L46,RSH1-L46,RSH1-L46,SH = TH,SH key = TH key
1307,1307,1357,供,供,n./v.,supply,supply,gōng,gōng|gòng,"offer (information etc.)/supply, offer/sacrificial offering/trial statement/confession",gong1/gong4,0.04%,550,2,569,586,RTH1-L46,RTH1-L46,RSH1-L46,RSH1-L46,SH = TH,SH key = TH key
1311,1311,297,選,选,,choose,choose,xuǎn,xuǎn,to choose/to pick/to select/to elect,xuan3,0.04%,499,2,570,344,RTH1-L46,RTH1-L46,RSH1-L13,RSH1-L13,SH <> TH,SH key = TH key
1313,1313,1353,亞,亚,,Asia,Asia,yà,yà,Asia/Asian/second/next to/inferior,ya4,0.05%,420,2,571,583,RTH1-L47,RTH1-L47,RSH1-L46,RSH1-L46,SH <> TH,SH key = TH key
1319,1319,801,稱,称,,weigh,weigh,chēng,chēng|chèn,"balanced/to fit/well-off/suitable, to call/to praise/to weigh/to estimate/to consider/to call/to address/to name/to say/commend, steelyard",chen4/cheng1/cheng4,0.05%,449,2,572,457,RTH1-L47,RTH1-L47,RSH1-L26,RSH1-L26,SH <> TH,SH key = TH key
1320,1320,1361,講,讲,v.,lecture,lecture,jiǎng,jiǎng,to talk/speech/to speak/to tell/to explain,jiang3,0.04%,555,2,573,587,RTH1-L47,RTH1-L47,RSH1-L47,RSH1-L47,SH <> TH,SH key = TH key
1321,1321,687,構,构,v.,frame,frame,gòu,gòu,Broussonetia papyrifera/to construct/to form/to make up/to compose,gou4,0.04%,511,2,574,430,RTH1-L47,RTH1-L47,RSH1-L22,RSH1-L22,SH <> TH,SH key = TH key
1332,1332,1375,低,低,,low,low,dī,dī,to lower (one's head)/to let droop/to hang down/low/to incline/beneath/low,di1,0.04%,592,2,575,588,RTH1-L48,RTH1-L48,RSH1-L48,RSH1-L48,SH = TH,SH key = TH key
1333,1333,1376,底,底,,bottom,bottom,dǐ,dǐ,"(possessive part.)/(subor. part.), background/bottom/base",de/di3,0.04%,543,2,576,589,RTH1-L48,RTH1-L48,RSH1-L48,RSH1-L48,SH = TH,SH key = TH key
1344,1344,189,響,响,n.,echo,echo,xiǎng,xiǎng,to make a sound/to sound/to ring/(a measure word for sound)/loud,xiang3,0.04%,503,2,577,331,RTH1-L48,RTH1-L48,RSH1-L09,RSH1-L09,SH <> TH,SH key = TH key
1345,1345,1388,段,段,n.,section,section,duàn,duàn,(surname)/paragraph/section/segment,duan4,0.04%,567,2,578,590,RTH1-L49,RTH1-L49,RSH1-L49,RSH1-L49,SH = TH,SH key = TH key
1362,1362,96,飛,飞,v.,fly,fly,fēi,fēi,to fly,fei1,0.06%,347,2,579,317,RTH1-L50,RTH1-L50,RSH1-L06,RSH1-L06,SH <> TH,SH key = TH key
1365,1365,1407,革,革,n.,leather,leather,gé,gé|jí,leather/remove,ge2,0.04%,521,2,580,591,RTH1-L50,RTH1-L50,RSH1-L50,RSH1-L50,SH = TH,SH key = TH key
1388,1388,1429,張,张,v.,stretch,stretch,zhāng,zhāng,(a measure word)/(a surname)/open up,zhang1,0.07%,318,2,581,592,RTH1-L51,RTH1-L51,RSH1-L51,RSH1-L51,SH <> TH,SH key = TH key
1401,1401,65,萬,万,,ten thousand,ten thousand,wàn,wàn|Mò,Wan (surname)/ten thousand/a great number,wan4,0.07%,322,2,582,26,RTH1-L52,RTH1-L52,RSH1-L04,RSH1-L04,SH <> TH,SH key = TH key
1418,1418,1455,嗎,吗,,yes or no,yes or no,ma,ma,"morphine, (question tag)",ma3/ma,0.05%,453,2,583,595,RTH1-L53,RTH1-L53,RSH1-L53,RSH1-L53,SH <> TH,SH key = TH key
1419,1419,1457,驗,验,v.,check,check,yàn,yàn,to examine/to test/to check,yan4,0.04%,534,2,584,596,RTH1-L53,RTH1-L53,RSH1-L53,RSH1-L53,SH <> TH,SH key = TH key
1427,1427,891,據,据,,certificate,certificate,jù,jù|jū,"sickness of hand, act in accordance with/seize, according to/to act in accordance with/to depend on/to seize/to occupy",ju1/ju4,0.07%,313,2,585,472,RTH1-L53,RTH1-L53,RSH1-L28,RSH1-L28,SH <> TH,SH key = TH key
1433,1433,567,態,态,,attitude,attitude,tài,tài,attitude,tai4,0.04%,528,2,586,400,RTH1-L53,RTH1-L53,RSH1-L21,RSH1-L21,SH <> TH,SH key = TH key
1438,1438,408,農,农,,agriculture,agriculture,nóng,nóng,agriculture,nong2,0.05%,465,2,587,373,RTH1-L54,RTH1-L54,RSH1-L18,RSH1-L18,SH <> TH,SH key = TH key
1448,1448,1035,寫,写,,write,write,xiě,xiě|xiè,to write,xie3,0.05%,448,2,588,499,RTH1-L55,RTH1-L55,RSH1-L33,RSH1-L33,SH <> TH,SH key = TH key
1452,1452,1480,滿,满,,full,full,mǎn,mǎn,Manchurian/to fill/to fulfill/filled/packed,man3,0.05%,436,2,589,598,RTH1-L55,RTH1-L55,RSH1-L55,RSH1-L55,SH <> TH,SH key = TH key
1456,1456,1471,聯,联,,unite,unite,lián,lián,to ally/to unite/to join,lian2,0.06%,356,2,590,597,RTH1-L55,RTH1-L55,RSH1-L54,RSH1-L54,SH <> TH,SH key = TH key
1465,1465,1434,舉,举,,lift up,lift up,jǔ,jǔ,to lift/to hold up/to cite/to enumerate/to act/to raise/to choose/to elect,ju3,0.04%,586,2,591,594,RTH1-L55,RTH1-L55,RSH1-L52,RSH1-L52,SH <> TH,SH key = TH key
1468,1468,1238,專,专,,specialty,specialty,zhuān,zhuān,"for a particular person, occasion, purpose/focused on one thing/special/expert/particular (to sth)/concentrated/specialized, concentrated/specialized",zhuan1,0.04%,485,2,592,556,RTH1-L55,RTH1-L55,RSH1-L39,RSH1-L39,SH <> TH,SH key = TH key
1469,1469,1239,傳,传,v.,spread,spread,chuán,chuán|zhuàn,"to pass on/to spread/to transmit/to infect/to transfer/to circulate/to pass on/to conduct (electricity), biography",chuan2/zhuan4,0.07%,332,2,593,557,RTH1-L55,RTH1-L55,RSH1-L39,RSH1-L39,SH <> TH,SH key = TH key
1470,1470,1240,轉,转,,rotate,rotate,zhuàn,zhuǎn|zhuàn|zhuǎi,"to convey/to forward (mail)/to transfer/to turn/to shift, to revolve/to turn/to circle about/to walk about",zhuan3/zhuan4,0.06%,376,2,594,558,RTH1-L55,RTH1-L55,RSH1-L39,RSH1-L39,SH <> TH,SH key = TH key
1471,1471,622,團,团,n.,troupe,troupe,tuán,tuán,"regiment/round/circular/group/society, dumpling",tuan2,0.05%,405,2,595,412,RTH1-L55,RTH1-L55,RSH1-L22,RSH1-L22,SH <> TH,SH key = TH key
1472,1472,1488,黃,黄,,yellow,yellow,huáng,huáng,(surname)/sulfur/yellow,huang2,0.04%,561,2,596,599,RTH1-L55,RTH1-L55,RSH1-L55,RSH1-L55,SH <> TH,SH key = TH key
1473,1473,556,廣,广,,extensive,extensive,guǎng,guǎng,wide/numerous/to spread,guang3,0.05%,468,2,597,399,RTH1-L55,RTH1-L55,RSH1-L21,RSH1-L21,SH <> TH,SH key = TH key
1488,1488,1321,濟,济,,relieve,relieve,jì,jǐ|jì,aid/ferry/frugal,ji4,0.06%,360,2,598,574,RTH1-L55,RTH1-L55,RSH1-L44,RSH1-L44,SH <> TH,SH key = TH key
1493,1493,1027,號,号,,appellation,appellation,hào,hào|háo,"roar/cry, day of a month/(suffix used after) name of a ship/(ordinal) number",hao2/hao4,0.04%,487,2,599,497,RTH1-L55,RTH1-L55,RSH1-L32,RSH1-L32,SH <> TH,SH key = TH key
1497,1497,629,極,极,n.,extreme,extreme,jí,jí,"extremely/pole (geography, physics)/utmost/top",ji2,0.06%,363,2,600,414,RTH1-L55,RTH1-L55,RSH1-L22,RSH1-L22,SH <> TH,SH key = TH key
14,14,14,田,田,,rice field,rice field,tián,tián,(surname)/field/farm,tian2,0.02%,778,3,601,601,RTH1-L01,RTH1-L01,RSH1-L01,RSH1-L01,SH = TH,SH key = TH key
17,17,17,胡,胡,,recklessly,recklessly,hú,hú|Hú,"(surname)/beard/what why how, beard/mustache",hu2,0.02%,806,3,602,602,RTH1-L02,RTH1-L02,RSH1-L02,RSH1-L02,SH = TH,SH key = TH key
19,19,20,朋,朋,,companion,companion,péng,péng,friend,peng2,0.02%,882,3,603,603,RTH1-L02,RTH1-L02,RSH1-L02,RSH1-L02,SH = TH,SH key = TH key
39,39,41,升,升,,liter,liter,shēng,shēng,"to raise/to hoist/to promote/pint, ascend/peaceful, promoted",sheng1,0.02%,837,3,604,604,RTH1-L03,RTH1-L03,RSH1-L03,RSH1-L03,SH = TH,SH key = TH key
43,43,44,占,占,,tell fortunes,tell fortunes,zhān,zhàn|zhān,"to observe/to divine, to divine, to occupy/to constitute/to make up/to account",zhan1/zhan4,0.03%,737,3,605,605,RTH1-L03,RTH1-L03,RSH1-L03,RSH1-L03,SH = TH,SH key = TH key
46,46,47,卡,卡,,card,card,kǎ,kǎ|qiǎ,"to check/to stop/to block/card, customs station/to be choked/to fasten/to clip/to wedge/checkpost",ka3/qia3,0.03%,717,3,606,606,RTH1-L03,RTH1-L03,RSH1-L03,RSH1-L03,SH = TH,SH key = TH key
61,61,64,負,负,adj.,defeated,defeated,fù,fù,lose/negative (math. etc.)/to bear/to carry (on one's back),fu4,0.03%,691,3,607,607,RTH1-L04,RTH1-L04,RSH1-L04,RSH1-L04,SH <> TH,SH key = TH key
63,63,67,句,句,n.,sentence,sentence,jù,jù,"(a measure word, for sentences or lines of verse)/sentence",ju4,0.03%,707,3,608,608,RTH1-L04,RTH1-L04,RSH1-L04,RSH1-L04,SH = TH,SH key = TH key
69,69,73,置,置,,set up,set up,zhì,zhì,to install/to place/to put,zhi4,0.03%,677,3,609,609,RTH1-L05,RTH1-L05,RSH1-L05,RSH1-L05,SH = TH,SH key = TH key
73,73,77,左,左,n./adj.,left,left,zuǒ,zuǒ,left,zuo3,0.02%,782,3,610,610,RTH1-L05,RTH1-L05,RSH1-L05,RSH1-L05,SH = TH,SH key = TH key
74,74,78,右,右,n./adj.,right,right,yòu,yòu,right (-hand),you4,0.02%,783,3,611,611,RTH1-L05,RTH1-L05,RSH1-L05,RSH1-L05,SH = TH,SH key = TH key
85,85,89,副,副,,vice-,vice-,fù,fù,secondary/auxiliary/deputy/assistant/vice-/(measure word for a pair),fu4,0.02%,764,3,612,612,RTH1-L05,RTH1-L05,RSH1-L05,RSH1-L05,SH = TH,SH key = TH key
89,89,93,哥,哥,,older brother,older brother,gē,gē,elder brother,ge1,0.02%,804,3,613,613,RTH1-L05,RTH1-L05,RSH1-L05,RSH1-L05,SH = TH,SH key = TH key
121,121,132,省,省,,economize,economize,shěng,shěng|xǐng,"frugal/save/to omit/to leave out/to save (money)/province, comprehend/introspect/visit",sheng3/xing3,0.03%,666,3,614,615,RTH1-L07,RTH1-L07,RSH1-L07,RSH1-L07,SH = TH,SH key = TH key
124,124,135,州,州,n.,state,state,zhōu,zhōu,(United States) state/province/sub-prefecture,zhou1,0.03%,721,3,615,616,RTH1-L08,RTH1-L08,RSH1-L08,RSH1-L08,SH = TH,SH key = TH key
127,127,138,永,永,,eternity,eternity,yǒng,yǒng,forever/always/perpetual (ly),yong3,0.02%,842,3,616,617,RTH1-L08,RTH1-L08,RSH1-L08,RSH1-L08,SH = TH,SH key = TH key
134,134,144,洲,洲,,continent,continent,zhōu,zhōu,continent/island,zhou1,0.03%,701,3,617,618,RTH1-L08,RTH1-L08,RSH1-L08,RSH1-L08,SH = TH,SH key = TH key
136,136,146,沙,沙,n.,sand,sand,shā,shā,granule/hoarse/raspy/sand/powder,sha1,0.02%,848,3,618,619,RTH1-L08,RTH1-L08,RSH1-L08,RSH1-L08,SH = TH,SH key = TH key
140,140,150,源,源,,source,source,yuán,yuán,root/source/origin,yuan2,0.03%,670,3,619,620,RTH1-L08,RTH1-L08,RSH1-L08,RSH1-L08,SH = TH,SH key = TH key
146,146,157,測,测,v.,fathom,fathom,cè,cè,side/to lean/to survey/to measure/conjecture,ce4,0.02%,861,3,620,622,RTH1-L08,RTH1-L08,RSH1-L08,RSH1-L08,SH <> TH,SH key = TH key
154,154,167,封,封,v.,seal,seal,fēng,fēng,to confer/to grant/to seal/(a measure word),feng1,0.02%,871,3,621,624,RTH1-L08,RTH1-L08,RSH1-L08,RSH1-L08,SH = TH,SH key = TH key
164,164,154,魚,鱼,n.,fish,fish,yú,yú,fish,yu2,0.02%,852,3,622,621,RTH1-L08,RTH1-L08,RSH1-L08,RSH1-L08,SH <> TH,SH key = TH key
179,179,190,尚,尚,v.,esteem,esteem,shàng,shàng,still/yet/to value/to esteem,shang4,0.02%,878,3,623,627,RTH1-L09,RTH1-L09,RSH1-L09,RSH1-L09,SH = TH,SH key = TH key
181,181,192,守,守,v.,guard,guard,shǒu,shǒu,to guard,shou3,0.02%,796,3,624,628,RTH1-L09,RTH1-L09,RSH1-L09,RSH1-L09,SH = TH,SH key = TH key
184,184,195,宣,宣,,proclaim,proclaim,xuān,xuān,to declare (publicly)/to announce,xuan1,0.02%,770,3,625,629,RTH1-L09,RTH1-L09,RSH1-L09,RSH1-L09,SH = TH,SH key = TH key
189,189,200,富,富,,wealthy,wealthy,fù,fù,rich,fu4,0.03%,733,3,626,630,RTH1-L09,RTH1-L09,RSH1-L09,RSH1-L09,SH = TH,SH key = TH key
191,191,202,木,木,,tree,tree,mù,mù,tree/wood,mu4,0.03%,694,3,627,631,RTH1-L10,RTH1-L10,RSH1-L10,RSH1-L10,SH = TH,SH key = TH key
198,198,211,村,村,,village,village,cūn,cūn,village,cun1,0.03%,712,3,628,633,RTH1-L10,RTH1-L10,RSH1-L10,RSH1-L10,SH = TH,SH key = TH key
205,205,218,味,味,n.,flavor,flavor,wèi,wèi,taste,wei4,0.02%,844,3,629,634,RTH1-L10,RTH1-L10,RSH1-L10,RSH1-L10,SH = TH,SH key = TH key
212,212,226,若,若,,as if,as if,ruò,ruò|rě,to seem/like/as/if,ruo4,0.03%,651,3,630,636,RTH1-L10,RTH1-L10,RSH1-L10,RSH1-L10,SH = TH,SH key = TH key
213,213,227,草,草,,grass,grass,cǎo,cǎo,grass/straw/draft (of a document)/careless/rough/manuscript/hasty,cao3,0.02%,789,3,631,637,RTH1-L10,RTH1-L10,RSH1-L10,RSH1-L10,SH = TH,SH key = TH key
214,214,229,苦,苦,n.,suffering,suffering,kǔ,kǔ,bitter/intensely/miserable/painful,ku3,0.03%,634,3,632,639,RTH1-L10,RTH1-L10,RSH1-L10,RSH1-L10,SH = TH,SH key = TH key
218,218,232,模,模,,imitate,imitate,mó,mó|mú,imitate/model/norm/pattern,mo2,0.03%,689,3,633,640,RTH1-L10,RTH1-L10,RSH1-L10,RSH1-L10,SH = TH,SH key = TH key
234,234,164,壓,压,n.,pressure,pressure,yā,yā|yà,"to press/to push down/to keep under (control), in the first place/to crush",ya1/ya4,0.02%,756,3,634,623,RTH1-L11,RTH1-L11,RSH1-L08,RSH1-L08,SH <> TH,SH key = TH key
241,241,259,介,介,,introduce,introduce,jiè,jiè,introduce/lie between/between,jie4,0.02%,831,3,635,643,RTH1-L12,RTH1-L12,RSH1-L12,RSH1-L12,SH = TH,SH key = TH key
246,246,263,哈,哈,,ha!,ha!,hā,hā|hǎ|hà,"laughter/yawn, a Pekinese/a pug",ha1/ha3,0.03%,713,3,636,644,RTH1-L12,RTH1-L12,RSH1-L12,RSH1-L12,SH = TH,SH key = TH key
250,250,268,球,球,,ball,ball,qiú,qiú,ball/sphere,qiu2,0.03%,628,3,637,646,RTH1-L12,RTH1-L12,RSH1-L12,RSH1-L12,SH = TH,SH key = TH key
254,254,272,皇,皇,,emperor,emperor,huáng,huáng,(surname)/emperor,huang2,0.02%,759,3,638,647,RTH1-L12,RTH1-L12,RSH1-L12,RSH1-L12,SH = TH,SH key = TH key
1603,1603,311,略,略,,abbreviation,abbreviation,lüè,lüè,plan/strategy/outline/summary/slightly/rather/to rob/to plunder/to summarize,lue4,0.03%,704,3,639,649,RTH2-L13,RTH1-L13,RSH1-L13,RSH1-L13,SH = TH,SH key = TH key
289,289,319,沉,沉,,profound,profound,chén,chén|chēn,submerge/immerse/sink/deep/profound/to lower/to drop,chen2,0.03%,747,3,640,650,RTH1-L14,RTH1-L14,RSH1-L14,RSH1-L14,SH = TH,SH key = TH key
294,294,205,夢,梦,n.,dream,dream,mèng,mèng,to dream,meng4,0.02%,865,3,641,632,RTH1-L14,RTH1-L14,RSH1-L10,RSH1-L10,SH <> TH,SH key = TH key
300,300,329,亮,亮,,shiny,shiny,liàng,liàng,light/bright,liang4,0.02%,840,3,642,651,RTH1-L14,RTH1-L14,RSH1-L14,RSH1-L14,SH = TH,SH key = TH key
303,303,331,景,景,,scenery,scenery,jǐng,jǐng,bright/circumstance/scenery,jing3,0.02%,814,3,643,652,RTH1-L14,RTH1-L14,RSH1-L14,RSH1-L14,SH = TH,SH key = TH key
308,308,335,吉,吉,,lucky,lucky,jí,jí,lucky,ji2,0.02%,856,3,644,653,RTH1-L14,RTH1-L14,RSH1-L14,RSH1-L14,SH = TH,SH key = TH key
309,309,858,買,买,v.,buy,buy,mǎi,mǎi,buy,mai3,0.02%,758,3,645,750,RTH1-L14,RTH1-L14,RSH1-L27,RSH1-L27,SH <> TH,SH key = TH key
312,312,1175,畫,画,n.,drawing,drawing,huà,huà,draw/picture/painting,hua4,0.02%,883,3,646,835,RTH1-L15,RTH1-L15,RSH1-L38,RSH1-L38,SH <> TH,SH key = TH key
315,315,341,敗,败,,fail,fail,bài,bài,be defeated/to defeat/loss,bai4,0.02%,862,3,647,654,RTH1-L15,RTH1-L15,RSH1-L15,RSH1-L15,SH <> TH,SH key = TH key
317,317,343,救,救,v.,rescue,rescue,jiù,jiù,to save/to assist/to rescue,jiu4,0.02%,872,3,648,655,RTH1-L15,RTH1-L15,RSH1-L15,RSH1-L15,SH = TH,SH key = TH key
321,321,347,警,警,n.,police,police,jǐng,jǐng,to alert/to warn,jing3,0.03%,687,3,649,656,RTH1-L15,RTH1-L15,RSH1-L15,RSH1-L15,SH = TH,SH key = TH key
324,324,351,討,讨,,condemn,condemn,tǎo,tǎo,ask for/send punitive expedition/to demand/to marry,tao3,0.02%,833,3,650,657,RTH1-L15,RTH1-L15,RSH1-L15,RSH1-L15,SH <> TH,SH key = TH key
329,329,860,讀,读,v.,read,read,dú,dú|dòu,"comma/phrase marked by pause, to read/to study",dou4/du2,0.03%,752,3,651,751,RTH1-L15,RTH1-L15,RSH1-L27,RSH1-L27,SH <> TH,SH key = TH key
334,334,360,試,试,n./v.,test,test,shì,shì,to test/to try/experiment/examination/test,shi4,0.03%,643,3,652,658,RTH1-L16,RTH1-L16,RSH1-L16,RSH1-L16,SH <> TH,SH key = TH key
339,339,730,鐵,铁,n.,iron,iron,tiě,tiě,iron,tie3,0.02%,779,3,653,722,RTH1-L16,RTH1-L16,RSH1-L24,RSH1-L24,SH <> TH,SH key = TH key
344,344,371,威,威,n.,might,might,wēi,wēi,power/might/prestige,wei1,0.03%,622,3,654,659,RTH1-L16,RTH1-L16,RSH1-L16,RSH1-L16,SH = TH,SH key = TH key
347,347,433,減,减,,reduce,reduce,jiǎn,jiǎn,to lower/to decrease/to reduce/to subtract/to diminish,jian3,0.02%,857,3,655,670,RTH1-L16,RTH1-L16,RSH1-L18,RSH1-L18,SH <> TH,SH key = TH key
350,350,373,錢,钱,n.,coin,coin,qián,qián,(surname)/coin/money,qian2,0.03%,603,3,656,660,RTH1-L16,RTH1-L16,RSH1-L16,RSH1-L16,SH <> TH,SH key = TH key
1634,1634,1662,域,域,,domain,domain,yù,yù,field/region/area/domain (taxonomy),yu4,0.02%,847,3,657,661,RTH2-L16,RTH1-L16,RSH2-L16,RSH1-L16,SH = TH,SH key = TH key
357,357,383,肯,肯,,agree,agree,kěn,kěn,to agree/to consent/to be ready (to do sth)/willing,ken3,0.02%,860,3,658,662,RTH1-L17,RTH1-L17,RSH1-L17,RSH1-L17,SH = TH,SH key = TH key
359,359,691,歲,岁,,years of age,years of age,suì,suì,year/years old/(a measure word),sui4,0.02%,772,3,659,712,RTH1-L17,RTH1-L17,RSH1-L23,RSH1-L23,SH <> TH,SH key = TH key
366,366,392,超,超,,transcend,transcend,chāo,chāo,to exceed/overtake/surpass/transcend/ultra-/super-/to pass/to cross,chao1,0.02%,754,3,660,663,RTH1-L17,RTH1-L17,RSH1-L17,RSH1-L17,SH = TH,SH key = TH key
373,373,399,楚,楚,adj.,clear,clear,chǔ,chǔ,(surname)/ancient place name/distinct/clear/orderly/pain/suffering/(a surname),chu3,0.02%,859,3,661,664,RTH1-L17,RTH1-L17,RSH1-L17,RSH1-L17,SH = TH,SH key = TH key
375,375,400,衣,衣,,clothing,clothing,yī,yī|yì,"clothes, gown/to dress/to wear",yi1/yi4,0.03%,725,3,662,665,RTH1-L18,RTH1-L18,RSH1-L18,RSH1-L18,SH = TH,SH key = TH key
380,380,995,壞,坏,,bad,bad,huài,huài,"bad/spoiled, bad",huai4,0.02%,832,3,663,776,RTH1-L18,RTH1-L18,RSH1-L31,RSH1-L31,SH <> TH,SH key = TH key
381,381,405,初,初,,elementary,elementary,chū,chū,at first/(at the) beginning/first/junior/basic,chu1,0.03%,667,3,664,666,RTH1-L18,RTH1-L18,RSH1-L18,RSH1-L18,SH = TH,SH key = TH key
387,387,1386,幫,帮,v.,help,help,bāng,bāng,to assist/to support/to help/group/gang/party,bang1,0.02%,769,3,665,870,RTH1-L18,RTH1-L18,RSH1-L48,RSH1-L48,SH <> TH,SH key = TH key
397,397,428,雲,云,n.,cloud,cloud,yún,yún,"(classical) to say, cloud/(abbr.) for Yunnan/surname",yun2,0.03%,692,3,666,668,RTH1-L18,RTH1-L18,RSH1-L18,RSH1-L18,SH <> TH,SH key = TH key
398,398,426,雷,雷,n.,thunder,thunder,léi,léi,(surname)/thunder,lei2,0.03%,686,3,667,667,RTH1-L18,RTH1-L18,RSH1-L18,RSH1-L18,SH = TH,SH key = TH key
413,413,449,帝,帝,n.,sovereign,sovereign,dì,dì,emperor,di4,0.03%,612,3,668,672,RTH1-L18,RTH1-L18,RSH1-L18,RSH1-L18,SH = TH,SH key = TH key
417,417,290,適,适,,suitable,suitable,shì,shì|dí,to fit/to suit,shi4,0.03%,663,3,669,648,RTH1-L18,RTH1-L18,RSH1-L13,RSH1-L13,SH <> TH,SH key = TH key
421,421,455,背,背,n.,back,back,bèi,bèi|bēi,"carry on one's back, to be burdened/to carry on the back or shoulder, learn by heart/the back of the body",bei1/bei4,0.02%,787,3,670,673,RTH1-L18,RTH1-L18,RSH1-L18,RSH1-L18,SH = TH,SH key = TH key
450,450,485,暗,暗,adj.,dark,dark,àn,àn,"dark/gloomy/hidden/secret, to shut the door/unilluminated",an4,0.02%,829,3,671,674,RTH1-L19,RTH1-L19,RSH1-L19,RSH1-L19,SH = TH,SH key = TH key
454,454,487,竟,竟,,unexpectedly,unexpectedly,jìng,jìng,unexpectedly/actually/to go so far as to/indeed,jing4,0.03%,706,3,672,675,RTH1-L19,RTH1-L19,RSH1-L19,RSH1-L19,SH = TH,SH key = TH key
464,464,497,激,激,,excite,excite,jī,jī,to arouse/to incite/to excite/to stimulate/sharp/fierce/violent,ji1,0.03%,710,3,673,676,RTH1-L19,RTH1-L19,RSH1-L19,RSH1-L19,SH = TH,SH key = TH key
497,497,530,洋,洋,,ocean,ocean,yáng,yáng|yāng,foreign/ocean,yang2,0.02%,803,3,674,679,RTH1-L20,RTH1-L20,RSH1-L20,RSH1-L20,SH = TH,SH key = TH key
501,501,535,差,差,,fall short of,fall short of,chà,chà|chā|cī|chāi|cuō,"difference/discrepancy/to differ/error/to err/to make a mistake, differ from/short of/to lack/poor, send/a messenger/a mission/to commission, uneven",cha1/cha4/chai1/ci1,0.03%,732,3,675,681,RTH1-L20,RTH1-L20,RSH1-L20,RSH1-L20,SH = TH,SH key = TH key
505,505,540,誰,谁,,who?,who?,shéi,shuí,"who, who",shei2/shui2,0.03%,648,3,676,683,RTH1-L20,RTH1-L20,RSH1-L20,RSH1-L20,SH <> TH,SH key = TH key
512,512,545,習,习,,learn,learn,xí,xí,to practice/to study/habit,xi2,0.03%,676,3,677,684,RTH1-L20,RTH1-L20,RSH1-L20,RSH1-L20,SH <> TH,SH key = TH key
514,514,547,困,困,,trapped,trapped,kùn,kùn,"a bunch/tie together, distress/sleepy/doze off, sleepy/doze off",kun3/kun4,0.02%,868,3,678,685,RTH1-L21,RTH1-L21,RSH1-L21,RSH1-L21,SH = TH,SH key = TH key
515,515,548,固,固,,solid,solid,gù,gù,hard/strong/solid/sure,gu4,0.02%,893,3,679,686,RTH1-L21,RTH1-L21,RSH1-L21,RSH1-L21,SH = TH,SH key = TH key
539,539,575,恐,恐,v.,fear,fear,kǒng,kǒng,afraid/frightened/to fear,kong3,0.02%,891,3,680,688,RTH1-L21,RTH1-L21,RSH1-L21,RSH1-L21,SH = TH,SH key = TH key
543,543,580,怕,怕,v.,dread,dread,pà,pà,to be afraid/to fear,pa4,0.03%,631,3,681,690,RTH1-L21,RTH1-L21,RSH1-L21,RSH1-L21,SH = TH,SH key = TH key
544,544,581,忙,忙,adj.,busy,busy,máng,máng,busy,mang2,0.02%,827,3,682,691,RTH1-L21,RTH1-L21,RSH1-L21,RSH1-L21,SH = TH,SH key = TH key
546,546,999,懷,怀,,cherish,cherish,huái,huái,to think of/to cherish/mind/heart/bosom,huai2,0.02%,762,3,683,778,RTH1-L21,RTH1-L21,RSH1-L31,RSH1-L31,SH <> TH,SH key = TH key
1783,1783,570,恩,恩,,kindness,kindness,ēn,ēn,kind act (from above),en1,0.02%,888,3,684,687,RTH2-L21,RTH1-L21,RSH1-L21,RSH1-L21,SH = TH,SH key = TH key
550,550,587,拿,拿,v.,hold,hold,ná,ná,to hold/to seize/to catch/to apprehend/to take,na2,0.03%,645,3,685,692,RTH1-L22,RTH1-L22,RSH1-L22,RSH1-L22,SH = TH,SH key = TH key
556,556,590,抗,抗,v.,combat,combat,kàng,kàng,to resist/to fight/to defy,kang4,0.02%,766,3,686,693,RTH1-L22,RTH1-L22,RSH1-L22,RSH1-L22,SH = TH,SH key = TH key
562,562,597,括,括,,include,include,kuò,kuò|guā,enclose/include,kuo4,0.02%,850,3,687,695,RTH1-L22,RTH1-L22,RSH1-L22,RSH1-L22,SH = TH,SH key = TH key
564,564,599,揮,挥,,brandish,brandish,huī,huī,scatter/wield/wipe away,hui1,0.03%,742,3,688,696,RTH1-L22,RTH1-L22,RSH1-L22,RSH1-L22,SH <> TH,SH key = TH key
569,569,607,掉,掉,v.,drop,drop,diào,diào,to drop/to fall,diao4,0.02%,849,3,689,699,RTH1-L22,RTH1-L22,RSH1-L22,RSH1-L22,SH = TH,SH key = TH key
579,579,621,財,财,,riches,riches,cái,cái,money/wealth/riches/property/valuables,cai2,0.03%,680,3,690,701,RTH1-L22,RTH1-L22,RSH1-L22,RSH1-L22,SH <> TH,SH key = TH key
594,594,245,獲,获,,seize,seize,huò,huò,"to catch/to obtain/to capture, reap/harvest",huo4,0.03%,688,3,691,642,RTH1-L22,RTH1-L22,RSH1-L11,RSH1-L11,SH <> TH,SH key = TH key
596,596,640,歡,欢,,joyous,joyous,huān,huān,joyous/happy/pleased,huan1,0.03%,685,3,692,703,RTH1-L22,RTH1-L22,RSH1-L22,RSH1-L22,SH <> TH,SH key = TH key
600,600,649,股,股,,thigh,thigh,gǔ,gǔ,"share/portion/section/part/thigh/(a measure word, e.g. use with electric current)/whiff",gu3,0.03%,644,3,693,706,RTH1-L22,RTH1-L22,RSH1-L22,RSH1-L22,SH = TH,SH key = TH key
627,627,679,室,室,,room,room,shì,shì,room,shi4,0.03%,708,3,694,708,RTH1-L22,RTH1-L22,RSH1-L22,RSH1-L22,SH = TH,SH key = TH key
629,629,681,互,互,,mutual,mutual,hù,hù,mutual,hu4,0.02%,819,3,695,709,RTH1-L22,RTH1-L22,RSH1-L22,RSH1-L22,SH = TH,SH key = TH key
630,630,682,充,充,,sufficient,sufficient,chōng,chōng,fill/satisfy/fulfill/to act in place of/substitute/sufficient/full,chong1,0.03%,690,3,696,710,RTH1-L22,RTH1-L22,RSH1-L22,RSH1-L22,SH = TH,SH key = TH key
631,631,683,育,育,,education,education,yù,yù|yō,nourish/to rear,yu4,0.03%,609,3,697,711,RTH1-L22,RTH1-L22,RSH1-L22,RSH1-L22,SH = TH,SH key = TH key
644,644,697,松,松,,pine tree,pine tree,sōng,sōng,"loose/pine, loose",song1,0.02%,895,3,698,713,RTH1-L23,RTH1-L23,RSH1-L23,RSH1-L23,SH = TH,SH key = TH key
656,656,707,皮,皮,n.,covering,covering,pí,pí,leather/skin/fur,pi2,0.03%,741,3,699,714,RTH1-L24,RTH1-L24,RSH1-L24,RSH1-L24,SH = TH,SH key = TH key
657,657,708,波,波,,waves,waves,bō,bō,wave/ripple/storm/surge,bo1,0.03%,664,3,700,715,RTH1-L24,RTH1-L24,RSH1-L24,RSH1-L24,SH = TH,SH key = TH key
659,659,710,破,破,v.,break,break,pò,pò,to break/to split/broken/damaged/worn out,po4,0.03%,604,3,701,716,RTH1-L24,RTH1-L24,RSH1-L24,RSH1-L24,SH = TH,SH key = TH key
663,663,714,烈,烈,,intense,intense,liè,liè,ardent/intense/split/crack/rend,lie4,0.02%,802,3,702,717,RTH1-L24,RTH1-L24,RSH1-L24,RSH1-L24,SH = TH,SH key = TH key
666,666,717,耳,耳,,ear,ear,ěr,ěr,ear,er3,0.02%,887,3,703,718,RTH1-L24,RTH1-L24,RSH1-L24,RSH1-L24,SH = TH,SH key = TH key
670,670,721,職,职,,job,job,zhí,zhí,office/duty,zhi2,0.03%,616,3,704,719,RTH1-L24,RTH1-L24,RSH1-L24,RSH1-L24,SH <> TH,SH key = TH key
672,672,722,敢,敢,adj.,brave,brave,gǎn,gǎn,dare,gan3,0.02%,795,3,705,720,RTH1-L24,RTH1-L24,RSH1-L24,RSH1-L24,SH = TH,SH key = TH key
675,675,724,慢,慢,adj.,slow,slow,màn,màn,slow,man4,0.02%,822,3,706,721,RTH1-L24,RTH1-L24,RSH1-L24,RSH1-L24,SH = TH,SH key = TH key
677,677,996,環,环,n.,ring,ring,huán,huán,bracelet/ring (not for finger)/to surround/to loop/loop,huan2,0.03%,681,3,707,777,RTH1-L24,RTH1-L24,RSH1-L31,RSH1-L31,SH <> TH,SH key = TH key
684,684,1012,臨,临,,be about to,be about to,lín,lín,to face/to overlook/to arrive/to be (just) about to/just before,lin2,0.02%,839,3,708,784,RTH1-L24,RTH1-L24,RSH1-L32,RSH1-L32,SH <> TH,SH key = TH key
686,686,1013,堅,坚,adj.,firm,firm,jiān,jiān,strong/solid/firm/unyielding/resolute,jian1,0.03%,748,3,709,785,RTH1-L24,RTH1-L24,RSH1-L32,RSH1-L32,SH <> TH,SH key = TH key
691,691,741,男,男,n.,male,male,nán,nán,male,nan2,0.03%,602,3,710,723,RTH1-L24,RTH1-L24,RSH1-L24,RSH1-L24,SH = TH,SH key = TH key
697,697,751,架,架,n.,shelf,shelf,jià,jià,"to support/frame/rack/framework/measure word for planes, large vehicles, radios, etc.",jia4,0.02%,846,3,711,725,RTH1-L24,RTH1-L24,RSH1-L24,RSH1-L24,SH = TH,SH key = TH key
698,698,744,協,协,,cooperate,cooperate,xié,xié,cooperate/harmonize/to help/to assist/to join,xie2,0.03%,735,3,712,724,RTH1-L24,RTH1-L24,RSH1-L24,RSH1-L24,SH <> TH,SH key = TH key
703,703,757,待,待,v.,treat,treat,dài,dài|dāi,"stay/delay, wait/treat/deal with/need/about/intending to do something",dai1/dai4,0.03%,673,3,713,726,RTH1-L24,RTH1-L24,RSH1-L24,RSH1-L24,SH = TH,SH key = TH key
705,705,760,微,微,,tiny,tiny,wēi,wēi,micro/tiny/miniature,wei1,0.03%,653,3,714,727,RTH1-L24,RTH1-L24,RSH1-L24,RSH1-L24,SH = TH,SH key = TH key
1897,1897,1956,掌,掌,,palm of the hand,palm of the hand,zhǎng,zhǎng,in charge of/palm of hand,zhang3,0.02%,890,3,715,728,RTH2-L24,RTH1-L24,RSH2-L24,RSH1-L24,SH = TH,SH key = TH key
1933,1933,1993,徵,征,,solicit,solicit,zhēng,zhēng|zhǐ,attack/levy (troops or taxes)/journey/trip/expedition,zheng1,0.03%,739,3,716,729,RTH2-L24,RTH1-L24,RSH2-L24,RSH1-L24,SH <> TH,SH key = TH key
713,713,767,移,移,v.,shift,shift,yí,yí,to move/to shift/to change/to alter/to remove,yi2,0.02%,880,3,717,731,RTH1-L25,RTH1-L25,RSH1-L25,RSH1-L25,SH = TH,SH key = TH key
717,717,772,香,香,n.,perfume,perfume,xiāng,xiāng,fragrant/incense/(of food) savory/appetizing/sweet/scented/popular,xiang1,0.02%,776,3,718,732,RTH1-L25,RTH1-L25,RSH1-L25,RSH1-L25,SH = TH,SH key = TH key
735,735,792,策,策,,strategy,strategy,cè,cè,method/plan/policy/scheme,ce4,0.03%,714,3,719,734,RTH1-L25,RTH1-L25,RSH1-L25,RSH1-L25,SH = TH,SH key = TH key
1955,1955,2012,稅,税,n.,tax,tax,shuì,shuì,taxes/duties,shui4,0.02%,781,3,720,735,RTH2-L25,RTH1-L25,RSH2-L25,RSH1-L25,SH <> TH,SH key = TH key
738,738,796,份,份,,portion,portion,fèn,fèn,"(a measure word for gifts, copies of a newspaper)/copy (of newspaper, magazine, etc.)/share/portion/part/(a measure word)",fen4,0.02%,784,3,721,737,RTH1-L26,RTH1-L26,RSH1-L26,RSH1-L26,SH = TH,SH key = TH key
742,742,800,您,您,,you (respectful),you (respectful),nín,nín,you (formal),nin2,0.03%,726,3,722,738,RTH1-L26,RTH1-L26,RSH1-L26,RSH1-L26,SH = TH,SH key = TH key
751,751,809,仍,仍,adv.,still,still,réng,réng,still/yet/to remain,reng2,0.03%,601,3,723,739,RTH1-L26,RTH1-L26,RSH1-L26,RSH1-L26,SH = TH,SH key = TH key
759,759,818,停,停,v.,halt,halt,tíng,tíng,to stop/to halt,ting2,0.03%,693,3,724,740,RTH1-L26,RTH1-L26,RSH1-L26,RSH1-L26,SH = TH,SH key = TH key
760,760,819,倒,倒,,upside down,upside down,dǎo,dào|dǎo|dáo,"to fall/to collapse/to topple/to change/to fail/bankrupt, upset/turn over/to tip/to pour/to go home/to the contrary/inverted",dao3/dao4,0.03%,608,3,725,741,RTH1-L26,RTH1-L26,RSH1-L26,RSH1-L26,SH = TH,SH key = TH key
762,762,821,優,优,,excellent,excellent,yōu,yōu,excellent/superior,you1,0.02%,774,3,726,742,RTH1-L26,RTH1-L26,RSH1-L26,RSH1-L26,SH <> TH,SH key = TH key
763,763,822,傷,伤,n.,wound,wound,shāng,shāng,injure/injury/wound,shang1,0.03%,660,3,727,743,RTH1-L26,RTH1-L26,RSH1-L26,RSH1-L26,SH <> TH,SH key = TH key
766,766,825,付,付,v.,pay,pay,fù,fù,pay,fu4,0.02%,820,3,728,744,RTH1-L26,RTH1-L26,RSH1-L26,RSH1-L26,SH = TH,SH key = TH key
773,773,834,貨,货,,commodities,commodities,huò,huò,goods/money/commodity,huo4,0.02%,818,3,729,745,RTH1-L26,RTH1-L26,RSH1-L26,RSH1-L26,SH <> TH,SH key = TH key
778,778,839,久,久,,long time,long time,jiǔ,jiǔ,(long) time/(long) duration of time,jiu3,0.03%,637,3,730,746,RTH1-L26,RTH1-L26,RSH1-L26,RSH1-L26,SH = TH,SH key = TH key
785,785,848,坐,坐,,sit,sit,zuò,zuò,"to sit/to take a seat/to take (a bus, airplane etc.)",zuo4,0.03%,611,3,731,747,RTH1-L26,RTH1-L26,RSH1-L26,RSH1-L26,SH = TH,SH key = TH key
786,786,849,座,座,n.,seat,seat,zuò,zuò,"seat/base/stand/measure word for large, solid things",zuo4,0.02%,812,3,732,748,RTH1-L26,RTH1-L26,RSH1-L26,RSH1-L26,SH = TH,SH key = TH key
787,787,1435,檢,检,,examine,examine,jiǎn,jiǎn,to check/to examine/to inspect,jian3,0.03%,731,3,733,883,RTH1-L26,RTH1-L26,RSH1-L52,RSH1-L52,SH <> TH,SH key = TH key
788,788,1436,臉,脸,n.,face,face,liǎn,liǎn,face,lian3,0.03%,615,3,734,884,RTH1-L26,RTH1-L26,RSH1-L52,RSH1-L52,SH <> TH,SH key = TH key
1993,1993,2057,伯,伯,,father's older brother,father's older brother,bó,bǎi|bó,father's elder brother/senior/paternal elder uncle/eldest of brothers/respectful form of address,bo2,0.02%,821,3,735,749,RTH2-L26,RTH1-L26,RSH2-L26,RSH1-L26,SH = TH,SH key = TH key
2052,2052,2858,劍,剑,,saber,saber,jiàn,jiàn,(double-edged) sword,jian4,0.02%,869,3,736,891,RTH2-L26,RTH1-L26,RSH2-L52,RSH1-L52,SH <> TH,SH key = TH key
803,803,868,勞,劳,n.,labor,labor,láo,láo|lào,toil,lao2,0.03%,679,3,737,752,RTH1-L27,RTH1-L27,RSH1-L27,RSH1-L27,SH <> TH,SH key = TH key
805,805,870,善,善,,virtuous,virtuous,shàn,shàn,good,shan4,0.03%,749,3,738,753,RTH1-L27,RTH1-L27,RSH1-L27,RSH1-L27,SH = TH,SH key = TH key
807,807,872,夜,夜,,night,night,yè,yè,night,ye4,0.03%,665,3,739,754,RTH1-L27,RTH1-L27,RSH1-L27,RSH1-L27,SH = TH,SH key = TH key
810,810,1327,換,换,v.,exchange,exchange,huàn,huàn,change/exchange,huan4,0.02%,824,3,740,859,RTH1-L27,RTH1-L27,RSH1-L44,RSH1-L44,SH <> TH,SH key = TH key
813,813,876,游,游,,go swimming,go swimming,yóu,yóu,"to walk/to tour/to roam/to swim/to travel, to roam/travel",you2,0.03%,695,3,741,755,RTH1-L28,RTH1-L28,RSH1-L28,RSH1-L28,SH = TH,SH key = TH key
821,821,883,尼,尼,,nun,nun,ní,ní,Buddhist nun/(often used in phonetic spellings),ni2,0.03%,654,3,742,756,RTH1-L28,RTH1-L28,RSH1-L28,RSH1-L28,SH = TH,SH key = TH key
824,824,886,屋,屋,,habitation,habitation,wū,wū,house/room,wu1,0.02%,863,3,743,757,RTH1-L28,RTH1-L28,RSH1-L28,RSH1-L28,SH = TH,SH key = TH key
826,826,888,居,居,,reside,reside,jū,jū,reside,ju1,0.03%,678,3,744,758,RTH1-L28,RTH1-L28,RSH1-L28,RSH1-L28,SH = TH,SH key = TH key
828,828,892,層,层,,story,story,céng,céng,a measure word for layers/laminated/repeated/floor/story (of a building)/layer/(math.) sheaf,ceng2,0.03%,699,3,745,759,RTH1-L28,RTH1-L28,RSH1-L28,RSH1-L28,SH <> TH,SH key = TH key
830,830,896,戶,户,,door,door,hù,hù,a household/door/family,hu4,0.02%,801,3,746,760,RTH1-L28,RTH1-L28,RSH1-L28,RSH1-L28,SH <> TH,SH key = TH key
833,833,523,顧,顾,,look back,look back,gù,gù,look after/take into consideration/to attend to,gu4,0.02%,815,3,747,678,RTH1-L28,RTH1-L28,RSH1-L20,RSH1-L20,SH <> TH,SH key = TH key
837,837,904,福,福,,happiness,happiness,fú,fú,good fortune,fu2,0.03%,683,3,748,761,RTH1-L29,RTH1-L29,RSH1-L29,RSH1-L29,SH = TH,SH key = TH key
840,840,908,宗,宗,,religion,religion,zōng,zōng,school/sect/purpose/model/ancestor/family,zong1,0.03%,727,3,749,762,RTH1-L29,RTH1-L29,RSH1-L29,RSH1-L29,SH = TH,SH key = TH key
2100,2100,2159,款,款,,funds,funds,kuǎn,kuǎn,section/paragraph/funds,kuan3,0.02%,807,3,750,763,RTH2-L29,RTH1-L29,RSH2-L29,RSH1-L29,SH = TH,SH key = TH key
2104,2104,2016,祕,秘,,confidential,confidential,mì,mì|bì,secret,mi4,0.02%,896,3,751,736,RTH2-L29,RTH1-L29,RSH2-L25,RSH1-L25,SH <> TH,SH key = TH key
861,861,930,漸,渐,,gradually,gradually,jiàn,jiàn|jiān,"imbue, gradual/gradually",jian1/jian4,0.02%,870,3,752,765,RTH1-L30,RTH1-L30,RSH1-L30,RSH1-L30,SH <> TH,SH key = TH key
870,870,946,急,急,,anxious,anxious,jí,jí,hurried/worried,ji2,0.03%,657,3,753,767,RTH1-L30,RTH1-L30,RSH1-L30,RSH1-L30,SH = TH,SH key = TH key
881,881,956,康,康,adj.,hale,hale,kāng,kāng,peaceful/spongy (of radishes),kang1,0.02%,900,3,754,768,RTH1-L30,RTH1-L30,RSH1-L30,RSH1-L30,SH = TH,SH key = TH key
883,883,958,伊,伊,,Queen Elizabeth,Queen Elizabeth,yī,yī,he/she/(surname)/Iraq (abbrev.),yi1,0.02%,761,3,755,769,RTH1-L30,RTH1-L30,RSH1-L30,RSH1-L30,SH = TH,SH key = TH key
899,899,975,錯,错,,mistaken,mistaken,cuò,cuò,mistake/error/blunder/fault/cross/uneven/wrong,cuo4,0.03%,638,3,756,770,RTH1-L31,RTH1-L31,RSH1-L31,RSH1-L31,SH <> TH,SH key = TH key
900,900,976,散,散,,scattered,scattered,sǎn,sàn|sǎn,"leisurely/loosen/powdered medicine/to scatter/to come loose, adjourn/scatter",san3/san4,0.02%,866,3,757,771,RTH1-L31,RTH1-L31,RSH1-L31,RSH1-L31,SH = TH,SH key = TH key
904,904,979,席,席,,mat,mat,xí,xí,"banquet/woven mat/seat/place, woven mat",xi2,0.02%,894,3,758,772,RTH1-L31,RTH1-L31,RSH1-L31,RSH1-L31,SH = TH,SH key = TH key
910,910,985,判,判,v.,judge,judge,pàn,pàn,to judge/to sentence/to discriminate/to discern,pan4,0.03%,719,3,759,773,RTH1-L31,RTH1-L31,RSH1-L31,RSH1-L31,SH = TH,SH key = TH key
913,913,1224,勝,胜,,victory,victory,shèng,shèng,"(also sheng4) able to do/competent enough to, peptide, victorious",sheng1/sheng4,0.03%,743,3,760,843,RTH1-L31,RTH1-L31,RSH1-L39,RSH1-L39,SH <> TH,SH key = TH key
915,915,989,版,版,,printing plate,printing plate,bǎn,bǎn,a register/a block of printing/an edition/version/page,ban3,0.02%,810,3,761,774,RTH1-L31,RTH1-L31,RSH1-L31,RSH1-L31,SH = TH,SH key = TH key
925,925,994,否,否,,negate,negate,fǒu,fǒu|pǐ,"to negate/to deny/not, clogged/evil",fou3/pi3,0.03%,620,3,762,775,RTH1-L31,RTH1-L31,RSH1-L31,RSH1-L31,SH = TH,SH key = TH key
2181,2181,242,狀,状,,state of affairs,state of affairs,zhuàng,zhuàng,accusation/suit/state/condition/strong/great,zhuang4,0.03%,624,3,763,641,RTH2-L31,RTH1-L31,RSH1-L11,RSH1-L11,SH <> TH,SH key = TH key
930,930,1003,智,智,,wisdom,wisdom,zhì,zhì,wisdom/knowledge,zhi4,0.02%,885,3,764,779,RTH1-L32,RTH1-L32,RSH1-L32,RSH1-L32,SH = TH,SH key = TH key
937,937,1008,序,序,n.,preface,preface,xù,xù,order/sequence/preface,xu4,0.02%,836,3,765,780,RTH1-L32,RTH1-L32,RSH1-L32,RSH1-L32,SH = TH,SH key = TH key
938,938,1009,預,预,,beforehand,beforehand,yù,yù,to advance/in advance/beforehand/to prepare,yu4,0.03%,647,3,766,781,RTH1-L32,RTH1-L32,RSH1-L32,RSH1-L32,SH <> TH,SH key = TH key
939,939,1010,野,野,adj.,wild,wild,yě,yě,field/plain/open space/limit/boundary/rude/wild,ye3,0.02%,845,3,767,782,RTH1-L32,RTH1-L32,RSH1-L32,RSH1-L32,SH = TH,SH key = TH key
940,940,1011,班,班,,class,class,bān,bān,team/class/rank/squad/a work shift/a measure word/(a surname),ban1,0.02%,884,3,768,783,RTH1-L32,RTH1-L32,RSH1-L32,RSH1-L32,SH = TH,SH key = TH key
945,945,1021,彈,弹,,bullet,bullet,dàn,dàn|tán,"crossball/bullet/shot/shell/ball, impeach/to pluck a string/to play (a stringed musical instrument with fingers)",dan4/tan2,0.03%,632,3,769,786,RTH1-L32,RTH1-L32,RSH1-L32,RSH1-L32,SH <> TH,SH key = TH key
946,946,1023,佛,佛,,Buddha,Buddha,fó,fú|Fó,"Buddha/Buddhism, seemingly",fo2/fu2,0.02%,771,3,770,787,RTH1-L32,RTH1-L32,RSH1-L32,RSH1-L32,SH = TH,SH key = TH key
948,948,1024,弟,弟,,younger brother,younger brother,dì,dì|tì,younger brother,di4,0.02%,816,3,771,788,RTH1-L32,RTH1-L32,RSH1-L32,RSH1-L32,SH = TH,SH key = TH key
952,952,1029,射,射,v.,shoot,shoot,shè,shè,radio- (chem.)/shoot,she4,0.03%,703,3,772,789,RTH1-L33,RTH1-L33,RSH1-L33,RSH1-L33,SH = TH,SH key = TH key
953,953,1030,謝,谢,,thank,thank,xiè,xiè,(surname)/to thank,xie4,0.02%,897,3,773,790,RTH1-L33,RTH1-L33,RSH1-L33,RSH1-L33,SH <> TH,SH key = TH key
962,962,1042,追,追,,chase,chase,zhuī,zhuī,pursue (a problem)/to chase,zhui1,0.02%,768,3,774,792,RTH1-L33,RTH1-L33,RSH1-L33,RSH1-L33,SH = TH,SH key = TH key
972,972,1049,校,校,n.,school,school,xiào,xiào|jiào,"proofread/to check/to compare, school",jiao4/xiao4,0.03%,633,3,775,793,RTH1-L33,RTH1-L33,RSH1-L33,RSH1-L33,SH = TH,SH key = TH key
974,974,1051,跑,跑,v.,run,run,pǎo,pǎo|páo,to run/to escape,pao3,0.02%,864,3,776,794,RTH1-L33,RTH1-L33,RSH1-L33,RSH1-L33,SH = TH,SH key = TH key
977,977,1054,露,露,,dew,dew,lù,lù|lòu,to show/to reveal/to expos/dew,lu4/lou4,0.02%,841,3,777,795,RTH1-L33,RTH1-L33,RSH1-L33,RSH1-L33,SH = TH,SH key = TH key
982,982,1058,啊,啊,,aah!,aah!,ā,a|ā|á|ǎ|à,"(interj.)/ah, an interjection/to express doubt or to question/to show realization/to stress, (interj. for surprise), oh (interjection), (a modal particle showing affirmation, approval, or consent)",a1/a2/a3/a4/a,0.03%,753,3,778,796,RTH1-L34,RTH1-L34,RSH1-L34,RSH1-L34,SH = TH,SH key = TH key
984,984,1437,險,险,,perilous,perilous,xiǎn,xiǎn,danger (ous)/rugged,xian3,0.03%,672,3,779,885,RTH1-L34,RTH1-L34,RSH1-L52,RSH1-L52,SH <> TH,SH key = TH key
986,986,1060,陽,阳,,Yang,Yang,yáng,yáng,positive (electric.)/sun,yang2,0.03%,650,3,780,797,RTH1-L34,RTH1-L34,RSH1-L34,RSH1-L34,SH <> TH,SH key = TH key
991,991,1068,陣,阵,,battle formation,battle formation,zhèn,zhèn,disposition of troops/short period/wave/spate/burst/spell,zhen4,0.02%,788,3,781,799,RTH1-L34,RTH1-L34,RSH1-L34,RSH1-L34,SH <> TH,SH key = TH key
993,993,1071,降,降,,descend,descend,jiàng,jiàng|xiáng,"to drop/to fall/to come down/to descend, surrender",jiang4/xiang2,0.03%,744,3,782,800,RTH1-L34,RTH1-L34,RSH1-L34,RSH1-L34,SH = TH,SH key = TH key
994,994,1066,階,阶,,stairs,stairs,jiē,jiē,rank or step/stairs,jie1,0.03%,745,3,783,798,RTH1-L34,RTH1-L34,RSH1-L34,RSH1-L34,SH <> TH,SH key = TH key
999,999,1076,控,控,v.,control,control,kòng,kòng,to accuse/to charge/to control/to sue,kong4,0.02%,780,3,784,801,RTH1-L34,RTH1-L34,RSH1-L34,RSH1-L34,SH = TH,SH key = TH key
1021,1021,1174,網,网,n.,net,net,wǎng,wǎng,"net/network, a net",wang3,0.03%,605,3,785,834,RTH1-L35,RTH1-L35,RSH1-L38,RSH1-L38,SH <> TH,SH key = TH key
1024,1024,1493,灣,湾,n.,bay,bay,wān,wān,bay/gulf,wan1,0.02%,855,3,786,899,RTH1-L35,RTH1-L35,RSH1-L55,RSH1-L55,SH <> TH,SH key = TH key
1033,1033,1099,繼,继,v.,carry on,carry on,jì,jì,to continue/to follow after/then/afterwards/to go on with/to succeed/to inherit,ji4,0.03%,655,3,787,802,RTH1-L35,RTH1-L35,RSH1-L35,RSH1-L35,SH <> TH,SH key = TH key
1035,1035,662,樂,乐,,music,music,yuè,lè|yuè,"(surname)/happy/laugh/cheerful, (surname)/music",le4/yue4,0.03%,619,3,788,707,RTH1-L35,RTH1-L35,RSH1-L22,RSH1-L22,SH <> TH,SH key = TH key
1036,1036,1100,藥,药,,medicine,medicine,yào,yào,medicine/drug/cure,yao4,0.03%,662,3,789,803,RTH1-L35,RTH1-L35,RSH1-L35,RSH1-L35,SH <> TH,SH key = TH key
2316,2316,2390,納,纳,,let in,let in,nà,nà,to accept/to pay (tax etc.),na4,0.03%,684,3,790,804,RTH2-L35,RTH1-L35,RSH2-L35,RSH1-L35,SH <> TH,SH key = TH key
2327,2327,2423,索,索,,large rope,large rope,suǒ,suǒ|suō,to search/to demand/to ask/to exact/large rope/isolated,suo3,0.02%,805,3,791,805,RTH2-L35,RTH1-L35,RSH2-L35,RSH1-L35,SH = TH,SH key = TH key
1043,1043,1104,腳,脚,,foot,foot,jiǎo,jiǎo|jué,"a kick/foot/role, role",jiao3/jue2,0.02%,790,3,792,806,RTH1-L36,RTH1-L36,RSH1-L36,RSH1-L36,SH <> TH,SH key = TH key
1051,1051,1116,冷,冷,,cold,cold,lěng,lěng,cold,leng3,0.03%,700,3,793,808,RTH1-L36,RTH1-L36,RSH1-L36,RSH1-L36,SH = TH,SH key = TH key
1056,1056,1124,犯,犯,n.,criminal,criminal,fàn,fàn,to violate/to offend,fan4,0.02%,767,3,794,811,RTH1-L36,RTH1-L36,RSH1-L36,RSH1-L36,SH = TH,SH key = TH key
1057,1057,1125,危,危,,danger,danger,wēi,wēi,danger/to endanger,wei1,0.02%,826,3,795,812,RTH1-L36,RTH1-L36,RSH1-L36,RSH1-L36,SH = TH,SH key = TH key
1059,1059,1127,印,印,n./v.,print,print,yìn,yìn,stamp/seal/mark/print/India (abbrev.),yin4,0.03%,640,3,796,813,RTH1-L36,RTH1-L36,RSH1-L36,RSH1-L36,SH = TH,SH key = TH key
2368,2368,2435,疑,疑,v.,doubt,doubt,yí,yí,to doubt/to misbelieve/to suspect,yi2,0.03%,698,3,797,814,RTH2-L36,RTH1-L36,RSH2-L36,RSH1-L36,SH = TH,SH key = TH key
2384,2384,2445,範,范,,model,model,fàn,fàn,pattern/model/example/(surname),fan4,0.03%,705,3,798,815,RTH2-L36,RTH1-L36,RSH2-L36,RSH1-L36,SH <> TH,SH key = TH key
1061,1061,1128,酒,酒,,liquor,liquor,jiǔ,jiǔ,wine/liquor/spirits,jiu3,0.02%,797,3,799,816,RTH1-L37,RTH1-L37,RSH1-L37,RSH1-L37,SH = TH,SH key = TH key
1062,1062,1129,配,配,,distribute,distribute,pèi,pèi,to join/to fit/to mate/to mix/to match/to deserve/to make up (a prescription),pei4,0.03%,738,3,800,817,RTH1-L37,RTH1-L37,RSH1-L37,RSH1-L37,SH = TH,SH key = TH key
1068,1068,1134,短,短,,short,short,duǎn,duǎn,lack/short,duan3,0.02%,889,3,801,818,RTH1-L37,RTH1-L37,RSH1-L37,RSH1-L37,SH = TH,SH key = TH key
1072,1072,1137,喜,喜,,joyful,joyful,xǐ,xǐ,to be fond of/to like/to enjoy/to be happy/to feel pleased/happiness/delight/glad,xi3,0.03%,668,3,802,819,RTH1-L37,RTH1-L37,RSH1-L37,RSH1-L37,SH = TH,SH key = TH key
1074,1074,643,樹,树,,timber,timber,shù,shù,tree,shu4,0.03%,697,3,803,705,RTH1-L37,RTH1-L37,RSH1-L22,RSH1-L22,SH <> TH,SH key = TH key
1075,1075,1138,血,血,,blood,blood,xuè,xuè|xiě,"blood, blood",xie3/xue4,0.03%,658,3,804,820,RTH1-L37,RTH1-L37,RSH1-L37,RSH1-L37,SH = TH,SH key = TH key
1079,1079,1140,溫,温,,temperature,temperature,wēn,wēn,(luke)warm/to review,wen1,0.02%,867,3,805,821,RTH1-L37,RTH1-L37,RSH1-L37,RSH1-L37,SH <> TH,SH key = TH key
1080,1080,1141,監,监,,supervise,supervise,jiān,jiān|jiàn,"hard/strong/solid/firm/to supervise/to inspect/jail/prison, supervisor",jian1/jian4,0.02%,838,3,806,822,RTH1-L37,RTH1-L37,RSH1-L37,RSH1-L37,SH <> TH,SH key = TH key
1083,1083,1144,銀,银,,silver,silver,yín,yín,silver,yin2,0.02%,757,3,807,823,RTH1-L37,RTH1-L37,RSH1-L37,RSH1-L37,SH <> TH,SH key = TH key
1089,1089,1149,退,退,v.,retreat,retreat,tuì,tuì,retreat/to decline/to move back/to withdraw,tui4,0.03%,723,3,808,824,RTH1-L37,RTH1-L37,RSH1-L37,RSH1-L37,SH = TH,SH key = TH key
1091,1091,1151,限,限,n./v.,limit,limit,xiàn,xiàn,limit/bound,xian4,0.03%,613,3,809,825,RTH1-L37,RTH1-L37,RSH1-L37,RSH1-L37,SH = TH,SH key = TH key
1093,1093,1153,良,良,adj.,high-quality,high-quality,liáng,liáng,good/very/very much,liang2,0.02%,835,3,810,826,RTH1-L37,RTH1-L37,RSH1-L37,RSH1-L37,SH = TH,SH key = TH key
1095,1095,1155,娘,娘,,mom,mom,niáng,niáng,"mother/young lady, mother/troubled",niang2,0.02%,881,3,811,827,RTH1-L37,RTH1-L37,RSH1-L37,RSH1-L37,SH = TH,SH key = TH key
1096,1096,1156,食,食,,food,food,shí,shí|sì,"animal feed/eat/food, to feed",shi2/si4,0.03%,671,3,812,828,RTH1-L37,RTH1-L37,RSH1-L37,RSH1-L37,SH = TH,SH key = TH key
1100,1100,537,養,养,v.,raise,raise,yǎng,yǎng,"give birth/keep (pets)/to support/to bring sb. up/to raise (pig, etc.)",yang3,0.02%,760,3,813,682,RTH1-L37,RTH1-L37,RSH1-L20,RSH1-L20,SH <> TH,SH key = TH key
1101,1101,1160,既,既,,since,since,jì,jì,already/since/both... (and...),ji4,0.03%,724,3,814,829,RTH1-L37,RTH1-L37,RSH1-L37,RSH1-L37,SH = TH,SH key = TH key
1102,1102,1161,概,概,adj.,approximate,approximate,gài,gài,general/approximate,gai4,0.02%,791,3,815,830,RTH1-L37,RTH1-L37,RSH1-L37,RSH1-L37,SH = TH,SH key = TH key
1104,1104,1163,評,评,,evaluate,evaluate,píng,píng,to discuss/to comment/to criticize/to judge/to choose (by public appraisal),ping2,0.02%,809,3,816,831,RTH1-L38,RTH1-L38,RSH1-L38,RSH1-L38,SH <> TH,SH key = TH key
1107,1107,1166,呼,呼,v.,shout,shout,hū,hū,to call/to cry/to shout/to breath out/to exhale,hu1,0.02%,843,3,817,832,RTH1-L38,RTH1-L38,RSH1-L38,RSH1-L38,SH = TH,SH key = TH key
1128,1128,602,執,执,v.,clench,clench,zhí,zhí,execute (a plan)/grasp,zhi2,0.02%,763,3,818,697,RTH1-L38,RTH1-L38,RSH1-L22,RSH1-L22,SH <> TH,SH key = TH key
1132,1132,1237,陸,陆,n.,land,land,lù,liù|lù,"six (fraud-proof), (surname)/shore/land/continent",liu4/lu4,0.03%,675,3,819,844,RTH1-L38,RTH1-L38,RSH1-L39,RSH1-L39,SH <> TH,SH key = TH key
1134,1134,603,熱,热,n./v.,heat,heat,rè,rè,heat/to heat up/fervent/hot (of weather)/warm up,re4,0.03%,606,3,820,698,RTH1-L38,RTH1-L38,RSH1-L22,RSH1-L22,SH <> TH,SH key = TH key
1135,1135,228,藝,艺,,technique,technique,yì,yì,skill/art,yi4,0.02%,786,3,821,638,RTH1-L38,RTH1-L38,RSH1-L10,RSH1-L10,SH <> TH,SH key = TH key
1137,1137,1197,核,核,,nucleus,nucleus,hé,hé|hú,nuclear/atomic/stone (of fruit),he2,0.02%,828,3,822,837,RTH1-L38,RTH1-L38,RSH1-L38,RSH1-L38,SH = TH,SH key = TH key
1139,1139,1199,刻,刻,,carve,carve,kè,kè,quarter (hour)/(a measure word)/to carve/to engrave/to cut/oppressive,ke4,0.03%,618,3,823,838,RTH1-L38,RTH1-L38,RSH1-L38,RSH1-L38,SH = TH,SH key = TH key
1141,1141,1202,述,述,,narrate,narrate,shù,shù,to state/to tell/to narrate/to relate,shu4,0.03%,674,3,824,839,RTH1-L38,RTH1-L38,RSH1-L38,RSH1-L38,SH = TH,SH key = TH key
2473,2473,2544,頓,顿,n./v.,pause,pause,dùn,dùn,a time/jerk/stop/meal/bout/spell/(measure for beating),dun4,0.02%,794,3,825,840,RTH2-L38,RTH1-L38,RSH2-L38,RSH1-L38,SH <> TH,SH key = TH key
1150,1150,1209,素,素,,vegetarian diet,vegetarian diet,sù,sù,plain/element,su4,0.03%,661,3,826,841,RTH1-L39,RTH1-L39,RSH1-L39,RSH1-L39,SH = TH,SH key = TH key
1157,1157,1216,靜,静,,quiet,quiet,jìng,jìng,still/calm/quiet/not moving,jing4,0.03%,722,3,827,842,RTH1-L39,RTH1-L39,RSH1-L39,RSH1-L39,SH <> TH,SH key = TH key
1160,1160,765,積,积,,accumulate,accumulate,jī,jī,to amass/to accumulate/to store/old/long-standing,ji1,0.03%,728,3,828,730,RTH1-L39,RTH1-L39,RSH1-L25,RSH1-L25,SH <> TH,SH key = TH key
1178,1178,637,漢,汉,,Han,Han,hàn,Hàn|hàn,Chinese/name of a dynasty,han4,0.03%,711,3,829,702,RTH1-L39,RTH1-L39,RSH1-L22,RSH1-L22,SH <> TH,SH key = TH key
1206,1206,1267,簡,简,,simple,simple,jiǎn,jiǎn,simple,jian3,0.03%,716,3,830,845,RTH1-L41,RTH1-L41,RSH1-L41,RSH1-L41,SH <> TH,SH key = TH key
1208,1208,1268,聞,闻,,hear,hear,wén,wén,(surname)/hear/sniff at,wen2,0.02%,825,3,831,846,RTH1-L41,RTH1-L41,RSH1-L41,RSH1-L41,SH <> TH,SH key = TH key
1210,1210,1122,槍,枪,,gun,gun,qiāng,qiāng|chēng,"gun/firearm/rifle/spear, rifle/spear",qiang1,0.02%,874,3,832,809,RTH1-L41,RTH1-L41,RSH1-L36,RSH1-L36,SH <> TH,SH key = TH key
1211,1211,1123,創,创,v.,initiate,initiate,chuàng,chuàng|chuāng,"a wound/cut/injury/trauma, begin/initiate/inaugurate/start/create",chuang1/chuang4,0.03%,635,3,833,810,RTH1-L41,RTH1-L41,RSH1-L36,RSH1-L36,SH <> TH,SH key = TH key
1213,1213,1270,排,排,n.,row,row,pái,pái|pǎi,"a platoon/line up, row of logs or boards",pai2/pai3,0.03%,682,3,834,847,RTH1-L41,RTH1-L41,RSH1-L41,RSH1-L41,SH = TH,SH key = TH key
1214,1214,1271,罪,罪,,guilt,guilt,zuì,zuì,guilt/crime/fault/blame/sin,zui4,0.03%,718,3,835,848,RTH1-L41,RTH1-L41,RSH1-L41,RSH1-L41,SH = TH,SH key = TH key
1215,1215,1272,靠,靠,,lean on,lean on,kào,kào,depend upon/lean on/near/by/against/to support,kao4,0.02%,808,3,836,849,RTH1-L41,RTH1-L41,RSH1-L41,RSH1-L41,SH = TH,SH key = TH key
1224,1224,1114,衛,卫,,defend,defend,wèi,wèi,to guard/to protect/to defend/(surname),wei4,0.03%,669,3,837,807,RTH1-L41,RTH1-L41,RSH1-L36,RSH1-L36,SH <> TH,SH key = TH key
1233,1233,1285,餘,余,,excess,excess,yú,yú|Yú,extra/surplus/remaining/after/I/me,yu2,0.03%,729,3,838,851,RTH1-L42,RTH1-L42,RSH1-L42,RSH1-L42,SH <> TH,SH key = TH key
1237,1237,1289,速,速,,quick,quick,sù,sù,fast/rapid/quick,su4,0.03%,617,3,839,852,RTH1-L42,RTH1-L42,RSH1-L42,RSH1-L42,SH = TH,SH key = TH key
1246,1246,432,衝,冲,,collide,collide,chōng,chōng|chòng,"to rinse/to collide/to water/to rush/to dash (against)/to wash out/to charge/highway/public road, dash against, strong/powerful/forceful/dynamic/to punch, of great force/towards",chong1/chong4,0.03%,702,3,840,669,RTH1-L42,RTH1-L42,RSH1-L18,RSH1-L18,SH <> TH,SH key = TH key
1248,1248,1295,痛,痛,v.,ache,ache,tòng,tòng,ache/pain/sorrow,tong4,0.03%,730,3,841,853,RTH1-L43,RTH1-L43,RSH1-L43,RSH1-L43,SH = TH,SH key = TH key
1253,1253,1299,歐,欧,,Europe,Europe,ōu,Ōu,Europe,ou1,0.02%,823,3,842,854,RTH1-L43,RTH1-L43,RSH1-L43,RSH1-L43,SH <> TH,SH key = TH key
1257,1257,1303,登,登,,ascend,ascend,dēng,dēng,scale/climb/ascend/mount/go up/register/note/to publish/to issue/to record,deng1,0.02%,817,3,843,855,RTH1-L43,RTH1-L43,RSH1-L43,RSH1-L43,SH = TH,SH key = TH key
1269,1269,1312,修,修,v.,repair,repair,xiū,xiū,to decorate/to embellish/to repair/to build/to study/to write/to cultivate,xiu1,0.03%,740,3,844,856,RTH1-L44,RTH1-L44,RSH1-L44,RSH1-L44,SH = TH,SH key = TH key
1275,1275,1322,率,率,n.,rate,rate,shuài,lǜ|shuài,"rate/frequency, to lead/command",lu:4/shuai4/lv4,0.03%,625,3,845,857,RTH1-L44,RTH1-L44,RSH1-L44,RSH1-L44,SH = TH,SH key = TH key
1277,1277,1324,央,央,,center,center,yāng,yāng,beg/center,yang1,0.02%,800,3,846,858,RTH1-L44,RTH1-L44,RSH1-L44,RSH1-L44,SH = TH,SH key = TH key
1291,1291,1340,甚,甚,,tremendously,tremendously,shèn,shèn|shén,very/extremely/more (than),shen4,0.03%,626,3,847,861,RTH1-L45,RTH1-L45,RSH1-L45,RSH1-L45,SH = TH,SH key = TH key
1292,1292,1342,貴,贵,,expensive,expensive,guì,guì,expensive/noble/your (name)/precious,gui4,0.02%,873,3,848,862,RTH1-L45,RTH1-L45,RSH1-L45,RSH1-L45,SH <> TH,SH key = TH key
1293,1293,1343,遺,遗,,bequeath,bequeath,yí,yí|wèi,to lose/to leave behind,yi2,0.02%,892,3,849,863,RTH1-L45,RTH1-L45,RSH1-L45,RSH1-L45,SH <> TH,SH key = TH key
1298,1298,1346,姐,姐,,older sister,older sister,jiě,jiě,older sister,jie3,0.02%,830,3,850,864,RTH1-L45,RTH1-L45,RSH1-L46,RSH1-L46,SH = TH,SH key = TH key
1301,1301,1349,助,助,v.,assist,assist,zhù,zhù,to help/to assist,zhu4,0.03%,607,3,851,865,RTH1-L45,RTH1-L45,RSH1-L46,RSH1-L46,SH = TH,SH key = TH key
1303,1303,1350,普,普,,universal,universal,pǔ,pǔ,general/popular/everywhere/universal,pu3,0.03%,630,3,852,866,RTH1-L46,RTH1-L46,RSH1-L46,RSH1-L46,SH = TH,SH key = TH key
1308,1308,616,異,异,,different,different,yì,yì,"(interj.)/raise/to stop, different/unusual/strange",yi4,0.03%,709,3,853,700,RTH1-L46,RTH1-L46,RSH1-L22,RSH1-L22,SH <> TH,SH key = TH key
1314,1314,1354,惡,恶,n./adj.,evil,evil,è,è|ě|wù,"nauseated, evil, to hate/to loathe",e3/e4/wu4,0.02%,792,3,854,867,RTH1-L47,RTH1-L47,RSH1-L46,RSH1-L46,SH <> TH,SH key = TH key
1315,1315,1363,角,角,,angle,angle,jiǎo,jiǎo|jué,"angle/horn/horn-shaped, Chinese musical note/angle/horn",jiao3/jue2,0.03%,736,3,855,868,RTH1-L47,RTH1-L47,RSH1-L47,RSH1-L47,SH = TH,SH key = TH key
1324,1324,1369,編,编,,compile,compile,biān,biān,weave/plait/organize/group/arrange/edit/compile/write/compose/fabricate,bian1,0.02%,858,3,856,869,RTH1-L47,RTH1-L47,RSH1-L47,RSH1-L47,SH <> TH,SH key = TH key
1351,1351,1395,船,船,n.,ship,ship,chuán,chuán,a boat/vessel/ship,chuan2,0.03%,614,3,857,871,RTH1-L49,RTH1-L49,RSH1-L49,RSH1-L49,SH = TH,SH key = TH key
1352,1352,1396,般,般,n.,sort,sort,bān,bān|pán|bō,sort/kind/class/way/manner,ban1,0.03%,629,3,858,872,RTH1-L49,RTH1-L49,RSH1-L49,RSH1-L49,SH = TH,SH key = TH key
2760,2760,2822,航,航,,navigate,navigate,háng,háng,boat/ship/vessel/craft/to navigate/to sail,hang2,0.02%,773,3,859,874,RTH2-L49,RTH1-L49,RSH2-L49,RSH1-L49,SH = TH,SH key = TH key
2762,2762,2821,艦,舰,,warship,warship,jiàn,jiàn,warship,jian4,0.02%,851,3,860,873,RTH2-L49,RTH1-L49,RSH2-L49,RSH1-L49,SH <> TH,SH key = TH key
1357,1357,1401,益,益,n.,benefit,benefit,yì,yì,benefit/increase,yi4,0.03%,649,3,861,875,RTH1-L50,RTH1-L50,RSH1-L50,RSH1-L50,SH = TH,SH key = TH key
1358,1358,1402,假,假,n.,vacation,vacation,jià,jiǎ|jià,"fake/false/artificial/to borrow/if/suppose, vacation",jia3/jia4,0.03%,636,3,862,876,RTH1-L50,RTH1-L50,RSH1-L50,RSH1-L50,SH = TH,SH key = TH key
1371,1371,439,誤,误,,error,error,wù,wù,mistake/error/to miss/to harm/to delay/to neglect,wu4,0.02%,854,3,863,671,RTH1-L50,RTH1-L50,RSH1-L18,RSH1-L18,SH <> TH,SH key = TH key
1372,1372,1412,承,承,,undertake,undertake,chéng,chéng,to bear/to carry/to hold/to continue/to undertake/to take charge/owing to/due to/to receive,cheng2,0.03%,639,3,864,877,RTH1-L50,RTH1-L50,RSH1-L50,RSH1-L50,SH = TH,SH key = TH key
1375,1375,1415,穿,穿,,pass through,pass through,chuān,chuān,to bore through/pierce/perforate/penetrate/pass through/to dress/to wear/to put on/to thread,chuan1,0.02%,785,3,865,878,RTH1-L51,RTH1-L51,RSH1-L51,RSH1-L51,SH = TH,SH key = TH key
1377,1377,1417,釋,释,,explain,explain,shì,shì,explain/to release,shi4,0.02%,813,3,866,879,RTH1-L51,RTH1-L51,RSH1-L51,RSH1-L51,SH <> TH,SH key = TH key
1381,1381,1421,毛,毛,,fur,fur,máo,máo,hair/pore/fur,mao2,0.03%,623,3,867,880,RTH1-L51,RTH1-L51,RSH1-L51,RSH1-L51,SH = TH,SH key = TH key
1384,1384,1424,託,托,,entrust,entrust,tuō,tuō,"to hold in one's hand/to entrust/to support in one's palm, entrust",tuo1,0.02%,799,3,868,881,RTH1-L51,RTH1-L51,RSH1-L51,RSH1-L51,SH <> TH,SH key = TH key
2792,2792,2176,審,审,,painstaking,painstaking,shěn,shěn,to examine/to investigate/carefully/to try (in court),shen3,0.03%,746,3,869,764,RTH2-L51,RTH1-L51,RSH2-L29,RSH1-L29,SH <> TH,SH key = TH key
2795,2795,2848,毫,毫,,milli-,milli-,háo,háo,hair/drawing brush/(in the) least/one thousandth,hao2,0.02%,879,3,870,882,RTH2-L51,RTH1-L51,RSH2-L51,RSH1-L51,SH = TH,SH key = TH key
1399,1399,1442,島,岛,,island,island,dǎo,dǎo,island,dao3,0.02%,798,3,871,886,RTH1-L52,RTH1-L52,RSH1-L52,RSH1-L52,SH <> TH,SH key = TH key
1400,1400,1443,遇,遇,v.,encounter,encounter,yù,yù,meet with,yu4,0.02%,899,3,872,887,RTH1-L52,RTH1-L52,RSH1-L52,RSH1-L52,SH = TH,SH key = TH key
1404,1404,1173,剛,刚,,just now,just now,gāng,gāng,hard/firm/strong/just/barely/exactly,gang1,0.03%,621,3,873,833,RTH1-L52,RTH1-L52,RSH1-L38,RSH1-L38,SH <> TH,SH key = TH key
1405,1405,1444,缺,缺,,deficient,deficient,quē,quē,lack/scarce/vacant post/to run short of,que1,0.02%,875,3,874,888,RTH1-L52,RTH1-L52,RSH1-L52,RSH1-L52,SH = TH,SH key = TH key
1406,1406,267,寶,宝,n.,treasure,treasure,bǎo,bǎo,a jewel or gem/a treasure/precious,bao3,0.02%,811,3,875,645,RTH1-L52,RTH1-L52,RSH1-L12,RSH1-L12,SH <> TH,SH key = TH key
1411,1411,1449,免,免,,avoid,avoid,miǎn,miǎn,to exempt/to remove/to avoid/to excuse,mian3,0.02%,755,3,876,889,RTH1-L52,RTH1-L52,RSH1-L52,RSH1-L52,SH = TH,SH key = TH key
1412,1412,1450,晚,晚,,nightfall,nightfall,wǎn,wǎn,evening/night/late,wan3,0.03%,641,3,877,890,RTH1-L52,RTH1-L52,RSH1-L52,RSH1-L52,SH = TH,SH key = TH key
1416,1416,1454,媽,妈,,mama,mama,mā,mā,ma/mamma,ma1,0.03%,750,3,878,892,RTH1-L53,RTH1-L53,RSH1-L53,RSH1-L53,SH <> TH,SH key = TH key
1421,1421,579,驚,惊,,startled,startled,jīng,jīng,to start/to be frightened/to be scared/alarm,jing1,0.03%,659,3,879,689,RTH1-L53,RTH1-L53,RSH1-L21,RSH1-L21,SH <> TH,SH key = TH key
1430,1430,187,麗,丽,,lovely,lovely,lì,lí|lì,"Korea, beautiful",li2/li4,0.02%,834,3,880,626,RTH1-L53,RTH1-L53,RSH1-L09,RSH1-L09,SH <> TH,SH key = TH key
1435,1435,1466,演,演,,perform,perform,yǎn,yǎn,to develop/to evolve/to practice/to perform/to play/to act,yan3,0.03%,715,3,881,893,RTH1-L54,RTH1-L54,RSH1-L54,RSH1-L54,SH = TH,SH key = TH key
1440,1440,1470,送,送,,deliver,deliver,sòng,sòng,to deliver/to carry/to give (as a present)/to present (with)/to see off/to send,song4,0.03%,656,3,882,894,RTH1-L54,RTH1-L54,RSH1-L54,RSH1-L54,SH = TH,SH key = TH key
1443,1443,1277,塊,块,n.,lump,lump,kuài,kuài,"piece/chunk/lump/(measure word for chunks, lumps), yuan (unit of currency)/fast (of a watch)/swift/rapid/happy/joyful/soon/quick/(a measure word, for cloth, cake, soap)",kuai1/kuai4,0.02%,793,3,883,850,RTH1-L54,RTH1-L54,RSH1-L41,RSH1-L41,SH <> TH,SH key = TH key
1444,1444,1474,龍,龙,,dragon,dragon,lóng,lóng,dragon/imperial/Long (a surname),long2,0.03%,696,3,884,895,RTH1-L54,RTH1-L54,RSH1-L54,RSH1-L54,SH <> TH,SH key = TH key
1459,1459,1477,哪,哪,,which?,which?,nǎ,nǎ|na|něi|Né,"how/which, (final part. preceded by N), which (followed by M or Num)",na3/na/nei3,0.03%,652,3,885,896,RTH1-L55,RTH1-L55,RSH1-L55,RSH1-L55,SH = TH,SH key = TH key
1461,1461,942,靈,灵,,spirit,spirit,líng,líng,alert/departed soul/efficacious/quick/effective/intelligence,ling2,0.03%,734,3,886,766,RTH1-L55,RTH1-L55,RSH1-L30,RSH1-L30,SH <> TH,SH key = TH key
1462,1462,1481,縣,县,,county,county,xiàn,xiàn,a district/county,xian4,0.02%,877,3,887,897,RTH1-L55,RTH1-L55,RSH1-L55,RSH1-L55,SH <> TH,SH key = TH key
1466,1466,1178,腦,脑,,brain,brain,nǎo,nǎo,brain,nao3,0.03%,646,3,888,836,RTH1-L55,RTH1-L55,RSH1-L38,RSH1-L38,SH <> TH,SH key = TH key
1478,1478,596,擔,担,,assume,assume,dàn,dān|dàn,"to undertake/to carry/to shoulder/to take responsibility, a picul (133.33 lbs.)/burden/a load/responsibility",dan1/dan4,0.03%,720,3,889,694,RTH1-L55,RTH1-L55,RSH1-L22,RSH1-L22,SH <> TH,SH key = TH key
1480,1480,785,樓,楼,,multistory building,multistory building,lóu,lóu,house with more than 1 story/storied building/floor,lou2,0.02%,876,3,890,733,RTH1-L55,RTH1-L55,RSH1-L25,RSH1-L25,SH <> TH,SH key = TH key
1481,1481,511,獨,独,,alone,alone,dú,dú,alone/independent/single/sole/only,du2,0.03%,627,3,891,677,RTH1-L55,RTH1-L55,RSH1-L20,RSH1-L20,SH <> TH,SH key = TH key
1482,1482,1500,屬,属,,belong to,belong to,shǔ,shǔ|zhǔ,"belong to/category/be subordinate to/genus (taxonomy)/be born in the year of (one of the 12 animals)/family members/dependants, join together/fix one's attention on/concentrate on",shu3/zhu3,0.03%,610,3,892,900,RTH1-L55,RTH1-L55,RSH1-L55,RSH1-L55,SH <> TH,SH key = TH key
1484,1484,533,蘭,兰,,orchid,orchid,lán,lán,orchid,lan2,0.03%,642,3,893,680,RTH1-L55,RTH1-L55,RSH1-L20,RSH1-L20,SH <> TH,SH key = TH key
1494,1494,641,怪,怪,,peculiar,peculiar,guài,guài,queer/to blame,guai4,0.02%,775,3,894,704,RTH1-L55,RTH1-L55,RSH1-L22,RSH1-L22,SH = TH,SH key = TH key
1496,1496,1491,亦,亦,,likewise,likewise,yì,yì,also,yi4,0.02%,886,3,895,898,RTH1-L55,RTH1-L55,RSH1-L55,RSH1-L55,SH = TH,SH key = TH key
1498,1498,225,雜,杂,,miscellaneous,miscellaneous,zá,zá|zā,mixed/miscellaneous/various/to mix,za2,0.02%,853,3,896,635,RTH1-L55,RTH1-L55,RSH1-L10,RSH1-L10,SH <> TH,SH key = TH key
1500,1500,100,亂,乱,,chaos,chaos,luàn,luàn,in confusion/disorderly,luan4,0.02%,765,3,897,614,RTH1-L55,RTH1-L55,RSH1-L06,RSH1-L06,SH <> TH,SH key = TH key
3003,3003,2712,劉,刘,,Liu,Liu,liú,Liú,(surname)/to kill,liu2,0.03%,751,3,898,860,RTH2-Postscript 1,RTH1-Postscript 1,RSH2-L44,RSH1-L44,SH <> TH,SH key = TH key
3011,3011,1538,魯,鲁,,Lu,Lu,lǔ,lǔ,crass/place name,lu3,0.02%,898,3,899,625,RTH2-Postscript 1,RTH1-Postscript 1,RSH2-L08,RSH1-L08,SH <> TH,SH key = TH key
51,51,52,貝,贝,,shellfish,shellfish,bèi,bèi,cowries/shell/valuables/shellfish,bei4,0.01%,1133,4,900,903,RTH1-L04,RTH1-L04,RSH1-L04,RSH1-L04,SH <> TH,SH key = TH key
57,57,60,頁,页,,page,page,yè,yè,page/leaf,ye4,0.01%,1128,4,901,904,RTH1-L04,RTH1-L04,RSH1-L04,RSH1-L04,SH <> TH,SH key = TH key
59,59,62,凡,凡,,ordinary,ordinary,fán,fán,ordinary/every/all/whatever/worldly,fan2,0.02%,1013,4,902,905,RTH1-L04,RTH1-L04,RSH1-L04,RSH1-L04,SH = TH,SH key = TH key
79,79,83,刀,刀,,sword,sword,dāo,dāo,knife,dao1,0.01%,1067,4,903,906,RTH1-L05,RTH1-L05,RSH1-L05,RSH1-L05,SH = TH,SH key = TH key
86,86,90,丁,丁,,fourth,fourth,dīng,dīng|zhēng,(surname)/4th heavenly stem/a Chinese surname,ding1,0.01%,1168,4,904,907,RTH1-L05,RTH1-L05,RSH1-L05,RSH1-L05,SH = TH,SH key = TH key
90,90,94,頂,顶,n.,crest,crest,dǐng,dǐng,"go against/most/peak/top/to replace/to substitute/a measure word (use with ""hat"")",ding3,0.02%,1000,4,905,908,RTH1-L05,RTH1-L05,RSH1-L05,RSH1-L05,SH <> TH,SH key = TH key
101,101,107,兄,兄,,elder brother,elder brother,xiōng,xiōng,elder brother,xiong1,0.01%,1089,4,906,909,RTH1-L06,RTH1-L06,RSH1-L06,RSH1-L06,SH = TH,SH key = TH key
1514,1514,1518,姑,姑,,father's sister,father's sister,gū,gū,paternal aunt,gu1,0.02%,994,4,907,910,RTH2-L06,RTH1-L06,RSH2-L06,RSH1-L06,SH = TH,SH key = TH key
1515,1515,1520,姆,姆,,nanny,nanny,mǔ,mǔ,governess,mu3,0.01%,1061,4,908,911,RTH2-L06,RTH1-L06,RSH2-L06,RSH1-L06,SH = TH,SH key = TH key
123,123,134,川,川,n.,stream,stream,chuān,chuān,river/creek/plain/an area of level country,chuan1,0.01%,1109,4,909,914,RTH1-L08,RTH1-L08,RSH1-L08,RSH1-L08,SH = TH,SH key = TH key
125,125,136,順,顺,,obey,obey,shùn,shùn,to obey/to follow/to arrange/to make reasonable/along/favorable,shun4,0.02%,938,4,910,915,RTH1-L08,RTH1-L08,RSH1-L08,RSH1-L08,SH <> TH,SH key = TH key
145,145,156,湖,湖,,lake,lake,hú,hú,lake,hu2,0.02%,918,4,911,916,RTH1-L08,RTH1-L08,RSH1-L08,RSH1-L08,SH = TH,SH key = TH key
148,148,159,均,均,,equal,equal,jūn,jūn,equal/even/all/uniform,,0.02%,903,4,912,917,RTH1-L08,RTH1-L08,RSH1-L08,RSH1-L08,SH = TH,SH key = TH key
1526,1526,1539,坦,坦,adj.,level,level,tǎn,tǎn,flat/open-hearted/level/smooth,tan3,0.02%,1017,4,913,920,RTH2-L08,RTH1-L08,RSH2-L08,RSH1-L08,SH = TH,SH key = TH key
177,177,186,洞,洞,,cave,cave,dòng,dòng,cave/hole,dong4,0.02%,1015,4,914,922,RTH1-L09,RTH1-L09,RSH1-L09,RSH1-L09,SH = TH,SH key = TH key
193,193,204,森,森,,forest,forest,sēn,sēn,forest,sen1,0.02%,1029,4,915,924,RTH1-L10,RTH1-L10,RSH1-L10,RSH1-L10,SH = TH,SH key = TH key
194,194,207,植,植,v.,plant,plant,zhí,zhí,to plant,zhi2,0.01%,1124,4,916,925,RTH1-L10,RTH1-L10,RSH1-L10,RSH1-L10,SH = TH,SH key = TH key
203,203,216,末,末,n./adj.,last,last,mò,me|mò,end/final stage/latter part,mo4,0.01%,1164,4,917,926,RTH1-L10,RTH1-L10,RSH1-L10,RSH1-L10,SH = TH,SH key = TH key
206,206,219,妹,妹,,younger sister,younger sister,mèi,mèi,younger sister,mei4,0.01%,1185,4,918,927,RTH1-L10,RTH1-L10,RSH1-L10,RSH1-L10,SH = TH,SH key = TH key
209,209,222,染,染,v.,dye,dye,rǎn,rǎn,to catch (a disease)/dye,ran3,0.01%,1141,4,919,928,RTH1-L10,RTH1-L10,RSH1-L10,RSH1-L10,SH = TH,SH key = TH key
211,211,224,桌,桌,,table,table,zhuō,zhuō,table,zhuo1,0.01%,1193,4,920,929,RTH1-L10,RTH1-L10,RSH1-L10,RSH1-L10,SH = TH,SH key = TH key
215,215,230,寬,宽,,wide,wide,kuān,kuān,lenient/wide/broad,kuan1,0.01%,1155,4,921,930,RTH1-L10,RTH1-L10,RSH1-L10,RSH1-L10,SH <> TH,SH key = TH key
216,216,18,葉,叶,,leaf,leaf,yè,yè,(surname)/leaf/page,ye4,0.02%,920,4,922,901,RTH1-L10,RTH1-L10,RSH1-L02,RSH1-L02,SH <> TH,SH key = TH key
217,217,231,莫,莫,,nobody,nobody,mò,mò,do not/there is none who,mo4,0.02%,955,4,923,931,RTH1-L10,RTH1-L10,RSH1-L10,RSH1-L10,SH = TH,SH key = TH key
1553,1553,1572,宋,宋,,Song Dynasty,Song Dynasty,sòng,Sòng,(surname)/name of a dynasty,song4,0.02%,990,4,924,933,RTH2-L10,RTH1-L10,RSH2-L10,RSH1-L10,SH = TH,SH key = TH key
1557,1557,1578,朱,朱,,vermillion,vermillion,zhū,zhū,"(surname)/vermilion, vermilion",zhu1,0.01%,1120,4,925,934,RTH2-L10,RTH1-L10,RSH2-L10,RSH1-L10,SH = TH,SH key = TH key
226,226,240,尤,尤,,remarkable,remarkable,yóu,yóu,outstanding/particularly/especially,you2,0.01%,1099,4,926,935,RTH1-L11,RTH1-L11,RSH1-L11,RSH1-L11,SH = TH,SH key = TH key
227,227,246,默,默,,silent,silent,mò,mò,silent/write from memory,mo4,0.02%,1031,4,927,936,RTH1-L11,RTH1-L11,RSH1-L11,RSH1-L11,SH = TH,SH key = TH key
235,235,252,牛,牛,,cow,cow,niú,niú|niū,ox/cow/bull,niu2,0.02%,1018,4,928,937,RTH1-L11,RTH1-L11,RSH1-L11,RSH1-L11,SH = TH,SH key = TH key
1573,1573,1597,贊,赞,v.,succor,succor,zàn,zàn,"to praise, to patronize/to support/to praise",zan4,0.01%,1179,4,929,938,RTH2-L11,RTH1-L11,RSH2-L11,RSH1-L11,SH <> TH,SH key = TH key
247,247,264,塔,塔,,pagoda,pagoda,tǎ,tǎ|dā,pagoda/tower,ta3,0.02%,1030,4,930,939,RTH1-L12,RTH1-L12,RSH1-L12,RSH1-L12,SH = TH,SH key = TH key
249,249,266,玉,玉,,jade,jade,yù,yù,jade,yu4,0.02%,1001,4,931,940,RTH1-L12,RTH1-L12,RSH1-L12,RSH1-L12,SH = TH,SH key = TH key
252,252,270,玩,玩,v.,play,play,wán,wán,"curios/antiques/to play/to amuse oneself, curios/antiques",wan2/wan4,0.01%,1072,4,932,941,RTH1-L12,RTH1-L12,RSH1-L12,RSH1-L12,SH = TH,SH key = TH key
253,253,271,狂,狂,,crazy,crazy,kuáng,kuáng,conceited/mad,kuang2,0.01%,1147,4,933,942,RTH1-L12,RTH1-L12,RSH1-L12,RSH1-L12,SH = TH,SH key = TH key
264,264,283,針,针,n.,needle,needle,zhēn,zhēn,"injection/needle/pin, needle",zhen1,0.01%,1116,4,934,944,RTH1-L12,RTH1-L12,RSH1-L12,RSH1-L12,SH <> TH,SH key = TH key
267,267,286,鎮,镇,,at ease,at ease,zhèn,zhèn,composed/small town/to suppress/to press down/to post,zhen4,0.02%,1002,4,935,945,RTH1-L12,RTH1-L12,RSH1-L12,RSH1-L12,SH <> TH,SH key = TH key
1589,1589,1615,銷,销,,put up for sale,put up for sale,xiāo,xiāo,to melt/to do away with/to sell,xiao1,0.02%,904,4,936,946,RTH2-L12,RTH1-L12,RSH2-L12,RSH1-L12,SH <> TH,SH key = TH key
270,270,293,迅,迅,,speedy,speedy,xùn,xùn,rapid,xun4,0.01%,1090,4,937,947,RTH1-L13,RTH1-L13,RSH1-L13,RSH1-L13,SH = TH,SH key = TH key
279,279,305,輸,输,v.,transport,transport,shū,shū,to transport/to lose,shu1,0.02%,939,4,938,949,RTH1-L13,RTH1-L13,RSH1-L13,RSH1-L13,SH <> TH,SH key = TH key
284,284,313,額,额,,forehead,forehead,é,é,volume/amount/quantity/forehead/quota,e2,0.02%,936,4,939,950,RTH1-L13,RTH1-L13,RSH1-L13,RSH1-L13,SH <> TH,SH key = TH key
285,285,314,夏,夏,,summer,summer,xià,xià,summer/Xia (proper name),xia4,0.01%,1126,4,940,951,RTH1-L13,RTH1-L13,RSH1-L13,RSH1-L13,SH = TH,SH key = TH key
286,286,315,洛,洛,,L.A.,L.A.,luò,Luò,(surname)/name of a river,luo4,0.02%,978,4,941,952,RTH1-L13,RTH1-L13,RSH1-L13,RSH1-L13,SH = TH,SH key = TH key
1592,1592,1617,迫,迫,,compel,compel,pò,pò|pǎi,to force/to compel/pressing/urgent,po4,0.02%,1006,4,942,953,RTH2-L13,RTH1-L13,RSH2-L13,RSH1-L13,SH = TH,SH key = TH key
1594,1594,295,逃,逃,v.,escape,escape,táo,táo,to escape/to run away/to flee,tao2,0.02%,996,4,943,948,RTH2-L13,RTH1-L13,RSH1-L13,RSH1-L13,SH = TH,SH key = TH key
298,298,327,熟,熟,,ripe,ripe,shú,shú|shóu,familiar/skilled/ripe/done/ripe/cooked,shu2,0.02%,1035,4,944,954,RTH1-L14,RTH1-L14,RSH1-L14,RSH1-L14,SH = TH,SH key = TH key
310,310,859,賣,卖,,sell,sell,mài,mài,to sell,mai4,0.02%,974,4,945,1056,RTH1-L14,RTH1-L14,RSH1-L27,RSH1-L27,SH <> TH,SH key = TH key
325,325,352,訓,训,,instruction,instruction,xùn,xùn,example/pattern/to teach/to train/instruction,xun4,0.02%,1022,4,946,955,RTH1-L15,RTH1-L15,RSH1-L15,RSH1-L15,SH <> TH,SH key = TH key
327,327,355,詩,诗,,poem,poem,shī,shī,poem/poetry/verse,shi1,0.02%,906,4,947,956,RTH1-L15,RTH1-L15,RSH1-L15,RSH1-L15,SH <> TH,SH key = TH key
1619,1619,1655,諾,诺,n.,promise,promise,nuò,nuò,to promise/to yes,nuo4,0.02%,969,4,948,959,RTH2-L15,RTH1-L15,RSH2-L15,RSH1-L15,SH <> TH,SH key = TH key
1620,1620,1649,謂,谓,,meaning,meaning,wèi,wèi,speak of,wei4,0.02%,945,4,949,957,RTH2-L15,RTH1-L15,RSH2-L15,RSH1-L15,SH <> TH,SH key = TH key
1623,1623,1653,訂,订,,place an order,place an order,dìng,dìng,"to agree/to conclude/to draw up/to subscribe to (a newspaper, etc.)/to order",ding4,0.01%,1176,4,950,958,RTH2-L15,RTH1-L15,RSH2-L15,RSH1-L15,SH <> TH,SH key = TH key
338,338,366,載,载,,laden,laden,zài,zài|zǎi,"year, to carry/to convey/to load/to hold/and/also/as well as/simultaneously",zai3/zai4,0.02%,977,4,951,960,RTH1-L16,RTH1-L16,RSH1-L16,RSH1-L16,SH <> TH,SH key = TH key
343,343,370,誠,诚,,sincere,sincere,chéng,chéng,honest/sincere/true,cheng2,0.01%,1154,4,952,961,RTH1-L16,RTH1-L16,RSH1-L16,RSH1-L16,SH <> TH,SH key = TH key
345,345,171,滅,灭,,destroy,destroy,miè,miè,extinguish,mie4,0.02%,953,4,953,918,RTH1-L16,RTH1-L16,RSH1-L08,RSH1-L08,SH <> TH,SH key = TH key
1638,1638,1666,喊,喊,v.,yell,yell,hǎn,hǎn,call/cry/to shout,han3,0.01%,1183,4,954,962,RTH2-L16,RTH1-L16,RSH2-L16,RSH1-L16,SH = TH,SH key = TH key
371,371,396,延,延,,prolong,prolong,yán,yán,to prolong/to extend/to delay,yan2,0.01%,1103,4,955,963,RTH1-L17,RTH1-L17,RSH1-L17,RSH1-L17,SH = TH,SH key = TH key
374,374,690,礎,础,,foundation,foundation,chǔ,chǔ,foundation/base,chu3,0.02%,1014,4,956,1024,RTH1-L17,RTH1-L17,RSH1-L23,RSH1-L23,SH <> TH,SH key = TH key
392,392,423,刺,刺,,thorn,thorn,cì,cì|cī,thorn/sting/prick/pierce/stab/thrust/assassinate/murder,ci4,0.01%,1058,4,957,965,RTH1-L18,RTH1-L18,RSH1-L18,RSH1-L18,SH = TH,SH key = TH key
396,396,425,雨,雨,n.,rain,rain,yǔ,yǔ,rain,yu3,0.02%,928,4,958,966,RTH1-L18,RTH1-L18,RSH1-L18,RSH1-L18,SH = TH,SH key = TH key
401,401,430,冰,冰,n.,ice,ice,bīng,bīng,ice,bing1,0.01%,1070,4,959,967,RTH1-L18,RTH1-L18,RSH1-L18,RSH1-L18,SH = TH,SH key = TH key
412,412,448,競,竞,,compete,compete,jìng,jìng,to compete/to contend/to struggle,jing4,0.01%,1100,4,960,969,RTH1-L18,RTH1-L18,RSH1-L18,RSH1-L18,SH <> TH,SH key = TH key
415,415,280,鐘,钟,,bell,bell,zhōng,zhōng,clock/time as measured in hours and minutes/bell,zhong1,0.02%,905,4,961,943,RTH1-L18,RTH1-L18,RSH1-L12,RSH1-L12,SH <> TH,SH key = TH key
424,424,458,混,混,v.,mix,mix,hùn,hùn|hún,"confused/dirty/mix, to mix/to get along/thoughtless",hun2/hun4,0.01%,1137,4,962,970,RTH1-L18,RTH1-L18,RSH1-L18,RSH1-L18,SH = TH,SH key = TH key
432,432,468,梅,梅,,small plum,small plum,méi,méi,plum flower,mei2,0.01%,1159,4,963,972,RTH1-L18,RTH1-L18,RSH1-L18,RSH1-L18,SH = TH,SH key = TH key
441,441,476,歌,歌,,song,song,gē,gē,song,ge1/ge1ge,0.02%,1040,4,964,973,RTH1-L18,RTH1-L18,RSH1-L18,RSH1-L18,SH = TH,SH key = TH key
442,442,477,軟,软,,soft,soft,ruǎn,ruǎn,soft/flexible,ruan3,0.01%,1043,4,965,974,RTH1-L18,RTH1-L18,RSH1-L18,RSH1-L18,SH <> TH,SH key = TH key
448,448,483,培,培,,cultivate,cultivate,péi,péi,to cultivate/to earth up,pei2,0.01%,1152,4,966,977,RTH1-L19,RTH1-L19,RSH1-L19,RSH1-L19,SH = TH,SH key = TH key
457,457,490,亡,亡,adj.,deceased,deceased,wáng,wáng,to die/to perish,wang2,0.02%,957,4,967,978,RTH1-L19,RTH1-L19,RSH1-L19,RSH1-L19,SH = TH,SH key = TH key
466,466,498,旁,旁,n.,side,side,páng,páng|bàng,beside/one side/other/side/self,pang2,0.02%,981,4,968,979,RTH1-L19,RTH1-L19,RSH1-L19,RSH1-L19,SH = TH,SH key = TH key
468,468,500,脫,脱,,undress,undress,tuō,tuō,to shed/to take off/to escape/to get away from,tuo1,0.02%,943,4,969,980,RTH1-L19,RTH1-L19,RSH1-L19,RSH1-L19,SH <> TH,SH key = TH key
1700,1700,1730,訪,访,,call on,call on,fǎng,fǎng,inquire/seek/visit,fang3,0.02%,1037,4,970,981,RTH2-L19,RTH1-L19,RSH2-L19,RSH1-L19,SH <> TH,SH key = TH key
498,498,531,鮮,鲜,,fresh,fresh,xiān,xiān|xiǎn,"fresh, few/rare",xian1/xian3,0.02%,958,4,971,983,RTH1-L20,RTH1-L20,RSH1-L20,RSH1-L20,SH <> TH,SH key = TH key
506,506,541,售,售,,vend,vend,shòu,shòu,to sell,shou4,0.01%,1114,4,972,984,RTH1-L20,RTH1-L20,RSH1-L20,RSH1-L20,SH = TH,SH key = TH key
509,509,542,午,午,,noon,noon,wǔ,wǔ,11 a.m.-1 p.m./7th earthly branch/noon,wu3,0.02%,1004,4,973,985,RTH1-L20,RTH1-L20,RSH1-L20,RSH1-L20,SH = TH,SH key = TH key
1717,1717,524,逐,逐,,pursue,pursue,zhú,zhú,to pursue/to chase/individually/one by one,zhu2,0.02%,954,4,974,982,RTH2-L20,RTH1-L20,RSH1-L20,RSH1-L20,SH = TH,SH key = TH key
1719,1719,2125,蒙,蒙,,Mongolia,Mongolia,Měng,méng|mēng|Měng,"deceive/cheat/hoodwink, drizzle/mist, dim sighted/ignorant, Mongolia/cover",meng1/meng2/meng3,0.02%,1039,4,975,1060,RTH2-L20,RTH1-L20,RSH2-L27,RSH1-L27,SH = TH,SH key = TH key
1726,1726,1755,楊,杨,,poplar,poplar,yáng,yáng,(surname)/poplar,yang2,0.01%,1062,4,976,987,RTH2-L20,RTH1-L20,RSH2-L20,RSH1-L20,SH <> TH,SH key = TH key
1731,1731,1763,唯,唯,,solely,solely,wéi,wéi|wěi,"_ism/only/alone, yes",wei2/wei3,0.01%,1094,4,977,988,RTH2-L20,RTH1-L20,RSH2-L20,RSH1-L20,SH = TH,SH key = TH key
1743,1743,1545,奪,夺,,take by force,take by force,duó,duó,rob/snatch,duo2,0.01%,1199,4,978,921,RTH2-L20,RTH1-L20,RSH2-L08,RSH1-L08,SH <> TH,SH key = TH key
517,517,550,圓,圆,,round,round,yuán,yuán,circle/round/circular/spherical/(of the moon) full/unit of Chinese currency (Yuan)/tactful/to justify,yuan2,0.01%,1145,4,979,989,RTH1-L21,RTH1-L21,RSH1-L21,RSH1-L21,SH <> TH,SH key = TH key
519,519,553,園,园,n.,park,park,yuán,yuán,garden,yuan2,0.02%,988,4,980,991,RTH1-L21,RTH1-L21,RSH1-L21,RSH1-L21,SH <> TH,SH key = TH key
523,523,557,店,店,n.,store,store,diàn,diàn,inn/shop/store,dian4,0.02%,1041,4,981,992,RTH1-L21,RTH1-L21,RSH1-L21,RSH1-L21,SH = TH,SH key = TH key
524,524,558,庫,库,,warehouse,warehouse,kù,kù,warehouse/storehouse,ku4,0.01%,1097,4,982,993,RTH1-L21,RTH1-L21,RSH1-L21,RSH1-L21,SH <> TH,SH key = TH key
526,526,121,廠,厂,,factory,factory,chǎng,chǎng,cliff/slope/factory/yard/depot/workhouse/works/(industrial) plant,chang3,0.02%,963,4,983,913,RTH1-L21,RTH1-L21,RSH1-L07,RSH1-L07,SH <> TH,SH key = TH key
527,527,560,床,床,,bed,bed,chuáng,chuáng,bed/couch/(a measure word),chuang2,0.01%,1068,4,984,994,RTH1-L21,RTH1-L21,RSH1-L21,RSH1-L21,SH = TH,SH key = TH key
528,528,561,麻,麻,,hemp,hemp,má,má|mā,(to have) pins and needles/tingling/hemp/numb/to bother,ma2,0.01%,1108,4,985,995,RTH1-L21,RTH1-L21,RSH1-L21,RSH1-L21,SH = TH,SH key = TH key
530,530,564,忘,忘,,forget,forget,wàng,wàng,to forget/to overlook/to neglect,wang4,0.01%,1056,4,986,997,RTH1-L21,RTH1-L21,RSH1-L21,RSH1-L21,SH = TH,SH key = TH key
531,531,565,忍,忍,,endure,endure,rěn,rěn,to beat/to endure/to tolerate,ren3,0.01%,1127,4,987,998,RTH1-L21,RTH1-L21,RSH1-L21,RSH1-L21,SH = TH,SH key = TH key
555,555,589,抱,抱,v.,embrace,embrace,bào,bào,to hold/to carry (in one's arms)/to hug or embrace/surround/cherish,bao4,0.01%,1122,4,988,1000,RTH1-L22,RTH1-L22,RSH1-L22,RSH1-L22,SH = TH,SH key = TH key
558,558,592,招,招,,beckon,beckon,zhāo,zhāo,provoke/to recruit,zhao1,0.02%,941,4,989,1001,RTH1-L22,RTH1-L22,RSH1-L22,RSH1-L22,SH = TH,SH key = TH key
571,571,609,啦,啦,,!!,!!,la,la|lā|lá,"(onomat.)/(phonetic), (an auxiliary word performing the grammatical functions of mood)/fusion of le + a",la1/la,0.01%,1194,4,990,1002,RTH1-L22,RTH1-L22,RSH1-L22,RSH1-L22,SH = TH,SH key = TH key
574,574,615,弄,弄,,play with,play with,nòng,nòng|lòng,"lane/alley, to do/to manage/to handle/to play with/to fool with/to mess with/to fix/to toy with",long4/nong4,0.01%,1053,4,991,1003,RTH1-L22,RTH1-L22,RSH1-L22,RSH1-L22,SH = TH,SH key = TH key
576,576,618,刑,刑,,punishment,punishment,xíng,xíng,punishment,xing2,0.01%,1087,4,992,1004,RTH1-L22,RTH1-L22,RSH1-L22,RSH1-L22,SH = TH,SH key = TH key
582,582,625,乃,乃,,only then,only then,nǎi,nǎi,to be/thus/so/therefore/then/only/thereupon,nai3,0.01%,1165,4,993,1005,RTH1-L22,RTH1-L22,RSH1-L22,RSH1-L22,SH = TH,SH key = TH key
585,585,628,吸,吸,,inhale,inhale,xī,xī,to breathe/to suck in/to absorb/to inhale,xi1,0.02%,924,4,994,1006,RTH1-L22,RTH1-L22,RSH1-L22,RSH1-L22,SH = TH,SH key = TH key
588,588,632,硬,硬,,hard,hard,yìng,yìng,hard/stiff/strong/firm,ying4,0.01%,1170,4,995,1007,RTH1-L22,RTH1-L22,RSH1-L22,RSH1-L22,SH = TH,SH key = TH key
605,605,654,督,督,,superintend,superintend,dū,dū,supervise,du1,0.02%,946,4,996,1010,RTH1-L22,RTH1-L22,RSH1-L22,RSH1-L22,SH = TH,SH key = TH key
608,608,657,板,板,,plank,plank,bǎn,bǎn,"board/plank/plate/slab, boss",ban3,0.02%,930,4,997,1011,RTH1-L22,RTH1-L22,RSH1-L22,RSH1-L22,SH = TH,SH key = TH key
613,613,664,抓,抓,,grab,grab,zhuā,zhuā,to grab/to catch/to arrest/to snatch,zhua1,0.02%,992,4,998,1012,RTH1-L22,RTH1-L22,RSH1-L22,RSH1-L22,SH = TH,SH key = TH key
618,618,668,授,授,,confer,confer,shòu,shòu,to teach/to instruct/to award/to give,shou4,0.02%,968,4,999,1013,RTH1-L22,RTH1-L22,RSH1-L22,RSH1-L22,SH = TH,SH key = TH key
620,620,671,雄,雄,,grand,grand,xióng,xióng,heroic/male,xiong2,0.01%,1054,4,1000,1014,RTH1-L22,RTH1-L22,RSH1-L22,RSH1-L22,SH = TH,SH key = TH key
1790,1790,586,摩,摩,v.,rub,rub,mó,mó|mā,rub,mo2,0.01%,1162,4,1001,999,RTH2-L22,RTH1-L22,RSH1-L22,RSH1-L22,SH = TH,SH key = TH key
1795,1795,1829,拍,拍,,racquet,racquet,pāi,pāi,to clap/to pat/to beat/to hit/to slap/to take (a picture),pai1,0.01%,1167,4,1002,1016,RTH2-L22,RTH1-L22,RSH2-L22,RSH1-L22,SH = TH,SH key = TH key
1797,1797,1833,損,损,v.,damage,damage,sǔn,sǔn,to damage/injure/to lose/to harm,sun3,0.02%,911,4,1003,1017,RTH2-L22,RTH1-L22,RSH2-L22,RSH1-L22,SH <> TH,SH key = TH key
1818,1818,1860,揚,扬,,publicize,publicize,yáng,yáng,hurl/to raise/to scatter,yang2,0.01%,1084,4,1004,1019,RTH2-L22,RTH1-L22,RSH2-L22,RSH1-L22,SH <> TH,SH key = TH key
1819,1819,1849,搞,搞,,engage in,engage in,gǎo,gǎo,to do/to make/to go in for/to set up/to get hold of/to take care of,gao3,0.01%,1146,4,1005,1018,RTH2-L22,RTH1-L22,RSH2-L22,RSH1-L22,SH = TH,SH key = TH key
1836,1836,1875,材,材,n.,stuff,stuff,cái,cái,material,cai2,0.02%,952,4,1006,1021,RTH2-L22,RTH1-L22,RSH2-L22,RSH1-L22,SH = TH,SH key = TH key
645,645,698,谷,谷,,valley,valley,gǔ,gǔ|yù,"grain/corn, valley, (surname)",gu3/yu4,0.01%,1095,4,1007,1025,RTH1-L23,RTH1-L23,RSH1-L23,RSH1-L23,SH = TH,SH key = TH key
647,647,700,欲,欲,n./v.,desire,desire,yù,yù,"desire/wish, desire/longing/appetite/wish",yu4,0.01%,1045,4,1008,1026,RTH1-L23,RTH1-L23,RSH1-L23,RSH1-L23,SH = TH,SH key = TH key
655,655,706,堂,堂,,main room,main room,táng,táng|tāng,(main) hall/large room,tang2,0.02%,980,4,1009,1027,RTH1-L24,RTH1-L24,RSH1-L24,RSH1-L24,SH = TH,SH key = TH key
668,668,719,趣,趣,,interest,interest,qù,qù,interesting/to interest,qu4,0.01%,1065,4,1010,1028,RTH1-L24,RTH1-L24,RSH1-L24,RSH1-L24,SH = TH,SH key = TH key
671,671,634,聖,圣,,holy,holy,shèng,shèng,holy/sacred/saint/sage,sheng4,0.02%,960,4,1011,1008,RTH1-L24,RTH1-L24,RSH1-L22,RSH1-L22,SH <> TH,SH key = TH key
681,681,728,替,替,,replace,replace,tì,tì,to substitute for/to take the place of/to replace/for/on behalf of/to stand in for,ti4,0.01%,1079,4,1012,1029,RTH1-L24,RTH1-L24,RSH1-L24,RSH1-L24,SH = TH,SH key = TH key
683,683,731,臣,臣,,feudal official,feudal official,chén,chén,statesman/vassal/courtier/minister/official,chen2,0.01%,1138,4,1013,1030,RTH1-L24,RTH1-L24,RSH1-L24,RSH1-L24,SH = TH,SH key = TH key
694,694,748,努,努,v.,toil,toil,nǔ,nǔ,to exert/to strive,nu3,0.01%,1081,4,1014,1031,RTH1-L24,RTH1-L24,RSH1-L24,RSH1-L24,SH = TH,SH key = TH key
706,706,761,街,街,,street,street,jiē,jiē,street,jie1,0.01%,1101,4,1015,1032,RTH1-L24,RTH1-L24,RSH1-L24,RSH1-L24,SH = TH,SH key = TH key
1909,1909,1965,殊,殊,,dissimilar,dissimilar,shū,shū,unique,shu1,0.01%,1191,4,1016,1033,RTH2-L24,RTH1-L24,RSH2-L24,RSH1-L24,SH = TH,SH key = TH key
1910,1910,1966,殘,残,,incomplete,incomplete,cán,cán,destroy/spoil/ruin/injure/cruel/oppressive/savage/incomplete/disabled,can2,0.01%,1150,4,1017,1034,RTH2-L24,RTH1-L24,RSH2-L24,RSH1-L24,SH <> TH,SH key = TH key
1927,1927,1990,怒,怒,n.,anger,anger,nù,nù,indignant,nu4,0.01%,1143,4,1018,1037,RTH2-L24,RTH1-L24,RSH2-L24,RSH1-L24,SH = TH,SH key = TH key
1931,1931,1995,徒,徒,,follower,follower,tú,tú,apprentice/disciple,tu2,0.01%,1060,4,1019,1038,RTH2-L24,RTH1-L24,RSH2-L24,RSH1-L24,SH = TH,SH key = TH key
714,714,768,秋,秋,,autumn,autumn,qiū,qiū,"autumn/fall/harvest time/a swing, a swing",qiu1,0.01%,1151,4,1020,1039,RTH1-L25,RTH1-L25,RSH1-L25,RSH1-L25,SH = TH,SH key = TH key
720,720,775,秀,秀,,elegant,elegant,xiù,xiù,handsome/elegant,xiu4,0.01%,1136,4,1021,1040,RTH1-L25,RTH1-L25,RSH1-L25,RSH1-L25,SH = TH,SH key = TH key
721,721,776,透,透,,penetrate,penetrate,tòu,tòu,to penetrate/thorough/penetrating/to pass through/to pierce,tou4,0.01%,1077,4,1022,1041,RTH1-L25,RTH1-L25,RSH1-L25,RSH1-L25,SH = TH,SH key = TH key
725,725,780,迷,迷,,lost,lost,mí,mí,bewilder/crazy about/fan/enthusiast/lost/confused,mi2,0.01%,1153,4,1023,1042,RTH1-L25,RTH1-L25,RSH1-L25,RSH1-L25,SH = TH,SH key = TH key
731,731,1423,筆,笔,,pen,pen,bǐ,bǐ,pen/pencil/writing brush/to write or compose/the strokes of Chinese characters,bi3,0.02%,956,4,1024,1186,RTH1-L25,RTH1-L25,RSH1-L51,RSH1-L51,SH <> TH,SH key = TH key
1960,1960,2017,私,私,adj.,private,private,sī,sī,personal/private/selfish,si1,0.02%,1023,4,1025,1043,RTH2-L25,RTH1-L25,RSH2-L25,RSH1-L25,SH = TH,SH key = TH key
1979,1979,1682,幣,币,,currency,currency,bì,bì,money/coins/currency,bi4,0.01%,1188,4,1026,975,RTH2-L25,RTH1-L25,RSH2-L18,RSH1-L18,SH <> TH,SH key = TH key
1986,1986,2047,築,筑,,construct,construct,zhù,zhù,build/five-string lute,zhu2/zhu4,0.01%,1130,4,1027,1046,RTH2-L25,RTH1-L25,RSH2-L25,RSH1-L25,SH <> TH,SH key = TH key
753,753,812,休,休,v.,rest,rest,xiū,xiū,to rest,xiu1,0.01%,1082,4,1028,1047,RTH1-L26,RTH1-L26,RSH1-L26,RSH1-L26,SH = TH,SH key = TH key
758,758,817,健,健,,healthy,healthy,jiàn,jiàn,healthy,jian4,0.02%,979,4,1029,1048,RTH1-L26,RTH1-L26,RSH1-L26,RSH1-L26,SH = TH,SH key = TH key
782,782,844,肉,肉,,meat,meat,ròu,ròu,meat/flesh,rou4,0.02%,1009,4,1030,1049,RTH1-L26,RTH1-L26,RSH1-L26,RSH1-L26,SH = TH,SH key = TH key
790,790,1208,麥,麦,,wheat,wheat,mài,mài,(surname)/wheat/barley/oats,mai4,0.01%,1171,4,1031,1130,RTH1-L26,RTH1-L26,RSH1-L39,RSH1-L39,SH <> TH,SH key = TH key
791,791,851,喝,喝,v.,drink,drink,hē,hē|hè,"my goodness/to drink, shout applause",he1/he4,0.02%,983,4,1032,1050,RTH1-L26,RTH1-L26,RSH1-L26,RSH1-L26,SH = TH,SH key = TH key
2007,2007,2072,伙,伙,,mate,mate,huǒ,huǒ,assistant/furniture/partner,huo3,0.01%,1047,4,1033,1052,RTH2-L26,RTH1-L26,RSH2-L26,RSH1-L26,SH = TH,SH key = TH key
2016,2016,2066,億,亿,,one hundred million,one hundred million,yì,yì,a hundred million/calculate,yi4,0.01%,1057,4,1034,1051,RTH2-L26,RTH1-L26,RSH2-L26,RSH1-L26,SH <> TH,SH key = TH key
2024,2024,2097,俄,俄,,Russia,Russia,é,é,suddenly/very soon/Russian,e2,0.02%,975,4,1035,1054,RTH2-L26,RTH1-L26,RSH2-L26,RSH1-L26,SH = TH,SH key = TH key
2057,2057,2045,萊,莱,,lambsquarters,lambsquarters,lái,lái,Chenopodium album,lai2,0.01%,1196,4,1036,1045,RTH2-L26,RTH1-L26,RSH2-L25,RSH1-L25,SH <> TH,SH key = TH key
795,795,855,庭,庭,,court of law,court of law,tíng,tíng,court/courtyard,ting2,0.02%,931,4,1037,1055,RTH1-L27,RTH1-L27,RSH1-L27,RSH1-L27,SH = TH,SH key = TH key
802,802,867,榮,荣,n.,glory,glory,róng,róng,glory/honored,rong2,0.02%,993,4,1038,1057,RTH1-L27,RTH1-L27,RSH1-L27,RSH1-L27,SH <> TH,SH key = TH key
2065,2065,2117,瓦,瓦,,tile,tile,wǎ,wǎ|wā|wà,tile,wa3,0.01%,1195,4,1039,1058,RTH2-L27,RTH1-L27,RSH2-L27,RSH1-L27,SH = TH,SH key = TH key
2069,2069,2121,宮,宫,,palace,palace,gōng,gōng,palace,gong1,0.02%,982,4,1040,1059,RTH2-L27,RTH1-L27,RSH2-L27,RSH1-L27,SH <> TH,SH key = TH key
811,811,874,旅,旅,v.,travel,travel,lǚ,lǚ,trip/travel,lu:3/lv3,0.02%,950,4,1041,1061,RTH1-L28,RTH1-L28,RSH1-L28,RSH1-L28,SH = TH,SH key = TH key
816,816,878,忽,忽,,suddenly,suddenly,hū,hū,suddenly,hu1,0.02%,912,4,1042,1062,RTH1-L28,RTH1-L28,RSH1-L28,RSH1-L28,SH = TH,SH key = TH key
825,825,887,握,握,v.,grip,grip,wò,wò,shake hands/to hold/to grasp,wo4,0.02%,1032,4,1043,1063,RTH1-L28,RTH1-L28,RSH1-L28,RSH1-L28,SH = TH,SH key = TH key
838,838,906,禁,禁,,prohibit,prohibit,jìn,jìn|jīn,"endure, to prohibit/to forbid",jin1/jin4,0.02%,986,4,1044,1066,RTH1-L29,RTH1-L29,RSH1-L29,RSH1-L29,SH = TH,SH key = TH key
846,846,914,抽,抽,,take out,take out,chōu,chōu,to draw out/to smoke (cigarettes)/to pump,chou1,0.01%,1178,4,1045,1067,RTH1-L29,RTH1-L29,RSH1-L29,RSH1-L29,SH = TH,SH key = TH key
847,847,915,油,油,,oil,oil,yóu,yóu,oil/sly,you2,0.02%,948,4,1046,1068,RTH1-L29,RTH1-L29,RSH1-L29,RSH1-L29,SH = TH,SH key = TH key
848,848,916,甲,甲,,first,first,jiǎ,jiǎ,"A (in a sequence of examples involving ""A"", ""B"", ""C"", etc.)/1st heavenly stem/1st in order/armor",jia3,0.01%,1106,4,1047,1069,RTH1-L29,RTH1-L29,RSH1-L29,RSH1-L29,SH = TH,SH key = TH key
850,850,918,申,申,v.,express,express,shēn,shēn,(surname)/3-5 p.m./9th earthly branch/extend/to state/to explain,shen1,0.01%,1110,4,1048,1070,RTH1-L29,RTH1-L29,RSH1-L29,RSH1-L29,SH = TH,SH key = TH key
851,851,919,伸,伸,,extend,extend,shēn,shēn,to stretch/to extend,shen1,0.01%,1161,4,1049,1071,RTH1-L29,RTH1-L29,RSH1-L29,RSH1-L29,SH = TH,SH key = TH key
869,869,941,雪,雪,n.,snow,snow,xuě,xuě,snow,xue3,0.02%,1003,4,1050,1074,RTH1-L30,RTH1-L30,RSH1-L30,RSH1-L30,SH = TH,SH key = TH key
871,871,945,尋,寻,,seek,seek,xún,xún|xín,to search/to look for/to seek,xun2,0.02%,962,4,1051,1076,RTH1-L30,RTH1-L30,RSH1-L30,RSH1-L30,SH <> TH,SH key = TH key
872,872,943,婦,妇,,married woman,married woman,fù,fù,woman,fu4,0.02%,932,4,1052,1075,RTH1-L30,RTH1-L30,RSH1-L30,RSH1-L30,SH <> TH,SH key = TH key
874,874,949,錄,录,v.,record,record,lù,lù,to record/to hit/to copy,lu4,0.02%,919,4,1053,1077,RTH1-L30,RTH1-L30,RSH1-L30,RSH1-L30,SH <> TH,SH key = TH key
879,879,954,唐,唐,,Tang,Tang,táng,táng,Tang dynasty (618-907),tang2,0.02%,973,4,1054,1078,RTH1-L30,RTH1-L30,RSH1-L30,RSH1-L30,SH = TH,SH key = TH key
884,884,959,君,君,,monarch,monarch,jūn,jūn,monarch/lord/gentleman/ruler,,0.02%,985,4,1055,1079,RTH1-L30,RTH1-L30,RSH1-L30,RSH1-L30,SH = TH,SH key = TH key
891,891,966,端,端,,upright,upright,duān,duān,end/extremity/item/port/to hold sth. level with both hands/to carry/regular,duan1,0.02%,916,4,1056,1080,RTH1-L30,RTH1-L30,RSH1-L30,RSH1-L30,SH = TH,SH key = TH key
892,892,967,曲,曲,,bent,bent,qū,qǔ|qū,"bent/crooked/wrong, tune/song",qu1/qu3,0.01%,1066,4,1057,1081,RTH1-L30,RTH1-L30,RSH1-L30,RSH1-L30,SH = TH,SH key = TH key
2121,2121,2183,析,析,,analyze,analyze,xī,xī,to separate/to divide/to analyze,xi1,0.01%,1073,4,1058,1082,RTH2-L30,RTH1-L30,RSH2-L30,RSH1-L30,SH = TH,SH key = TH key
2124,2124,932,折,折,n.,discount,discount,zhé,zhé|zhē|shé,"broken (as of rope, stick), tenth (in price)/to break/to fold/to turn",she2/zhe2,0.01%,1131,4,1059,1072,RTH2-L30,RTH1-L30,RSH1-L30,RSH1-L30,SH = TH,SH key = TH key
2125,2125,933,哲,哲,,philosopher,philosopher,zhé,zhé,philosophy/wise,zhe2,0.01%,1117,4,1060,1073,RTH2-L30,RTH1-L30,RSH1-L30,RSH1-L30,SH = TH,SH key = TH key
2134,2134,2194,炸,炸,,blow up,blow up,zhà,zhà|zhá,"fry, explode",zha2/zha4,0.02%,976,4,1061,1083,RTH2-L30,RTH1-L30,RSH2-L30,RSH1-L30,SH = TH,SH key = TH key
2136,2136,2209,妻,妻,,wife,wife,qī,qī,"wife, to marry off (a daughter)",qi1/qi4,0.01%,1076,4,1062,1087,RTH2-L30,RTH1-L30,RSH2-L30,RSH1-L30,SH = TH,SH key = TH key
2165,2165,2236,遭,遭,,meet with,meet with,zāo,zāo,a time/incident/meet by chance/turn,zao1,0.01%,1048,4,1063,1088,RTH2-L30,RTH1-L30,RSH2-L30,RSH1-L30,SH = TH,SH key = TH key
898,898,974,借,借,,borrow,borrow,jiè,jiè,to lend/to borrow/excuse/pretext/by means of,jie4,0.02%,984,4,1064,1089,RTH1-L31,RTH1-L31,RSH1-L31,RSH1-L31,SH = TH,SH key = TH key
918,918,562,莊,庄,,hamlet,hamlet,zhuāng,zhuāng,farm/village,zhuang1,0.02%,1024,4,1065,996,RTH1-L31,RTH1-L31,RSH1-L21,RSH1-L21,SH <> TH,SH key = TH key
2172,2172,2240,措,措,,arrange,arrange,cuò,cuò,put in order/arrange/administer/execute/take action on,cuo4,0.01%,1148,4,1066,1090,RTH2-L31,RTH1-L31,RSH2-L31,RSH1-L31,SH = TH,SH key = TH key
2173,2173,1917,棄,弃,,forsake,forsake,qì,qì,abandon/relinquish/to discard/to throw away,qi4,0.01%,1105,4,1067,1023,RTH2-L31,RTH1-L31,RSH2-L22,RSH1-L22,SH <> TH,SH key = TH key
2185,2185,2203,侵,侵,,invade,invade,qīn,qīn,to invade/to infringe/to approach,qin1,0.01%,1086,4,1068,1085,RTH2-L31,RTH1-L31,RSH2-L30,RSH1-L30,SH = TH,SH key = TH key
2188,2188,1981,藏,藏,v.,hide,hide,cáng,cáng|Zàng|zàng,"to hide away/to conceal/to harbor/store/accumulate, storehouse/depository/Buddhist or Taoist scripture/Zang/Tibet",cang2/zang4,0.02%,907,4,1069,1036,RTH2-L31,RTH1-L31,RSH2-L24,RSH1-L24,SH = TH,SH key = TH key
2193,2193,2469,蔣,蒋,,Jiang,Jiang,jiǎng,Jiǎng,(surname),jiang3,0.01%,1172,4,1070,1119,RTH2-L31,RTH1-L31,RSH2-L37,RSH1-L37,SH <> TH,SH key = TH key
936,936,1007,予,予,,bestow,bestow,yǔ,yú|yǔ,"I, to give",yu2/yu3,0.02%,925,4,1071,1091,RTH1-L32,RTH1-L32,RSH1-L32,RSH1-L32,SH = TH,SH key = TH key
944,944,1019,弱,弱,,weak,weak,ruò,ruò,weak/feeble/young/inferior,ruo4,0.02%,1038,4,1072,1092,RTH1-L32,RTH1-L32,RSH1-L32,RSH1-L32,SH = TH,SH key = TH key
2206,2206,2259,埃,埃,,fine dust,fine dust,āi,āi,dirt/dust/angstrom,ai1,0.01%,1121,4,1073,1093,RTH2-L32,RTH1-L32,RSH2-L32,RSH1-L32,SH = TH,SH key = TH key
975,975,1052,跳,跳,v.,jump,jump,tiào,tiào,jump/hop/skip (a grade)/to leap/to bounce/to beat,tiao4,0.02%,999,4,1074,1094,RTH1-L33,RTH1-L33,RSH1-L33,RSH1-L33,SH = TH,SH key = TH key
978,978,1055,骨,骨,,skeleton,skeleton,gǔ,gǔ|gū,bone,gu3,0.02%,1036,4,1075,1095,RTH1-L33,RTH1-L33,RSH1-L33,RSH1-L33,SH = TH,SH key = TH key
2239,2239,2308,諸,诸,,various,various,zhū,zhū,(surname)/all/many/various,zhu1,0.02%,1021,4,1076,1096,RTH2-L33,RTH1-L33,RSH2-L33,RSH1-L33,SH <> TH,SH key = TH key
2244,2244,2196,歸,归,,come back,come back,guī,guī,to go back/to return,gui1,0.02%,933,4,1077,1084,RTH2-L33,RTH1-L33,RSH2-L30,RSH1-L30,SH <> TH,SH key = TH key
2259,2259,2318,促,促,v.,urge,urge,cù,cù,to hurry/to rush/to hasten/near/to promote,cu4,0.01%,1102,4,1078,1097,RTH2-L33,RTH1-L33,RSH2-L33,RSH1-L33,SH = TH,SH key = TH key
2265,2265,2335,操,操,n.,exercise,exercise,cāo,cāo|cào,to hold/to drill/to exercise/to act/to do/to take in hand/to keep/to manage,cao1,0.01%,1173,4,1079,1098,RTH2-L33,RTH1-L33,RSH2-L33,RSH1-L33,SH = TH,SH key = TH key
989,989,1064,附,附,,attach,attach,fù,fù,to add/to attach/to be close to/to be attached,fu4,0.02%,923,4,1080,1100,RTH1-L34,RTH1-L34,RSH1-L34,RSH1-L34,SH = TH,SH key = TH key
1002,1002,1078,探,探,n.,spy,spy,tàn,tàn,to explore/to search out/to scout/to visit,tan4,0.02%,917,4,1081,1101,RTH1-L34,RTH1-L34,RSH1-L34,RSH1-L34,SH = TH,SH key = TH key
1005,1005,1081,絲,丝,,silk,silk,sī,sī,silk/thread/trace,si1,0.02%,1026,4,1082,1103,RTH1-L35,RTH1-L35,RSH1-L35,RSH1-L35,SH <> TH,SH key = TH key
1022,1022,1095,綠,绿,,green,green,lǜ,lǜ|lù,green/chlorine,lu:4/lv4,0.01%,1088,4,1083,1104,RTH1-L35,RTH1-L35,RSH1-L35,RSH1-L35,SH <> TH,SH key = TH key
1041,1041,112,孫,孙,,grandchild,grandchild,sūn,sūn,grandson,sun1,0.02%,995,4,1084,912,RTH1-L35,RTH1-L35,RSH1-L07,RSH1-L07,SH <> TH,SH key = TH key
2305,2305,2376,絡,络,,web,web,luò,luò|lào,"small net, net-like",lao4/luo4,0.01%,1118,4,1085,1105,RTH2-L35,RTH1-L35,RSH2-L35,RSH1-L35,SH <> TH,SH key = TH key
2317,2317,2386,紛,纷,,disorderly,disorderly,fēn,fēn,numerous/confused/disorderly,fen1,0.01%,1181,4,1086,1106,RTH2-L35,RTH1-L35,RSH2-L35,RSH1-L35,SH <> TH,SH key = TH key
2324,2324,2395,緩,缓,,unhurried,unhurried,huǎn,huǎn,slow/sluggish/gradual/to postpone,huan3,0.01%,1111,4,1087,1107,RTH2-L35,RTH1-L35,RSH2-L35,RSH1-L35,SH <> TH,SH key = TH key
2326,2326,2397,援,援,,provide assistance,provide assistance,yuán,yuán,to help/to assist/to aid,yuan2,0.01%,1197,4,1088,1108,RTH2-L35,RTH1-L35,RSH2-L35,RSH1-L35,SH = TH,SH key = TH key
2366,2366,1108,貿,贸,n.,trade,trade,mào,mào,commerce/trade,mao4,0.01%,1092,4,1089,1109,RTH2-L36,RTH1-L36,RSH1-L36,RSH1-L36,SH <> TH,SH key = TH key
2380,2380,2447,卷,卷,,exam paper,exam paper,juàn,juǎn|juàn|quán,"to roll (up)/to sweep up/to carry on, coil/to roll, chapter/examination paper",juan3/juan4,0.02%,1016,4,1090,1111,RTH2-L36,RTH1-L36,RSH2-L36,RSH1-L36,SH = TH,SH key = TH key
1064,1064,1131,尊,尊,v.,venerate,venerate,zūn,zūn,to honor,zun1,0.01%,1134,4,1091,1112,RTH1-L37,RTH1-L37,RSH1-L37,RSH1-L37,SH = TH,SH key = TH key
1069,1069,902,禮,礼,,ceremony,ceremony,lǐ,lǐ,gift/propriety/rite,li3,0.02%,926,4,1092,1065,RTH1-L37,RTH1-L37,RSH1-L29,RSH1-L29,SH <> TH,SH key = TH key
1071,1071,1136,鼓,鼓,,drum,drum,gǔ,gǔ|gū,convex/drum/to rouse/to beat,gu3,0.01%,1123,4,1093,1113,RTH1-L37,RTH1-L37,RSH1-L37,RSH1-L37,SH = TH,SH key = TH key
1078,1078,1139,蓋,盖,,lid,lid,gài,gài,"lid/top/cover/canopy/to build, (surname)",gai4/ge3,0.01%,1052,4,1094,1114,RTH1-L37,RTH1-L37,RSH1-L37,RSH1-L37,SH <> TH,SH key = TH key
1082,1082,1143,藍,蓝,,blue,blue,lán,lán,"kohlrabi, blue",la/lan2,0.01%,1190,4,1095,1115,RTH1-L37,RTH1-L37,RSH1-L37,RSH1-L37,SH <> TH,SH key = TH key
1094,1094,1154,浪,浪,,breakers,breakers,làng,làng,wave/breaker/unrestrained/dissipated,lang4,0.01%,1186,4,1096,1116,RTH1-L37,RTH1-L37,RSH1-L37,RSH1-L37,SH = TH,SH key = TH key
1097,1097,1157,飯,饭,,meal,meal,fàn,fàn,food/cuisine/cooked rice/meal,fan4,0.02%,935,4,1097,1117,RTH1-L37,RTH1-L37,RSH1-L37,RSH1-L37,SH <> TH,SH key = TH key
1099,1099,1159,館,馆,,Bldg.,Bldg.,guǎn,guǎn,house/establishment,guan3,0.02%,1011,4,1098,1118,RTH1-L37,RTH1-L37,RSH1-L37,RSH1-L37,SH <> TH,SH key = TH key
2417,2417,2484,盟,盟,,alliance,alliance,méng,méng|míng,oath/pledge/union/to ally,meng2,0.01%,1163,4,1099,1120,RTH2-L37,RTH1-L37,RSH2-L37,RSH1-L37,SH = TH,SH key = TH key
2419,2419,2486,猛,猛,,fierce,fierce,měng,měng,ferocious/suddenly/fierce/violent/abrupt,meng3,0.01%,1157,4,1100,1121,RTH2-L37,RTH1-L37,RSH2-L37,RSH1-L37,SH = TH,SH key = TH key
2420,2420,2490,盛,盛,,flourishing,flourishing,shèng,chéng|shèng,"to hold/contain/to ladle/pick up with a utensil, (surname)/flourishing",cheng2/sheng4,0.01%,1142,4,1101,1122,RTH2-L37,RTH1-L37,RSH2-L37,RSH1-L37,SH = TH,SH key = TH key
2425,2425,1558,寧,宁,adj.,calm,calm,níng,níng|nìng,peaceful/rather,ning2,0.02%,1019,4,1102,923,RTH2-L37,RTH1-L37,RSH2-L09,RSH1-L09,SH <> TH,SH key = TH key
2461,2461,1979,潛,潜,,submerge,submerge,qián,qián,hidden/latent/secret/to hide/to conceal/secret/hidden/to submerge,qian2,0.01%,1112,4,1103,1035,RTH2-L37,RTH1-L37,RSH2-L24,RSH1-L24,SH <> TH,SH key = TH key
1122,1122,1189,避,避,,evade,evade,bì,bì,avoid/shun/flee/escape/leave/to keep away/to leave/to hide,bi4,0.02%,991,4,1104,1123,RTH1-L38,RTH1-L38,RSH1-L38,RSH1-L38,SH = TH,SH key = TH key
1127,1127,1193,幸,幸,,good fortune,good fortune,xìng,xìng,"lucky, fortunate/lucky",xing4,0.02%,902,4,1105,1124,RTH1-L38,RTH1-L38,RSH1-L38,RSH1-L38,SH = TH,SH key = TH key
1148,1148,1206,賽,赛,,competition,competition,sài,sài,to compete/competition/match,sai4,0.01%,1064,4,1106,1125,RTH1-L38,RTH1-L38,RSH1-L38,RSH1-L38,SH <> TH,SH key = TH key
2475,2475,2545,純,纯,,unadulterated,unadulterated,chún,chún,pure/simple/unmixed/genuine,chun2,0.01%,1125,4,1107,1127,RTH2-L38,RTH1-L38,RSH2-L38,RSH1-L38,SH <> TH,SH key = TH key
2490,2490,2601,譯,译,,translate,translate,yì,yì,to translate/to interpret,yi4,0.01%,1198,4,1108,1140,RTH2-L38,RTH1-L38,RSH2-L39,RSH1-L39,SH <> TH,SH key = TH key
2491,2491,2602,擇,择,v.,select,select,zé,zé|zhái,"to select/to choose/to pick, pick over",ze2/zhai2,0.02%,961,4,1109,1141,RTH2-L38,RTH1-L38,RSH2-L39,RSH1-L39,SH <> TH,SH key = TH key
2492,2492,2600,澤,泽,n.,swamp,swamp,zé,zé,beneficence/marsh,ze2,0.02%,951,4,1110,1139,RTH2-L38,RTH1-L38,RSH2-L39,RSH1-L39,SH <> TH,SH key = TH key
2503,2503,2564,塞,塞,,stronghold,stronghold,sài,sāi|sài|sè,"stop up/to squeeze in/to stuff/Serb (abbr.)/Serbian, strategic pass, piston/unenlightened",sai1/sai4/se4,0.01%,1080,4,1111,1128,RTH2-L38,RTH1-L38,RSH2-L38,RSH1-L38,SH = TH,SH key = TH key
1149,1149,1207,毒,毒,n.,poison,poison,dú,dú,poison/narcotics,du2,0.02%,947,4,1112,1129,RTH1-L39,RTH1-L39,RSH1-L39,RSH1-L39,SH = TH,SH key = TH key
1155,1155,1214,睛,睛,,eyeball,eyeball,jīng,jīng,eye,jing1,0.02%,934,4,1113,1131,RTH1-L39,RTH1-L39,RSH1-L39,RSH1-L39,SH = TH,SH key = TH key
1165,1165,1222,姓,姓,,surname,surname,xìng,xìng,surname/family name/name,xing4,0.01%,1149,4,1114,1132,RTH1-L39,RTH1-L39,RSH1-L39,RSH1-L39,SH = TH,SH key = TH key
1170,1170,1225,豐,丰,,plentiful,plentiful,fēng,fēng,"buxom/good-looking/appearance and carriage of a person, (surname)/abundant/plentiful/great",feng1,0.01%,1189,4,1115,1133,RTH1-L39,RTH1-L39,RSH1-L39,RSH1-L39,SH <> TH,SH key = TH key
1171,1171,1232,春,春,,springtime,springtime,chūn,chūn,spring (time)/gay/joyful/youthful/love/lust/life,chun1,0.02%,921,4,1116,1135,RTH1-L39,RTH1-L39,RSH1-L39,RSH1-L39,SH = TH,SH key = TH key
1185,1185,1245,睡,睡,v.,sleep,sleep,shuì,shuì,to sleep,shui4,0.02%,964,4,1117,1136,RTH1-L39,RTH1-L39,RSH1-L39,RSH1-L39,SH = TH,SH key = TH key
2515,2515,2574,醒,醒,,awaken,awaken,xǐng,xǐng,to wake up/to be awake,xing3,0.01%,1075,4,1118,1137,RTH2-L39,RTH1-L39,RSH2-L39,RSH1-L39,SH = TH,SH key = TH key
2535,2535,1708,畢,毕,v.,complete,complete,bì,bì,the whole of/to finish/to complete/complete/full/finished,bi4,0.01%,1093,4,1119,976,RTH2-L39,RTH1-L39,RSH2-L18,RSH1-L18,SH <> TH,SH key = TH key
1187,1187,1247,含,含,v.,harbor,harbor,hán,hán,to keep/to contain,han2,0.02%,937,4,1120,1142,RTH1-L40,RTH1-L40,RSH1-L40,RSH1-L40,SH = TH,SH key = TH key
1189,1189,1061,陰,阴,,Yin,Yin,yīn,yīn,(of weather) overcast/Yin/feminine/moon/cloudy/negative (electric.)/shady,yin1,0.02%,987,4,1121,1099,RTH1-L40,RTH1-L40,RSH1-L34,RSH1-L34,SH <> TH,SH key = TH key
1194,1194,1258,票,票,,ticket,ticket,piào,piào,bank note/ticket,piao4,0.02%,910,4,1122,1144,RTH1-L40,RTH1-L40,RSH1-L40,RSH1-L40,SH = TH,SH key = TH key
1199,1199,552,煙,烟,n.,smoke,smoke,yān,yān,cigarette/tobacco/smoke,yan1,0.02%,967,4,1123,990,RTH1-L40,RTH1-L40,RSH1-L21,RSH1-L21,SH <> TH,SH key = TH key
1223,1223,1231,偉,伟,,great,great,wěi,wěi,big/large/great,wei3,0.01%,1107,4,1124,1134,RTH1-L41,RTH1-L41,RSH1-L39,RSH1-L39,SH <> TH,SH key = TH key
2554,2554,2627,閃,闪,v.,flash,flash,shǎn,shǎn,flash/lightning,shan3,0.01%,1113,4,1125,1146,RTH2-L41,RTH1-L41,RSH2-L41,RSH1-L41,SH <> TH,SH key = TH key
2562,2562,2634,悲,悲,,sad,sad,bēi,bēi,sad/sadness/sorrow/grief,bei1,0.01%,1166,4,1126,1147,RTH2-L41,RTH1-L41,RSH2-L41,RSH1-L41,SH = TH,SH key = TH key
2570,2570,2594,違,违,,disobey,disobey,wéi,wéi,to disobey/to violate/to separate/to go against,wei2,0.01%,1184,4,1127,1138,RTH2-L41,RTH1-L41,RSH2-L39,RSH1-L39,SH <> TH,SH key = TH key
1226,1226,1280,岸,岸,,shore,shore,àn,àn,bank/shore/beach/coast,an4,0.02%,971,4,1128,1148,RTH1-L42,RTH1-L42,RSH1-L42,RSH1-L42,SH = TH,SH key = TH key
1229,1229,1282,趕,赶,v.,hurry,hurry,gǎn,gǎn,to catch up/to overtake/to hurry/to rush/to drive away,gan3,0.02%,908,4,1129,1149,RTH1-L42,RTH1-L42,RSH1-L42,RSH1-L42,SH <> TH,SH key = TH key
1231,1231,1284,宇,宇,,eaves,eaves,yǔ,yǔ,room/universe,yu3,0.01%,1156,4,1130,1150,RTH1-L42,RTH1-L42,RSH1-L42,RSH1-L42,SH = TH,SH key = TH key
1235,1235,1287,途,途,n.,route,route,tú,tú,way/route/road,tu2,0.01%,1085,4,1131,1151,RTH1-L42,RTH1-L42,RSH1-L42,RSH1-L42,SH = TH,SH key = TH key
1236,1236,1288,束,束,,bundle up,bundle up,shù,shù,bunch/(a measure word)/to bind/to control,shu4,0.02%,998,4,1132,1152,RTH1-L42,RTH1-L42,RSH1-L42,RSH1-L42,SH = TH,SH key = TH key
1240,1240,1253,練,练,v.,practice,practice,liàn,liàn,to practice/to train/to perfect (one's skill)/to drill,lian4,0.02%,1005,4,1133,1143,RTH1-L42,RTH1-L42,RSH1-L40,RSH1-L40,SH <> TH,SH key = TH key
1256,1256,1302,迎,迎,,greet,greet,yíng,yíng,to welcome,ying2,0.01%,1069,4,1134,1153,RTH1-L43,RTH1-L43,RSH1-L43,RSH1-L43,SH = TH,SH key = TH key
1258,1258,176,燈,灯,,lamp,lamp,dēng,dēng,lamp/light,deng1,0.01%,1115,4,1135,919,RTH1-L43,RTH1-L43,RSH1-L08,RSH1-L08,SH <> TH,SH key = TH key
2608,2608,2205,穩,稳,adj.,stable,stable,wěn,wěn,settled/steady/stable,wen3,0.01%,1055,4,1136,1086,RTH2-L43,RTH1-L43,RSH2-L30,RSH1-L30,SH <> TH,SH key = TH key
2609,2609,2345,隱,隐,,hidden,hidden,yǐn,yǐn,secret/hidden/concealed,yin3,0.02%,1034,4,1137,1102,RTH2-L43,RTH1-L43,RSH2-L34,RSH1-L34,SH <> TH,SH key = TH key
2611,2611,2681,巨,巨,,gigantic,gigantic,jù,jù,very large/huge/tremendous/gigantic,ju4,0.02%,913,4,1138,1156,RTH2-L43,RTH1-L43,RSH2-L43,RSH1-L43,SH = TH,SH key = TH key
2619,2619,2673,匯,汇,,converge,converge,huì,huì,"remit/to converge (of rivers)/to exchange, class/collection",hui4,0.01%,1187,4,1139,1155,RTH2-L43,RTH1-L43,RSH2-L43,RSH1-L43,SH <> TH,SH key = TH key
2633,2633,2658,療,疗,v.,cure,cure,liáo,liáo,to treat/to cure,liao2,0.02%,949,4,1140,1154,RTH2-L43,RTH1-L43,RSH2-L43,RSH1-L43,SH <> TH,SH key = TH key
1264,1264,1308,彩,彩,,hue,hue,cǎi,cǎi,"(bright) color/variety/applause/applaud/(lottery) prize, colored/variegated",cai3,0.01%,1177,4,1141,1157,RTH1-L44,RTH1-L44,RSH1-L44,RSH1-L44,SH = TH,SH key = TH key
1281,1281,1330,爸,爸,,papa,papa,bà,bà,father/dad/pa/papa,ba4,0.01%,1050,4,1142,1159,RTH1-L44,RTH1-L44,RSH1-L44,RSH1-L44,SH = TH,SH key = TH key
2653,2653,2711,薩,萨,,Samoa,Samoa,sà,Sà,(surname)/Bodhisattva,sa4,0.01%,1046,4,1143,1160,RTH2-L44,RTH1-L44,RSH2-L44,RSH1-L44,SH <> TH,SH key = TH key
1294,1294,1344,舞,舞,n./v.,dance,dance,wǔ,wǔ,to dance/to wield/to brandish,wu3,0.01%,1144,4,1144,1161,RTH1-L45,RTH1-L45,RSH1-L45,RSH1-L45,SH = TH,SH key = TH key
1300,1300,1348,祖,祖,,ancestor,ancestor,zǔ,zǔ,ancestor/forefather/grandparents,zu3,0.02%,1025,4,1145,1163,RTH1-L45,RTH1-L45,RSH1-L46,RSH1-L46,SH = TH,SH key = TH key
2667,2667,2734,謀,谋,v.,scheme,scheme,móu,móu,to plan/seek/scheme,mou2,0.02%,989,4,1146,1162,RTH2-L45,RTH1-L45,RSH2-L45,RSH1-L45,SH <> TH,SH key = TH key
2684,2684,2750,阻,阻,v.,block,block,zǔ,zǔ,to hinder/to block/to obstruct,zu3,0.01%,1175,4,1147,1165,RTH2-L45,RTH1-L45,RSH2-L46,RSH1-L46,SH = TH,SH key = TH key
1310,1310,1359,港,港,n.,port,port,gǎng,gǎng,harbor/Hong Kong (abbr.),gang3,0.02%,927,4,1148,1164,RTH1-L46,RTH1-L46,RSH1-L46,RSH1-L46,SH = TH,SH key = TH key
2698,2698,2772,暴,暴,,violent,violent,bào,bào|pù,sudden/violent/cruel/to show or expose/to injure,bao4,0.02%,1028,4,1149,1166,RTH2-L46,RTH1-L46,RSH2-L46,RSH1-L46,SH = TH,SH key = TH key
1317,1317,1365,嘴,嘴,,orifice,orifice,zuǐ,zuǐ,mouth,zui3,0.02%,1010,4,1150,1167,RTH1-L47,RTH1-L47,RSH1-L47,RSH1-L47,SH = TH,SH key = TH key
1323,1323,1368,篇,篇,,piece of writing,piece of writing,piān,piān,sheet/piece of writing/(a measure word)/chapter/article,pian1,0.02%,1008,4,1151,1168,RTH1-L47,RTH1-L47,RSH1-L47,RSH1-L47,SH = TH,SH key = TH key
1326,1326,466,輪,轮,,wheel,wheel,lún,lún,wheel/gear/(by) turn/rotate,lun2,0.01%,1096,4,1152,971,RTH1-L47,RTH1-L47,RSH1-L18,RSH1-L18,SH <> TH,SH key = TH key
1327,1327,1370,典,典,,canon,canon,diǎn,diǎn,canon/dictionary,dian3,0.01%,1044,4,1153,1169,RTH1-L47,RTH1-L47,RSH1-L47,RSH1-L47,SH = TH,SH key = TH key
2710,2710,686,購,购,v.,purchase,purchase,gòu,gòu,to buy/to purchase,gou4,0.01%,1078,4,1154,1015,RTH2-L47,RTH1-L47,RSH1-L22,RSH1-L22,SH <> TH,SH key = TH key
2718,2718,2786,遍,遍,,everywhere,everywhere,biàn,biàn,a time/everywhere/turn/all over/one time,bian4,0.02%,1012,4,1155,1171,RTH2-L47,RTH1-L47,RSH2-L47,RSH1-L47,SH = TH,SH key = TH key
2721,2721,2083,倫,伦,,human relationships,human relationships,lún,lún,human relationship,lun2,0.02%,970,4,1156,1053,RTH2-L47,RTH1-L47,RSH2-L26,RSH1-L26,SH <> TH,SH key = TH key
1329,1329,1372,紙,纸,,paper,paper,zhǐ,zhǐ,paper,zhi3,0.02%,1020,4,1157,1172,RTH1-L48,RTH1-L48,RSH1-L48,RSH1-L48,SH <> TH,SH key = TH key
1331,1331,1374,婚,婚,,marriage,marriage,hūn,hūn,to marry/marriage/wedding/to take a wife,hun1,0.02%,942,4,1158,1173,RTH1-L48,RTH1-L48,RSH1-L48,RSH1-L48,SH = TH,SH key = TH key
1337,1337,406,補,补,v.,patch,patch,bǔ,bǔ,to repair/to patch/to mend/to make up for/to fill (a vacancy)/to supplement,bu3,0.02%,944,4,1159,964,RTH1-L48,RTH1-L48,RSH1-L18,RSH1-L18,SH <> TH,SH key = TH key
1338,1338,1381,博,博,,knowledgeable,knowledgeable,bó,bó,extensive/ample/rich/obtain/aim/to win/to get/rich/plentiful/to gamble,bo2,0.02%,965,4,1160,1174,RTH1-L48,RTH1-L48,RSH1-L48,RSH1-L48,SH = TH,SH key = TH key
1343,1343,1387,鄉,乡,,countryside,countryside,xiāng,xiāng,country/village,xiang1,0.02%,922,4,1161,1175,RTH1-L48,RTH1-L48,RSH1-L48,RSH1-L48,SH <> TH,SH key = TH key
2722,2722,2788,抵,抵,,resist,resist,dǐ,dǐ,hold up/on the whole/push against/to support/to resist/to reach/to arrive/mortgage,di3,0.01%,1119,4,1162,1176,RTH2-L48,RTH1-L48,RSH2-L48,RSH1-L48,SH = TH,SH key = TH key
2738,2738,2806,耶,耶,,Jerusalem,Jerusalem,Yē,yé|Yē,(final part.)/(phonetic),ye1,0.01%,1174,4,1163,1177,RTH2-L48,RTH1-L48,RSH2-L48,RSH1-L48,SH = TH,SH key = TH key
2739,2739,2434,爺,爷,,grandfather,grandfather,yé,yé,grandpa/etc./old gentleman,ye2,0.02%,1007,4,1164,1110,RTH2-L48,RTH1-L48,RSH2-L36,RSH1-L36,SH <> TH,SH key = TH key
2747,2747,2775,擁,拥,v.,hug,hug,yōng,yōng,(v) gather round/rush in/crowd/throng/to hold/crowded/to support,yong1,0.01%,1059,4,1165,1170,RTH2-L48,RTH1-L48,RSH2-L47,RSH1-L47,SH <> TH,SH key = TH key
1349,1349,1392,詞,词,n.,word,word,cí,cí,works/phrases/classical Chinese poem/word/diction,ci2,0.02%,959,4,1166,1178,RTH1-L49,RTH1-L49,RSH1-L49,RSH1-L49,SH <> TH,SH key = TH key
1353,1353,1397,盤,盘,,tray,tray,pán,pán,"big/wooden tray, dish/tray/to build/to check/to examine/to transfer/(a measure word used for dishes of food or coils of wire)/to coil",pan2,0.01%,1049,4,1167,1179,RTH1-L49,RTH1-L49,RSH1-L49,RSH1-L49,SH <> TH,SH key = TH key
2764,2764,2826,沿,沿,prep.,along,along,yán,yán,"along, riverside (with -r)",yan2/yan4,0.01%,1182,4,1168,1180,RTH2-L49,RTH1-L49,RSH2-L49,RSH1-L49,SH = TH,SH key = TH key
1361,1361,1405,汽,汽,,vapor,vapor,qì,qì,steam/vapor,qi4,0.01%,1200,4,1169,1181,RTH1-L50,RTH1-L50,RSH1-L50,RSH1-L50,SH = TH,SH key = TH key
1369,1369,437,吳,吴,,Wu,Wu,wú,Wú,(surname)/province of Jiangsu,wu2,0.01%,1135,4,1170,968,RTH1-L50,RTH1-L50,RSH1-L18,RSH1-L18,SH <> TH,SH key = TH key
2778,2778,1409,勒,勒,,tighten,tighten,lēi,lēi|lè,"rein in, strangle",le4/lei1,0.02%,966,4,1171,1182,RTH2-L50,RTH1-L50,RSH1-L50,RSH1-L50,SH = TH,SH key = TH key
1374,1374,1414,牙,牙,,tooth,tooth,yá,yá,tooth/ivory,ya2,0.02%,997,4,1172,1183,RTH1-L51,RTH1-L51,RSH1-L51,RSH1-L51,SH = TH,SH key = TH key
1376,1376,1416,呀,呀,,wow!,wow!,ya,ya|yā,(final part.),ya/ya1,0.02%,929,4,1173,1184,RTH1-L51,RTH1-L51,RSH1-L51,RSH1-L51,SH = TH,SH key = TH key
1379,1379,1419,翻,翻,,turn over,turn over,fān,fān,flit about/translate/turn over,fan1,0.02%,1027,4,1174,1185,RTH1-L51,RTH1-L51,RSH1-L51,RSH1-L51,SH = TH,SH key = TH key
1390,1390,1498,套,套,n.,cover,cover,tào,tào,"to cover/covering/case/cover/(a measure word, a set of something)/sheath",tao4,0.01%,1091,4,1175,1198,RTH1-L51,RTH1-L51,RSH1-L55,RSH1-L55,SH = TH,SH key = TH key
2785,2785,2844,雅,雅,,polished,polished,yǎ,yǎ|yā,elegant,ya3,0.01%,1139,4,1176,1187,RTH2-L51,RTH1-L51,RSH2-L51,RSH1-L51,SH = TH,SH key = TH key
2787,2787,2031,奧,奥,,of great depth,of great depth,ào,ào,obscure/mysterious,ao4,0.02%,972,4,1177,1044,RTH2-L51,RTH1-L51,RSH2-L25,RSH1-L25,SH <> TH,SH key = TH key
1408,1408,1446,搖,摇,v.,shake,shake,yáo,yáo,shake/to rock,yao2,0.02%,940,4,1178,1188,RTH1-L52,RTH1-L52,RSH1-L52,RSH1-L52,SH <> TH,SH key = TH key
1422,1422,1459,虎,虎,,tiger,tiger,hǔ,hǔ|hū|hù,tiger,hu3,0.01%,1083,4,1179,1189,RTH1-L53,RTH1-L53,RSH1-L53,RSH1-L53,SH = TH,SH key = TH key
1423,1423,1460,慮,虑,,ponder,ponder,lǜ,lǜ,anxiety,lu:4/lv4,0.02%,901,4,1180,1190,RTH1-L53,RTH1-L53,RSH1-L53,RSH1-L53,SH <> TH,SH key = TH key
1425,1425,638,戲,戏,v.,frolic,frolic,xì,xì,trick/drama/play/show,xi4,0.02%,1033,4,1181,1009,RTH1-L53,RTH1-L53,RSH1-L22,RSH1-L22,SH <> TH,SH key = TH key
1426,1426,890,劇,剧,,drama,drama,jù,jù,drama/play/show/severe,ju4,0.02%,909,4,1182,1064,RTH1-L53,RTH1-L53,RSH1-L28,RSH1-L28,SH <> TH,SH key = TH key
2879,2879,2618,獻,献,,donate,donate,xiàn,xiàn,to offer,xian4,0.01%,1192,4,1183,1145,RTH2-L53,RTH1-L53,RSH2-L40,RSH1-L40,SH <> TH,SH key = TH key
2885,2885,1570,傑,杰,,outstanding,outstanding,jié,jié,hero/heroic,jie2,0.01%,1129,4,1184,932,RTH2-L53,RTH1-L53,RSH2-L10,RSH1-L10,SH <> TH,SH key = TH key
2893,2893,1914,擺,摆,,put in order,put in order,bǎi,bǎi,pendulum/to place/to display/to swing/to oscillate/to show/to move/to exhibit,bai3,0.01%,1158,4,1185,1022,RTH2-L53,RTH1-L53,RSH2-L22,RSH1-L22,SH <> TH,SH key = TH key
1441,1441,1472,鬼,鬼,,ghost,ghost,guǐ,guǐ,ghost/sly/crafty,gui3,0.02%,1042,4,1186,1192,RTH1-L54,RTH1-L54,RSH1-L54,RSH1-L54,SH = TH,SH key = TH key
1442,1442,1473,魔,魔,,demon,demon,mó,mó,devil,mo2,0.01%,1180,4,1187,1193,RTH1-L54,RTH1-L54,RSH1-L54,RSH1-L54,SH = TH,SH key = TH key
2896,2896,2920,震,震,v.,quake,quake,zhèn,zhèn,shake/shock/sign in trigram,zhen4,0.01%,1104,4,1188,1194,RTH2-L54,RTH1-L54,RSH2-L54,RSH1-L54,SH = TH,SH key = TH key
2897,2897,2921,振,振,,vibrate,vibrate,zhèn,zhèn,rouse,zhen4,0.01%,1140,4,1189,1195,RTH2-L54,RTH1-L54,RSH2-L54,RSH1-L54,SH = TH,SH key = TH key
1447,1447,37,舊,旧,,old,old,jiù,jiù,old (opposite of new)/former,jiu4,0.02%,915,4,1190,902,RTH1-L55,RTH1-L55,RSH1-L03,RSH1-L03,SH <> TH,SH key = TH key
1455,1455,1461,虛,虚,,false_,false_,xū,xū,devoid of content/void/false/empty/vain,xu1,0.01%,1071,4,1191,1191,RTH1-L55,RTH1-L55,RSH1-L53,RSH1-L53,SH <> TH,SH key = TH key
1475,1475,1483,窗,窗,,window,window,chuāng,chuāng,shutter/window,chuang1,0.01%,1074,4,1192,1197,RTH1-L55,RTH1-L55,RSH1-L55,RSH1-L55,SH = TH,SH key = TH key
1487,1487,1320,齊,齐,,identical,identical,qí,qí|zī|zhāi,(surname)/even/to make even,qi2,0.01%,1063,4,1193,1158,RTH1-L55,RTH1-L55,RSH1-L44,RSH1-L44,SH <> TH,SH key = TH key
2913,2913,2959,毀,毁,v.,ruin,ruin,huǐ,huǐ,"to destroy/to damage/to ruin, blaze/destroy by fire, defame/to slander",hui3,0.01%,1160,4,1194,1200,RTH2-L55,RTH1-L55,RSH2-L55,RSH1-L55,SH <> TH,SH key = TH key
2947,2947,1863,擴,扩,,enlarge,enlarge,kuò,kuò,enlarge,kuo4,0.01%,1051,4,1195,1020,RTH2-L55,RTH1-L55,RSH2-L22,RSH1-L22,SH <> TH,SH key = TH key
2974,2974,2951,跡,迹,,indication,indication,jì,jì,"footprint/mark/trace/vestige/sign/indication, footprint/trace",ji1/ji4,0.01%,1098,4,1196,1199,RTH2-L55,RTH1-L55,RSH2-L55,RSH1-L55,SH <> TH,SH key = TH key
3007,3007,2922,鄭,郑,,Zheng,Zheng,zhèng,Zhèng,(surname),zheng4,0.01%,1132,4,1197,1196,RTH2-Postscript 1,RTH1-Postscript 1,RSH2-L54,RSH1-L54,SH <> TH,SH key = TH key
3009,3009,2535,趙,赵,,Zhao,Zhao,zhào,Zhào,(surname),zhao4,0.01%,1169,4,1198,1126,RTH2-Postscript 1,RTH1-Postscript 1,RSH2-L38,RSH1-L38,SH <> TH,SH key = TH key
3032,3032,1746,砲,炮,,cannon,cannon,pào,pào|báo|pū,"cannon/gun/firecracker, gun/cannon",pao4,0.02%,914,4,1199,986,RTH2-Postscript 1,RTH1-Postscript 1,RSH2-L20,RSH1-L20,SH <> TH,SH key = TH key
21,21,22,唱,唱,,sing,sing,chàng,chàng,sing/to call loudly/to chant,chang4,0.01%,1252,5,1200,1201,RTH1-L02,RTH1-L02,RSH1-L02,RSH1-L02,SH = TH,SH key = TH key
29,29,30,旦,旦,,daybreak,daybreak,dàn,dàn,dawn/morning/day-break/day,dan4,0.01%,1300,5,1201,1202,RTH1-L02,RTH1-L02,RSH1-L02,RSH1-L02,SH = TH,SH key = TH key
1503,1503,1504,咱,咱,,we (inclusive),we (inclusive),zán,zán,"we (incl.), we (incl.)",za2/zan2,0.01%,1265,5,1202,1204,RTH2-L03,RTH1-L03,RSH2-L03,RSH1-L03,SH = TH,SH key = TH key
52,52,53,貼,贴,v.,paste,paste,tiē,tiē,to stick/to paste/to keep close to/to fit snugly/subsidize/allowance,tie1,0.01%,1454,5,1203,1206,RTH1-L04,RTH1-L04,RSH1-L04,RSH1-L04,SH <> TH,SH key = TH key
82,82,86,召,召,,summon,summon,zhào,zhào,"(surname)/name of an ancient state, to call together/to summon/to convene",shao4/zhao4,0.01%,1214,5,1204,1207,RTH1-L05,RTH1-L05,RSH1-L05,RSH1-L05,SH = TH,SH key = TH key
93,93,98,孔,孔,,cavity,cavity,kǒng,kǒng,(surname)/hole,kong3,0.01%,1289,5,1205,1208,RTH1-L06,RTH1-L06,RSH1-L06,RSH1-L06,SH = TH,SH key = TH key
100,100,106,貫,贯,,pierce,pierce,guàn,guàn,pierce/to string,guan4,0.01%,1478,5,1206,1209,RTH1-L06,RTH1-L06,RSH1-L06,RSH1-L06,SH <> TH,SH key = TH key
107,107,114,尖,尖,n.,tip,tip,jiān,jiān,point (of needle)/sharp/shrewd/pointed,jian1,0.01%,1321,5,1207,1210,RTH1-L07,RTH1-L07,RSH1-L07,RSH1-L07,SH = TH,SH key = TH key
113,113,124,厚,厚,,thick,thick,hòu,hòu,generous/thick (for flat things),hou4,0.01%,1235,5,1208,1213,RTH1-L07,RTH1-L07,RSH1-L07,RSH1-L07,SH = TH,SH key = TH key
116,116,127,妙,妙,,wonderful,wonderful,miào,miào,clever/wonderful,miao4,0.01%,1250,5,1209,1214,RTH1-L07,RTH1-L07,RSH1-L07,RSH1-L07,SH = TH,SH key = TH key
139,139,149,潮,潮,,tide,tide,cháo,cháo,tide/current/damp/moist/humid,chao2,0.01%,1302,5,1210,1216,RTH1-L08,RTH1-L08,RSH1-L08,RSH1-L08,SH = TH,SH key = TH key
158,158,172,灰,灰,,ashes,ashes,huī,huī,gray/ash,hui1,0.01%,1311,5,1211,1217,RTH1-L08,RTH1-L08,RSH1-L08,RSH1-L08,SH = TH,SH key = TH key
159,159,173,煩,烦,adj.,vexed,vexed,fán,fán,feel vexed/to bother,fan2,0.01%,1253,5,1212,1218,RTH1-L08,RTH1-L08,RSH1-L08,RSH1-L08,SH <> TH,SH key = TH key
160,160,174,炎,炎,,inflammation,inflammation,yán,yán,flame/inflammation/-itis,yan2,0.01%,1324,5,1213,1219,RTH1-L08,RTH1-L08,RSH1-L08,RSH1-L08,SH = TH,SH key = TH key
161,161,175,淡,淡,adj.,thin,thin,dàn,dàn,insipid/diluted/weak/light in color/tasteless/fresh/indifferent/nitrogen,dan4,0.01%,1293,5,1214,1220,RTH1-L08,RTH1-L08,RSH1-L08,RSH1-L08,SH = TH,SH key = TH key
162,162,194,災,灾,,disaster,disaster,zāi,zāi,disaster/calamity,zai1,0.01%,1349,5,1215,1225,RTH1-L08,RTH1-L08,RSH1-L09,RSH1-L09,SH <> TH,SH key = TH key
167,167,377,燒,烧,,fever,fever,shāo,shāo,to burn/to cook/to stew/to bake/to roast/fever,shao1,0.01%,1201,5,1216,1242,RTH1-L08,RTH1-L08,RSH1-L16,RSH1-L16,SH <> TH,SH key = TH key
168,168,378,曉,晓,n.,dawn,dawn,xiǎo,xiǎo,dawn/to know/to tell (sb sth)/dawn,xiao3,0.01%,1357,5,1217,1243,RTH1-L08,RTH1-L08,RSH1-L16,RSH1-L16,SH <> TH,SH key = TH key
174,174,183,墨,墨,,black ink,black ink,mò,mò,China ink/ink stick,mo4,0.01%,1493,5,1218,1223,RTH1-L09,RTH1-L09,RSH1-L09,RSH1-L09,SH = TH,SH key = TH key
175,175,184,冒,冒,v.,risk,risk,mào,mào,brave/bold/to cover,mao4,0.01%,1222,5,1219,1224,RTH1-L09,RTH1-L09,RSH1-L09,RSH1-L09,SH = TH,SH key = TH key
1537,1537,1554,丹,丹,,cinnabar red,cinnabar red,dān,dān,red/pellet/powder/cinnabar,dan1,0.01%,1280,5,1220,1226,RTH2-L09,RTH1-L09,RSH2-L09,RSH1-L09,SH = TH,SH key = TH key
196,196,209,呆,呆,,dim-witted,dim-witted,dāi,dāi|ái,"foolish/stupid/no expression/stay, stay/stupid",dai1,0.01%,1338,5,1221,1227,RTH1-L10,RTH1-L10,RSH1-L10,RSH1-L10,SH = TH,SH key = TH key
1546,1546,1569,杜,杜,,prevent,prevent,dù,dù,(surname)/fabricate/restrict/to prevent,du4,0.01%,1277,5,1222,1228,RTH2-L10,RTH1-L10,RSH2-L10,RSH1-L10,SH = TH,SH key = TH key
1559,1559,2037,樑,梁,,roof beam,roof beam,liáng,liáng,"(surname)/beam of roof/bridge, beam of roof",liang2,0.01%,1416,5,1223,1327,RTH2-L10,RTH1-L10,RSH2-L25,RSH1-L25,SH <> TH,SH key = TH key
229,229,248,哭,哭,v.,cry,cry,kū,kū,to cry/to weep,ku1,0.01%,1210,5,1224,1229,RTH1-L11,RTH1-L11,RSH1-L11,RSH1-L11,SH = TH,SH key = TH key
232,232,251,狗,狗,,dog,dog,gǒu,gǒu,dog,gou3,0.01%,1281,5,1225,1230,RTH1-L11,RTH1-L11,RSH1-L11,RSH1-L11,SH = TH,SH key = TH key
240,240,257,洗,洗,v.,wash,wash,xǐ,xǐ|Xiǎn,to wash/to bathe,xi3,0.01%,1247,5,1226,1231,RTH1-L11,RTH1-L11,RSH1-L11,RSH1-L11,SH = TH,SH key = TH key
243,243,261,茶,茶,,tea,tea,chá,chá,tea/tea plant,cha2,0.01%,1272,5,1227,1234,RTH1-L12,RTH1-L12,RSH1-L12,RSH1-L12,SH = TH,SH key = TH key
1574,1574,1599,舍,舍,,abode,abode,shè,shě|shè,"give up/abandon, residence",she3/she4,0.01%,1344,5,1228,1235,RTH2-L12,RTH1-L12,RSH2-L12,RSH1-L12,SH = TH,SH key = TH key
1581,1581,1607,珠,珠,,pearl,pearl,zhū,zhū,bead/pearl,zhu1,0.01%,1286,5,1229,1236,RTH2-L12,RTH1-L12,RSH2-L12,RSH1-L12,SH = TH,SH key = TH key
1596,1596,1887,轟,轰,n./v.,rumble,rumble,hōng,hōng,explosion/bang/boom/rumble/strike (by thunder or a bomb),hong1,0.01%,1264,5,1230,1297,RTH2-L13,RTH1-L13,RSH2-L22,RSH1-L22,SH <> TH,SH key = TH key
297,297,326,享,享,,enjoy,enjoy,xiǎng,xiǎng,enjoy,xiang3,0.01%,1227,5,1231,1237,RTH1-L14,RTH1-L14,RSH1-L14,RSH1-L14,SH = TH,SH key = TH key
318,318,344,敬,敬,,revere,revere,jìng,jìng,to respect/to venerate/to salute/to offer,jing4,0.01%,1209,5,1232,1239,RTH1-L15,RTH1-L15,RSH1-L15,RSH1-L15,SH = TH,SH key = TH key
1613,1613,1674,津,津,,Tianjin,Tianjin,jīn,jīn,Tianjin/ferry,jin1,0.01%,1353,5,1233,1245,RTH2-L15,RTH1-L15,RSH2-L17,RSH1-L17,SH = TH,SH key = TH key
1622,1622,1652,罰,罚,,penalize,penalize,fá,fá,to punish/to penalize,fa2,0.01%,1215,5,1234,1240,RTH2-L15,RTH1-L15,RSH2-L15,RSH1-L15,SH <> TH,SH key = TH key
355,355,381,涉,涉,v.,ford,ford,shè,shè,involve/concern/wade/to experience,she4,0.01%,1239,5,1235,1244,RTH1-L17,RTH1-L17,RSH1-L17,RSH1-L17,SH = TH,SH key = TH key
1646,1646,1675,鍵,键,,keyboard keys,keyboard keys,jiàn,jiàn,(door lock) key,jian4,0.01%,1471,5,1236,1246,RTH2-L17,RTH1-L17,RSH2-L17,RSH1-L17,SH <> TH,SH key = TH key
385,385,417,幕,幕,,curtain,curtain,mù,mù,stage curtain/tent,mu4,0.01%,1315,5,1237,1248,RTH1-L18,RTH1-L18,RSH1-L18,RSH1-L18,SH = TH,SH key = TH key
402,402,435,冬,冬,,winter,winter,dōng,dōng,winter,dong1,0.01%,1384,5,1238,1249,RTH1-L18,RTH1-L18,RSH1-L18,RSH1-L18,SH = TH,SH key = TH key
405,405,441,喬,乔,,pretend,pretend,qiáo,qiáo,tall,qiao2,0.01%,1488,5,1239,1250,RTH1-L18,RTH1-L18,RSH1-L18,RSH1-L18,SH <> TH,SH key = TH key
406,406,442,橋,桥,n.,bridge,bridge,qiáo,qiáo,bridge,qiao2,0.01%,1292,5,1240,1251,RTH1-L18,RTH1-L18,RSH1-L18,RSH1-L18,SH <> TH,SH key = TH key
414,414,450,童,童,n.,juvenile,juvenile,tóng,tóng,(surname)/boy/child/children,tong2,0.01%,1229,5,1241,1252,RTH1-L18,RTH1-L18,RSH1-L18,RSH1-L18,SH = TH,SH key = TH key
425,425,459,皆,皆,,all,all,jiē,jiē,all/each and every/in all cases,jie1,0.01%,1419,5,1242,1253,RTH1-L18,RTH1-L18,RSH1-L18,RSH1-L18,SH = TH,SH key = TH key
440,440,475,吹,吹,v.,blow,blow,chuī,chuī,to blow/blast/puff/boast/brag/end in failure,chui1,0.01%,1390,5,1243,1254,RTH1-L18,RTH1-L18,RSH1-L18,RSH1-L18,SH = TH,SH key = TH key
1648,1648,401,裁,裁,v.,tailor,tailor,cái,cái,cut out (as a dress)/cut/trim/reduce/diminish/decision/judgment,cai2,0.01%,1203,5,1244,1247,RTH2-L18,RTH1-L18,RSH1-L18,RSH1-L18,SH = TH,SH key = TH key
1659,1659,1686,幅,幅,,width of cloth,width of cloth,fú,fú,(measure word for textile or picture)/width/roll,fu2,0.01%,1444,5,1245,1255,RTH2-L18,RTH1-L18,RSH2-L18,RSH1-L18,SH = TH,SH key = TH key
1663,1663,2623,鬧,闹,,stir up trouble,stir up trouble,nào,nào,make noise or disturbance,nao4,0.01%,1336,5,1246,1432,RTH2-L18,RTH1-L18,RSH2-L41,RSH1-L41,SH <> TH,SH key = TH key
1673,1673,1702,蒂,蒂,,fruit stem,fruit stem,dì,dì,stem (of fruit),di4,0.01%,1429,5,1247,1256,RTH2-L18,RTH1-L18,RSH2-L18,RSH1-L18,SH = TH,SH key = TH key
1678,1678,1706,乘,乘,,hitch a ride,hitch a ride,chéng,chéng|shèng,ride/mount/make use of/take advantage of/multiply/to avail of/to ride,cheng2,0.01%,1231,5,1248,1257,RTH2-L18,RTH1-L18,RSH2-L18,RSH1-L18,SH = TH,SH key = TH key
1679,1679,1707,剩,剩,adj.,leftover,leftover,shèng,shèng,have as remainder,sheng4,0.01%,1446,5,1249,1258,RTH2-L18,RTH1-L18,RSH2-L18,RSH1-L18,SH = TH,SH key = TH key
1683,1683,1713,敏,敏,,quick-witted,quick-witted,mǐn,mǐn,keen,min3,0.01%,1436,5,1250,1259,RTH2-L18,RTH1-L18,RSH2-L18,RSH1-L18,SH = TH,SH key = TH key
455,455,488,鏡,镜,,mirror,mirror,jìng,jìng,mirror,jing4,0.01%,1251,5,1251,1260,RTH1-L19,RTH1-L19,RSH1-L19,RSH1-L19,SH <> TH,SH key = TH key
1693,1693,1725,荒,荒,,wasteland,wasteland,huāng,huāng,out of practice/uncultivated,huang1,0.01%,1328,5,1252,1261,RTH2-L19,RTH1-L19,RSH2-L19,RSH1-L19,SH = TH,SH key = TH key
1697,1697,1656,訊,讯,,interrogate,interrogate,xùn,xùn,to question/to ask/to interrogate/rapid/speedy/fast/news/information,xun4,0.01%,1238,5,1253,1241,RTH2-L19,RTH1-L19,RSH2-L15,RSH1-L15,SH <> TH,SH key = TH key
480,480,509,蟲,虫,,insects,insect,chóng,chóng,"insect/worm, an animal/an invertebrate/a worm/an insect",chong2,0.01%,1287,5,1254,1262,RTH1-L20,RTH1-L20,RSH1-L20,RSH1-L20,SH <> TH,SH key <> TH key
482,482,514,蛋,蛋,,egg,egg,dàn,dàn,egg/oval shaped,dan4,0.01%,1387,5,1255,1263,RTH1-L20,RTH1-L20,RSH1-L20,RSH1-L20,SH = TH,SH key = TH key
495,495,528,羊,羊,,sheep,sheep,yáng,yáng,(surname)/sheep,yang2,0.01%,1337,5,1256,1264,RTH1-L20,RTH1-L20,RSH1-L20,RSH1-L20,SH = TH,SH key = TH key
1713,1713,1745,胞,胞,,placenta,placenta,bāo,bāo,the placenta/womb,bao1,0.01%,1341,5,1257,1265,RTH2-L20,RTH1-L20,RSH2-L20,RSH1-L20,SH = TH,SH key = TH key
1728,1728,1757,蕩,荡,,licentious,licentious,dàng,dàng,a pond/pool/wash/squander/sweep away/move/shake/dissolute,dang4,0.01%,1424,5,1258,1266,RTH2-L20,RTH1-L20,RSH2-L20,RSH1-L20,SH <> TH,SH key = TH key
1729,1729,1759,詳,详,,detailed,detailed,xiáng,xiáng,detailed/comprehensive,xiang2,0.01%,1439,5,1259,1267,RTH2-L20,RTH1-L20,RSH2-L20,RSH1-L20,SH <> TH,SH key = TH key
1732,1732,1765,堆,堆,n./v.,pile,pile,duī,duī|zuī,a pile/a mass/heap/stack,dui1,0.01%,1370,5,1260,1268,RTH2-L20,RTH1-L20,RSH2-L20,RSH1-L20,SH = TH,SH key = TH key
1741,1741,1768,霍,霍,,all at once,all at once,huò,huò,(surname)/cholera,huo4,0.01%,1442,5,1261,1269,RTH2-L20,RTH1-L20,RSH2-L20,RSH1-L20,SH = TH,SH key = TH key
1742,1742,1522,奮,奋,,exert oneself,exert oneself,fèn,fèn,exert oneself,fen4,0.01%,1268,5,1262,1215,RTH2-L20,RTH1-L20,RSH2-L07,RSH1-L07,SH <> TH,SH key = TH key
542,542,578,憂,忧,,worried,worried,yōu,yōu,worried,you1,0.01%,1461,5,1263,1270,RTH1-L21,RTH1-L21,RSH1-L21,RSH1-L21,SH <> TH,SH key = TH key
545,545,582,慣,惯,,accustomed to,accustomed to,guàn,guàn,accustomed to/used to,guan4,0.01%,1226,5,1264,1271,RTH1-L21,RTH1-L21,RSH1-L21,RSH1-L21,SH <> TH,SH key = TH key
1756,1756,1790,忠,忠,,loyal,loyal,zhōng,zhōng,loyal,zhong1,0.01%,1322,5,1265,1275,RTH2-L21,RTH1-L21,RSH2-L21,RSH1-L21,SH = TH,SH key = TH key
1760,1760,1807,悄,悄,,noiseless,noiseless,qiǎo,qiāo|qiǎo,quiet/sad,qiao3/qiao1,0.01%,1434,5,1266,1280,RTH2-L21,RTH1-L21,RSH2-L21,RSH1-L21,SH = TH,SH key = TH key
1763,1763,1804,恢,恢,,immense,immense,huī,huī,to restore/to recover/great,hui1,0.01%,1364,5,1267,1278,RTH2-L21,RTH1-L21,RSH2-L21,RSH1-L21,SH = TH,SH key = TH key
1766,1766,1809,恰,恰,,just right,just right,qià,qià,exactly/just,qia4,0.01%,1308,5,1268,1281,RTH2-L21,RTH1-L21,RSH2-L21,RSH1-L21,SH = TH,SH key = TH key
1769,1769,1793,愈,愈,,more and more,more and more,yù,yù,"heal/the more...the more/to recover/better, heal",yu4,0.01%,1301,5,1269,1276,RTH2-L21,RTH1-L21,RSH2-L21,RSH1-L21,SH = TH,SH key = TH key
1781,1781,1796,患,患,,troubles,troubles,huàn,huàn,misfortune/suffer (from illness)/trouble/danger/worry/to contract (a disease),huan4,0.01%,1249,5,1270,1277,RTH2-L21,RTH1-L21,RSH2-L21,RSH1-L21,SH = TH,SH key = TH key
1784,1784,1806,憶,忆,v.,recall,recall,yì,yì,remember,yi4,0.01%,1333,5,1271,1279,RTH2-L21,RTH1-L21,RSH2-L21,RSH1-L21,SH <> TH,SH key = TH key
567,567,605,掛,挂,,hang,hang,guà,guà,"hang/suspend, to hang/to put up/to suspend",gua4,0.01%,1232,5,1272,1282,RTH1-L22,RTH1-L22,RSH1-L22,RSH1-L22,SH <> TH,SH key = TH key
575,575,617,鼻,鼻,,nose,nose,bí,bí,nose,bi2,0.01%,1335,5,1273,1283,RTH1-L22,RTH1-L22,RSH1-L22,RSH1-L22,SH = TH,SH key = TH key
583,583,626,奶,奶,n.,milk,milk,nǎi,nǎi,breast/lady/milk,nai3,0.01%,1278,5,1274,1284,RTH1-L22,RTH1-L22,RSH1-L22,RSH1-L22,SH = TH,SH key = TH key
603,603,652,枝,枝,,branch,branch,zhī,zhī|qí,branch/(a measure word),zhi1,0.01%,1491,5,1275,1285,RTH1-L22,RTH1-L22,RSH1-L22,RSH1-L22,SH = TH,SH key = TH key
604,604,653,叔,叔,,uncle,uncle,shū,shū,uncle in direct address,shu1,0.01%,1422,5,1276,1286,RTH1-L22,RTH1-L22,RSH1-L22,RSH1-L22,SH = TH,SH key = TH key
609,609,658,返,返,,go back,go back,fǎn,fǎn,to return (to),fan3,0.01%,1430,5,1277,1287,RTH1-L22,RTH1-L22,RSH1-L22,RSH1-L22,SH = TH,SH key = TH key
616,616,666,菜,菜,,vegetable,vegetable,cài,cài,dish (type of food)/vegetables,cai4,0.01%,1266,5,1278,1288,RTH1-L22,RTH1-L22,RSH1-L22,RSH1-L22,SH = TH,SH key = TH key
1799,1799,1836,扎,扎,v.,prick,prick,zhā,zhā|zā|zhá,"to tie/to bind, tie with string or ribbon/bind with rope or cord/to stop, to prick/to run or stick (a needle, etc.) into, penetrating (as of cold)/struggle",za1/zha1/zha2,0.01%,1411,5,1279,1289,RTH2-L22,RTH1-L22,RSH2-L22,RSH1-L22,SH = TH,SH key = TH key
1807,1807,1846,描,描,,describe,describe,miáo,miáo,depict/to trace (a drawing)/to copy/to touch up,miao2,0.01%,1246,5,1280,1291,RTH2-L22,RTH1-L22,RSH2-L22,RSH1-L22,SH = TH,SH key = TH key
1808,1808,1845,摸,摸,,grope,grope,mō,mō,"feel with the hand/to touch/to stroke/to grope/to feel (one's pulse), imitate/copy",mo1/mo2,0.01%,1367,5,1281,1290,RTH2-L22,RTH1-L22,RSH2-L22,RSH1-L22,SH = TH,SH key = TH key
1809,1809,1847,挑,挑,,foment,foment,tiǎo,tiāo|tiǎo|tāo,"carry on a pole/choose, incite",tiao1/tiao3,0.01%,1309,5,1282,1292,RTH2-L22,RTH1-L22,RSH2-L22,RSH1-L22,SH = TH,SH key = TH key
1817,1817,1859,拖,拖,v.,drag,drag,tuō,tuō,dragging (brush stroke in painting)/to drag along,tuo1,0.01%,1492,5,1283,1294,RTH2-L22,RTH1-L22,RSH2-L22,RSH1-L22,SH = TH,SH key = TH key
1824,1824,1848,擾,扰,,harass,harass,rǎo,rǎo,disturb,rao3,0.01%,1483,5,1284,1293,RTH2-L22,RTH1-L22,RSH2-L22,RSH1-L22,SH <> TH,SH key = TH key
1832,1832,1872,奔,奔,v.,dash,dash,bēn,bēn|bèn,"to hurry or rush/to run quickly/to elope, go to/towards",ben1/ben4,0.01%,1285,5,1285,1295,RTH2-L22,RTH1-L22,RSH2-L22,RSH1-L22,SH = TH,SH key = TH key
1855,1855,1896,盾,盾,n.,shield,shield,dùn,dùn,shield,dun4,0.01%,1395,5,1286,1298,RTH2-L22,RTH1-L22,RSH2-L22,RSH1-L22,SH = TH,SH key = TH key
1861,1861,1905,允,允,v.,consent,consent,yǔn,yǔn,just/fair/to permit/to allow,yun3,0.01%,1443,5,1287,1299,RTH2-L22,RTH1-L22,RSH2-L22,RSH1-L22,SH = TH,SH key = TH key
1869,1869,1912,抬,抬,,elevate,elevate,tái,tái,to lift/to raise/(of two or more persons) to carry,tai2,0.01%,1386,5,1288,1300,RTH2-L22,RTH1-L22,RSH2-L22,RSH1-L22,SH = TH,SH key = TH key
1873,1873,1918,撤,撤,,remove,remove,chè,chè,remove/take away/withdraw,che4,0.01%,1270,5,1289,1302,RTH2-L22,RTH1-L22,RSH2-L22,RSH1-L22,SH = TH,SH key = TH key
642,642,695,貧,贫,,impoverished,impoverished,pín,pín,poor,pin2,0.01%,1359,5,1290,1303,RTH1-L23,RTH1-L23,RSH1-L23,RSH1-L23,SH <> TH,SH key = TH key
1879,1879,1927,岩,岩,,rock,rock,yán,yán,"cliff/rock, cliff",yan2,0.01%,1423,5,1291,1304,RTH2-L23,RTH1-L23,RSH2-L23,RSH1-L23,SH = TH,SH key = TH key
658,658,709,婆,婆,,old woman,old woman,pó,pó,grandmother/matron/mother-in-law,po2,0.01%,1347,5,1292,1307,RTH1-L24,RTH1-L24,RSH1-L24,RSH1-L24,SH = TH,SH key = TH key
674,674,723,曼,曼,,drawn out,drawn out,màn,màn,handsome/large/long,man4,0.01%,1224,5,1293,1308,RTH1-L24,RTH1-L24,RSH1-L24,RSH1-L24,SH = TH,SH key = TH key
676,676,725,漫,漫,v.,overflow,overflow,màn,màn,free/unrestrained/inundate,man4,0.01%,1455,5,1294,1309,RTH1-L24,RTH1-L24,RSH1-L24,RSH1-L24,SH = TH,SH key = TH key
693,693,747,奴,奴,n.,slave,slave,nú,nú,slave,nu2,0.01%,1402,5,1295,1311,RTH1-L24,RTH1-L24,RSH1-L24,RSH1-L24,SH = TH,SH key = TH key
709,709,122,廳,厅,,hall,hall,tīng,tīng,(reception) hall/office,ting1,0.01%,1217,5,1296,1211,RTH1-L24,RTH1-L24,RSH1-L07,RSH1-L07,SH <> TH,SH key = TH key
1894,1894,703,賞,赏,n.,prize,prize,shǎng,shǎng,enjoy the beauty of/give,shang3,0.01%,1450,5,1297,1306,RTH2-L24,RTH1-L24,RSH1-L24,RSH1-L24,SH <> TH,SH key = TH key
1903,1903,1999,彼,彼,,the other,the other,bǐ,bǐ,that/those/(one) another),bi3,0.01%,1256,5,1298,1319,RTH2-L24,RTH1-L24,RSH2-L24,RSH1-L24,SH = TH,SH key = TH key
1906,1906,2199,趨,趋,,hasten,hasten,qū,qū,to hasten/to hurry/walk fast,qu1,0.01%,1486,5,1299,1367,RTH2-L24,RTH1-L24,RSH2-L30,RSH1-L30,SH <> TH,SH key = TH key
1908,1908,1964,殖,殖,v.,breed,breed,zhí,zhí|shi,grow/reproduce,zhi2,0.01%,1438,5,1300,1312,RTH2-L24,RTH1-L24,RSH2-L24,RSH1-L24,SH = TH,SH key = TH key
1912,1912,1968,裂,裂,v.,crack,crack,liè,liè|liě,crack/split,lie4,0.01%,1317,5,1301,1313,RTH2-L24,RTH1-L24,RSH2-L24,RSH1-L24,SH = TH,SH key = TH key
1915,1915,1971,輯,辑,,edit,edit,jí,jí,gather up/collect/edit/compile,ji2,0.01%,1362,5,1302,1314,RTH2-L24,RTH1-L24,RSH2-L24,RSH1-L24,SH <> TH,SH key = TH key
1916,1916,1973,攝,摄,,take a photo,take a photo,shè,shè,assist/collect/absorb,she4,0.01%,1403,5,1303,1315,RTH2-L24,RTH1-L24,RSH2-L24,RSH1-L24,SH <> TH,SH key = TH key
1922,1922,1989,脅,胁,,threaten,threaten,xié,xié,side of body/threaten,xie2,0.01%,1494,5,1304,1316,RTH2-L24,RTH1-L24,RSH2-L24,RSH1-L24,SH <> TH,SH key = TH key
1936,1936,1992,徹,彻,,thorough,thorough,chè,chè,pervade/penetrate/pass through/thorough/penetrating,che4,0.01%,1240,5,1305,1317,RTH2-L24,RTH1-L24,RSH2-L24,RSH1-L24,SH <> TH,SH key = TH key
1937,1937,1997,役,役,,service,service,yì,yì,service,yi4,0.01%,1245,5,1306,1318,RTH2-L24,RTH1-L24,RSH2-L24,RSH1-L24,SH = TH,SH key = TH key
1939,1939,2001,衡,衡,,weight,weight,héng,héng,to weigh/weight/measure,heng2,0.01%,1340,5,1307,1320,RTH2-L24,RTH1-L24,RSH2-L24,RSH1-L24,SH = TH,SH key = TH key
718,718,773,季,季,n.,seasons,seasons,jì,jì,season/period,ji4,0.01%,1279,5,1308,1321,RTH1-L25,RTH1-L25,RSH1-L25,RSH1-L25,SH = TH,SH key = TH key
730,730,788,箱,箱,n.,box,box,xiāng,xiāng,box/trunk/chest,xiang1,0.01%,1453,5,1309,1323,RTH1-L25,RTH1-L25,RSH1-L25,RSH1-L25,SH = TH,SH key = TH key
1944,1944,2006,稍,稍,adj.,a little,a little,shāo,shāo|shào,somewhat/a little,shao1,0.01%,1373,5,1310,1324,RTH2-L25,RTH1-L25,RSH2-L25,RSH1-L25,SH = TH,SH key = TH key
1949,1949,2024,黎,黎,n.,host,host,lí,lí,(surname)/black/abbreviation for Lebanon,li2,0.01%,1476,5,1311,1325,RTH2-L25,RTH1-L25,RSH2-L25,RSH1-L25,SH = TH,SH key = TH key
1970,1970,2029,糊,糊,,batter,batter,hù,hú|hū|hù,"muddled/paste/scorched, paste/cream",hu2/hu4,0.01%,1393,5,1312,1326,RTH2-L25,RTH1-L25,RSH2-L25,RSH1-L25,SH = TH,SH key = TH key
1972,1972,2515,糧,粮,,provisions,provisions,liáng,liáng,provisions,liang2,0.01%,1303,5,1313,1412,RTH2-L25,RTH1-L25,RSH2-L37,RSH1-L37,SH <> TH,SH key = TH key
1977,1977,779,粉,粉,n.,powder,powder,fěn,fěn,dust/powder,fen3,0.01%,1498,5,1314,1322,RTH2-L25,RTH1-L25,RSH1-L25,RSH1-L25,SH = TH,SH key = TH key
1988,1988,2051,箭,箭,,arrow,arrow,jiàn,jiàn,arrow,jian4,0.01%,1496,5,1315,1328,RTH2-L25,RTH1-L25,RSH2-L25,RSH1-L25,SH = TH,SH key = TH key
761,761,820,仁,仁,,benevolence,benevolence,rén,rén,humane,ren2,0.01%,1360,5,1316,1329,RTH1-L26,RTH1-L26,RSH1-L26,RSH1-L26,SH = TH,SH key = TH key
770,770,829,袋,袋,n.,bag,bag,dài,dài,a pouch/bag/sack/pocket,dai4,0.01%,1310,5,1317,1330,RTH1-L26,RTH1-L26,RSH1-L26,RSH1-L26,SH = TH,SH key = TH key
776,776,837,丈,丈,,100 Chinese Inches,100 Chinese inches,zhàng,zhàng,ten feet,zhang4,0.01%,1242,5,1318,1331,RTH1-L26,RTH1-L26,RSH1-L26,RSH1-L26,SH = TH,SH key = TH key
1990,1990,2054,伍,伍,,V,V,wǔ,wǔ,associate with/five/company,wu3,0.01%,1472,5,1319,1332,RTH2-L26,RTH1-L26,RSH2-L26,RSH1-L26,SH = TH,SH key = TH key
1995,1995,2060,估,估,v.,estimate,estimate,gū,gū|gù,"estimate, old/second-hand (clothes)",gu1/gu4,0.01%,1326,5,1320,1333,RTH2-L26,RTH1-L26,RSH2-L26,RSH1-L26,SH = TH,SH key = TH key
1996,1996,2061,偵,侦,,detect,detect,zhēn,zhēn,to scout/to spy,zhen1,0.01%,1479,5,1321,1334,RTH2-L26,RTH1-L26,RSH2-L26,RSH1-L26,SH <> TH,SH key = TH key
1998,1998,2065,側,侧,adj.,lateral,lateral,cè,cè|zhāi,"the side/to incline towards/to lean/inclined/lateral/side, lean on one side",ce4/zhai1,0.01%,1220,5,1322,1335,RTH2-L26,RTH1-L26,RSH2-L26,RSH1-L26,SH <> TH,SH key = TH key
2009,2009,2075,伏,伏,,bend over,bend over,fú,fú,conceal (ambush)/prostrate/submit,fu2,0.01%,1389,5,1323,1336,RTH2-L26,RTH1-L26,RSH2-L26,RSH1-L26,SH = TH,SH key = TH key
2011,2011,2077,偷,偷,,steal,steal,tōu,tōu,to steal/to pilfer,tou1,0.01%,1284,5,1324,1337,RTH2-L26,RTH1-L26,RSH2-L26,RSH1-L26,SH = TH,SH key = TH key
2017,2017,2082,傾,倾,v.,incline,incline,qīng,qīng,to overturn/to collapse/to lean/to tend/to incline/to pour out,qing1,0.01%,1260,5,1325,1339,RTH2-L26,RTH1-L26,RSH2-L26,RSH1-L26,SH <> TH,SH key = TH key
2019,2019,2085,倍,倍,,times,times,bèi,bèi,"(two, three, etc) -fold/times (multiplier)/double/to increase or multiply",bei4,0.01%,1392,5,1326,1340,RTH2-L26,RTH1-L26,RSH2-L26,RSH1-L26,SH = TH,SH key = TH key
2020,2020,2086,仿,仿,v.,mimic,mimic,fǎng,fǎng,"to imitate/to copy, imitate, seemingly",fang3,0.01%,1259,5,1327,1341,RTH2-L26,RTH1-L26,RSH2-L26,RSH1-L26,SH = TH,SH key = TH key
2025,2025,2550,儀,仪,,rite,rite,yí,yí,apparatus/rites/appearance/present/ceremony,yi2,0.01%,1283,5,1328,1420,RTH2-L26,RTH1-L26,RSH2-L38,RSH1-L38,SH <> TH,SH key = TH key
2027,2027,2092,仙,仙,n.,immortal,immortal,xiān,xiān,immortal,xian1,0.01%,1255,5,1329,1342,RTH2-L26,RTH1-L26,RSH2-L26,RSH1-L26,SH = TH,SH key = TH key
2028,2028,2095,俗,俗,,custom,custom,sú,sú,vulgar,su2,0.01%,1354,5,1330,1343,RTH2-L26,RTH1-L26,RSH2-L26,RSH1-L26,SH = TH,SH key = TH key
2029,2029,2078,償,偿,,repay,repay,cháng,cháng,to compensate/pay back/to recompense,chang2,0.01%,1329,5,1331,1338,RTH2-L26,RTH1-L26,RSH2-L26,RSH1-L26,SH <> TH,SH key = TH key
2038,2038,2099,符,符,,symbol,symbol,fú,fú,mark/sign/talisman/to seal/to correspond (to)/tally/symbol/written charm/to coincide,fu2,0.01%,1205,5,1332,1346,RTH2-L26,RTH1-L26,RSH2-L26,RSH1-L26,SH = TH,SH key = TH key
2040,2040,2101,荷,荷,,Holland,Holland,hé,hé|hè,"lotus, peppermint/to carry burden",he2/he4,0.01%,1427,5,1333,1347,RTH2-L26,RTH1-L26,RSH2-L26,RSH1-L26,SH = TH,SH key = TH key
2044,2044,2096,俠,侠,,chivalrous person,chivalrous person,xiá,xiá,heroic,xia2,0.01%,1216,5,1334,1344,RTH2-L26,RTH1-L26,RSH2-L26,RSH1-L26,SH <> TH,SH key = TH key
2050,2050,2098,聚,聚,,assemble,assemble,jù,jù,form gathering/gather,ju4,0.01%,1306,5,1335,1345,RTH2-L26,RTH1-L26,RSH2-L26,RSH1-L26,SH = TH,SH key = TH key
2055,2055,2862,簽,签,v.,sign,sign,qiān,qiān,"sign one's name, a note/a stick/sign one's name",qian1,0.01%,1254,5,1336,1480,RTH2-L26,RTH1-L26,RSH2-L52,RSH1-L52,SH <> TH,SH key = TH key
808,808,873,液,液,,liquid,liquid,yè,yè,liquid/fluid,ye4,0.01%,1451,5,1337,1348,RTH1-L27,RTH1-L27,RSH1-L27,RSH1-L27,SH = TH,SH key = TH key
2064,2064,2115,挺,挺,adj.,erect,erect,tǐng,tǐng,be straight and stiff/rather (good),ting3,0.01%,1467,5,1338,1350,RTH2-L27,RTH1-L27,RSH2-L27,RSH1-L27,SH = TH,SH key = TH key
823,823,885,泥,泥,,mud,mud,ní,ní|nì,"mud/paste/pulp, restrained",ni2/ni4,0.01%,1499,5,1339,1351,RTH1-L28,RTH1-L28,RSH1-L28,RSH1-L28,SH = TH,SH key = TH key
2074,2074,2128,旋,旋,v.,whirl,whirl,xuàn,xuán|xuàn,"revolve, lathe/specially for an occasion",xuan2/xuan4,0.01%,1383,5,1340,1353,RTH2-L28,RTH1-L28,RSH2-L28,RSH1-L28,SH = TH,SH key = TH key
2083,2083,2139,遲,迟,,tardy,tardy,chí,chí|zhì,late/delayed/slow,chi2,0.01%,1374,5,1341,1354,RTH2-L28,RTH1-L28,RSH2-L28,RSH1-L28,SH <> TH,SH key = TH key
2091,2091,894,尺,尺,,ruler,ruler,chǐ,chǐ|chě,a Chinese foot (M)/one-third of a meter/a ruler/a note musical note on traditional Chinese scale,chi3,0.01%,1474,5,1342,1352,RTH2-L28,RTH1-L28,RSH1-L28,RSH1-L28,SH = TH,SH key = TH key
2092,2092,2149,眉,眉,,eyebrows,eyebrows,méi,méi,eyebrow/upper margin,mei2,0.01%,1460,5,1343,1355,RTH2-L28,RTH1-L28,RSH2-L28,RSH1-L28,SH = TH,SH key = TH key
2094,2094,2153,肩,肩,n.,shoulder,shoulder,jiān,jiān,shoulder,jian1,0.01%,1415,5,1344,1357,RTH2-L28,RTH1-L28,RSH2-L28,RSH1-L28,SH = TH,SH key = TH key
2096,2096,1530,淚,泪,,tears,tears,lèi,lèi,tears,lei4,0.01%,1271,5,1345,1221,RTH2-L28,RTH1-L28,RSH2-L08,RSH1-L08,SH <> TH,SH key = TH key
2097,2097,2152,啓,启,,enlighten,enlighten,qǐ,qǐ,to open/to start,qi3,0.01%,1320,5,1346,1356,RTH2-L28,RTH1-L28,RSH2-L28,RSH1-L28,SH <> TH,SH key = TH key
841,841,909,崇,崇,v.,worship,worship,chóng,chóng,high/dignified/lofty/to honor,chong2,0.01%,1482,5,1347,1358,RTH1-L29,RTH1-L29,RSH1-L29,RSH1-L29,SH = TH,SH key = TH key
854,854,922,課,课,,lesson,lesson,kè,kè,subject/class/lesson,ke4,0.01%,1208,5,1348,1359,RTH1-L29,RTH1-L29,RSH1-L29,RSH1-L29,SH <> TH,SH key = TH key
855,855,923,顆,颗,,granule,granule,kē,kē,(measure word for small spheres),ke1,0.01%,1448,5,1349,1360,RTH1-L29,RTH1-L29,RSH1-L29,RSH1-L29,SH <> TH,SH key = TH key
2109,2109,2168,宙,宙,,universe,universe,zhòu,zhòu,universe,zhou4,0.01%,1421,5,1350,1361,RTH2-L29,RTH1-L29,RSH2-L29,RSH1-L29,SH = TH,SH key = TH key
860,860,929,暫,暂,,temporary,temporary,zàn,zàn,temporarily,zan4,0.01%,1325,5,1351,1362,RTH1-L30,RTH1-L30,RSH1-L30,RSH1-L30,SH <> TH,SH key = TH key
867,867,939,昨,昨,,yesterday,yesterday,zuó,zuó,yesterday,zuo2,0.01%,1475,5,1352,1363,RTH1-L30,RTH1-L30,RSH1-L30,RSH1-L30,SH = TH,SH key = TH key
873,873,944,掃,扫,,sweep,sweep,sǎo,sǎo|sào,"to sweep, broom",sao3/sao4,0.01%,1435,5,1353,1364,RTH1-L30,RTH1-L30,RSH1-L30,RSH1-L30,SH <> TH,SH key = TH key
877,877,952,淨,净,adj.,clean,clean,jìng,jìng,"clean, clean/completely/only",jing4,0.01%,1377,5,1354,1365,RTH1-L30,RTH1-L30,RSH1-L30,RSH1-L30,SH <> TH,SH key = TH key
890,890,965,瑞,瑞,,auspicious,auspicious,ruì,ruì,lucky/auspicious/propitious/rayl (acoustical unit),rui4,0.01%,1332,5,1355,1366,RTH1-L30,RTH1-L30,RSH1-L30,RSH1-L30,SH = TH,SH key = TH key
2161,2161,2232,耐,耐,,-proof,-proof,nài,nài,to be unbearable/unable to endure,nai4,0.01%,1409,5,1356,1369,RTH2-L30,RTH1-L30,RSH2-L30,RSH1-L30,SH = TH,SH key = TH key
901,901,977,撒,撒,,scatter,scatter,sǎ,sā|sǎ,"let go, to scatter",sa1/sa3,0.01%,1445,5,1357,1370,RTH1-L31,RTH1-L31,RSH1-L31,RSH1-L31,SH = TH,SH key = TH key
906,906,981,渡,渡,n./v.,ferry,ferry,dù,dù,to cross/to pass through/to ferry,du4,0.01%,1406,5,1358,1371,RTH1-L31,RTH1-L31,RSH1-L31,RSH1-L31,SH = TH,SH key = TH key
908,908,983,伴,伴,,partner,partner,bàn,bàn,a partner/companion or associate/to accompany/comrade,ban4,0.01%,1298,5,1359,1372,RTH1-L31,RTH1-L31,RSH1-L31,RSH1-L31,SH = TH,SH key = TH key
917,917,336,壯,壮,,robust,robust,zhuàng,zhuàng|Zhuàng,to strengthen/strong/robust,zhuang4,0.01%,1432,5,1360,1238,RTH1-L31,RTH1-L31,RSH1-L14,RSH1-L14,SH <> TH,SH key = TH key
922,922,991,乏,乏,,weary,weary,fá,fá,short of/tired,fa2,0.01%,1399,5,1361,1373,RTH1-L31,RTH1-L31,RSH1-L31,RSH1-L31,SH = TH,SH key = TH key
926,926,997,杯,杯,,cup,cup,bēi,bēi,cup/a measure word,bei1,0.01%,1396,5,1362,1374,RTH1-L31,RTH1-L31,RSH1-L31,RSH1-L31,SH = TH,SH key = TH key
2179,2179,2249,券,券,,voucher,voucher,quàn,quàn|xuàn,deed/bond/contract/ticket,quan4,0.01%,1481,5,1363,1376,RTH2-L31,RTH1-L31,RSH2-L31,RSH1-L31,SH = TH,SH key = TH key
2182,2182,1781,牆,墙,,wall,wall,qiáng,qiáng,wall,qiang2,0.01%,1212,5,1364,1272,RTH2-L31,RTH1-L31,RSH2-L21,RSH1-L21,SH <> TH,SH key = TH key
2190,2190,2466,獎,奖,n.,award,award,jiǎng,jiǎng,prize/award/encouragement,jiang3,0.01%,1233,5,1365,1407,RTH2-L31,RTH1-L31,RSH2-L37,RSH1-L37,SH <> TH,SH key = TH key
2201,2201,2254,泛,泛,,nonspecific,nonspecific,fàn,fàn,"broad/vast/float/pan-, float/general/vague",fan4,0.01%,1327,5,1366,1377,RTH2-L31,RTH1-L31,RSH2-L31,RSH1-L31,SH = TH,SH key = TH key
931,931,1004,矛,矛,n.,spear,spear,máo,máo,spear/lance/pike,mao2,0.01%,1441,5,1367,1378,RTH1-L32,RTH1-L32,RSH1-L32,RSH1-L32,SH = TH,SH key = TH key
950,950,1026,巧,巧,,adroit,adroit,qiǎo,qiǎo,opportunely/coincidentally/as it happens/skillful/timely,qiao3,0.01%,1219,5,1368,1379,RTH1-L32,RTH1-L32,RSH1-L32,RSH1-L32,SH = TH,SH key = TH key
2211,2211,2264,舒,舒,,relax,relax,shū,shū,(surname)/relax,shu1,0.01%,1459,5,1369,1380,RTH2-L32,RTH1-L32,RSH2-L32,RSH1-L32,SH = TH,SH key = TH key
979,979,1056,滑,滑,,slippery,slippery,huá,huá,"comical, comical/cunning/slippery/smooth",gu3/hua2,0.01%,1480,5,1370,1382,RTH1-L33,RTH1-L33,RSH1-L33,RSH1-L33,SH = TH,SH key = TH key
2242,2242,2302,署,署,,add your John Hancock,add your John Hancock,shǔ,shǔ,office/bureau,shu3,0.01%,1379,5,1371,1383,RTH2-L33,RTH1-L33,RSH2-L33,RSH1-L33,SH = TH,SH key = TH key
2280,2280,2342,障,障,,barrier,barrier,zhàng,zhàng,to block/to hinder/to obstruct,zhang4,0.01%,1237,5,1372,1384,RTH2-L34,RTH1-L34,RSH2-L34,RSH1-L34,SH = TH,SH key = TH key
2292,2292,2357,窮,穷,,poor,poor,qióng,qióng,exhausted/poor,qiong2,0.01%,1343,5,1373,1387,RTH2-L34,RTH1-L34,RSH2-L34,RSH1-L34,SH <> TH,SH key = TH key
1025,1025,1494,戀,恋,,be enamored of,be enamored of,liàn,liàn,feel attached to/long for/love,lian4,0.01%,1464,5,1374,1492,RTH1-L35,RTH1-L35,RSH1-L55,RSH1-L55,SH <> TH,SH key = TH key
1037,1037,1439,雞,鸡,,chicken,chicken,jī,jī,fowl/chicken,ji1,0.01%,1391,5,1375,1479,RTH1-L35,RTH1-L35,RSH1-L52,RSH1-L52,SH <> TH,SH key = TH key
2295,2295,2418,累,累,,tired,tired,lèi,lèi|lěi|léi,"cumbersome, accumulate, implicate/tired",lei2/lei3/lei4,0.01%,1323,5,1376,1397,RTH2-L35,RTH1-L35,RSH2-L35,RSH1-L35,SH = TH,SH key = TH key
2299,2299,2374,紹,绍,,acquaint,acquaint,shào,shào,connect/to introduce,shao4,0.01%,1234,5,1377,1389,RTH2-L35,RTH1-L35,RSH2-L35,RSH1-L35,SH <> TH,SH key = TH key
2301,2301,2379,繞,绕,,go around,go around,rào,rào,go around/to wind (around),rao4,0.01%,1485,5,1378,1390,RTH2-L35,RTH1-L35,RSH2-L35,RSH1-L35,SH <> TH,SH key = TH key
2310,2310,2421,繁,繁,,numerous,numerous,fán,fán,complicated/many/in great numbers,fan2,0.01%,1296,5,1379,1398,RTH2-L35,RTH1-L35,RSH2-L35,RSH1-L35,SH = TH,SH key = TH key
2318,2318,2389,縮,缩,v.,shrink,shrink,suō,suō,to withdraw/to pull back/to contract/to shrink/to reduce,suo1,0.01%,1304,5,1380,1391,RTH2-L35,RTH1-L35,RSH2-L35,RSH1-L35,SH <> TH,SH key = TH key
2319,2319,2391,綜,综,,sum up,sum up,zōng,zōng,to sum up,zong1,0.01%,1425,5,1381,1392,RTH2-L35,RTH1-L35,RSH2-L35,RSH1-L35,SH <> TH,SH key = TH key
2321,2321,2204,緣,缘,n.,reason,reason,yuán,yuán,along/predestined affinity/reason/edge,yuan2,0.01%,1274,5,1382,1368,RTH2-L35,RTH1-L35,RSH2-L30,RSH1-L30,SH <> TH,SH key = TH key
2322,2322,2393,緒,绪,,inception,inception,xù,xù,beginnings/clues/mental state/thread,xu4,0.01%,1413,5,1383,1393,RTH2-L35,RTH1-L35,RSH2-L35,RSH1-L35,SH <> TH,SH key = TH key
2340,2340,2407,勁,劲,,powerful,powerful,jìng,jìn|jìng,"strength, stalwart/sturdy",jin4/jing4,0.01%,1358,5,1384,1395,RTH2-L35,RTH1-L35,RSH2-L35,RSH1-L35,SH <> TH,SH key = TH key
2341,2341,2406,徑,径,n.,trail,trail,jìng,jìng,path,jing4,0.01%,1307,5,1385,1394,RTH2-L35,RTH1-L35,RSH2-L35,RSH1-L35,SH <> TH,SH key = TH key
2353,2353,2417,慈,慈,,kindhearted,kindhearted,cí,cí,compassionate/gentle/merciful/kind/humane,ci2,0.01%,1487,5,1386,1396,RTH2-L35,RTH1-L35,RSH2-L35,RSH1-L35,SH = TH,SH key = TH key
1052,1052,1117,零,零,,zero,zero,líng,líng|līng,remnant/zero,ling2,0.01%,1342,5,1387,1399,RTH1-L36,RTH1-L36,RSH1-L36,RSH1-L36,SH = TH,SH key = TH key
1055,1055,1120,勇,勇,,courageous,courageous,yǒng,yǒng,brave,yong3,0.01%,1206,5,1388,1400,RTH1-L36,RTH1-L36,RSH1-L36,RSH1-L36,SH = TH,SH key = TH key
2359,2359,2427,禦,御,,withstand,withstand,yù,yù,"defend/imperial/to drive, defend/resist",yu4,0.01%,1381,5,1389,1401,RTH2-L36,RTH1-L36,RSH2-L36,RSH1-L36,SH <> TH,SH key = TH key
2363,2363,2431,浮,浮,v.,float,float,fú,fú,to float,fu2,0.01%,1462,5,1390,1402,RTH2-L36,RTH1-L36,RSH2-L36,RSH1-L36,SH = TH,SH key = TH key
2369,2369,1544,礙,碍,,obstruct,obstruct,ài,ài,to hinder/to obstruct/to block,ai4,0.01%,1437,5,1391,1222,RTH2-L36,RTH1-L36,RSH2-L08,RSH1-L08,SH <> TH,SH key = TH key
2381,2381,2449,圈,圈,n.,circle,circle,quān,quān|juàn|juān,"to confine/enclose, pen (pig)/a fold, circle/ring/loop",juan1/juan4/quan1,0.01%,1366,5,1392,1403,RTH2-L36,RTH1-L36,RSH2-L36,RSH1-L36,SH = TH,SH key = TH key
1090,1090,1150,腿,腿,,leg,leg,tuǐ,tuǐ,leg,tui3,0.01%,1351,5,1393,1405,RTH1-L37,RTH1-L37,RSH1-L37,RSH1-L37,SH = TH,SH key = TH key
1098,1098,1158,餐,餐,,dine,dine,cān,cān,eat/meal,can1,0.01%,1465,5,1394,1406,RTH1-L37,RTH1-L37,RSH1-L37,RSH1-L37,SH = TH,SH key = TH key
2401,2401,2471,碎,碎,,shattered,shattered,suì,suì,to break down/to break into pieces/fragmentary,sui4,0.01%,1420,5,1395,1408,RTH2-L37,RTH1-L37,RSH2-L37,RSH1-L37,SH = TH,SH key = TH key
2402,2402,2474,酸,酸,,sour,sour,suān,suān,sour/sore/ache/acid,suan1,0.01%,1456,5,1396,1409,RTH2-L37,RTH1-L37,RSH2-L37,RSH1-L37,SH = TH,SH key = TH key
2408,2408,1590,猶,犹,,just like,just like,yóu,yóu,Jew/as if/still/to scheme,you2,0.01%,1230,5,1397,1232,RTH2-L37,RTH1-L37,RSH2-L11,RSH1-L11,SH <> TH,SH key = TH key
2413,2413,1935,凱,凯,,triumphant,triumphant,kǎi,kǎi,triumphant/victorious,kai3,0.01%,1447,5,1398,1305,RTH2-L37,RTH1-L37,RSH2-L23,RSH1-L23,SH <> TH,SH key = TH key
2441,2441,2512,恨,恨,v.,hate,hate,hèn,hèn,to hate,hen4,0.01%,1295,5,1399,1410,RTH2-L37,RTH1-L37,RSH2-L37,RSH1-L37,SH = TH,SH key = TH key
2449,2449,2513,朗,朗,,lucent,lucent,lǎng,lǎng,clear/bright,lang3,0.01%,1276,5,1400,1411,RTH2-L37,RTH1-L37,RSH2-L37,RSH1-L37,SH = TH,SH key = TH key
1114,1114,1176,兇,凶,,cruel,cruel,xiōng,xiōng,"fierce, fierce/terrible/ominous",xiong1,0.01%,1378,5,1401,1413,RTH1-L38,RTH1-L38,RSH1-L38,RSH1-L38,SH <> TH,SH key = TH key
1115,1115,1177,胸,胸,,bosom,bosom,xiōng,xiōng,chest/bosom/heart/mind/thorax,xiong1,0.01%,1356,5,1402,1414,RTH1-L38,RTH1-L38,RSH1-L38,RSH1-L38,SH = TH,SH key = TH key
1118,1118,1185,辛,辛,,peppery,peppery,xīn,xīn,8th heavenly stem/tired,xin1,0.01%,1463,5,1403,1415,RTH1-L38,RTH1-L38,RSH1-L38,RSH1-L38,SH = TH,SH key = TH key
1120,1120,1186,辯,辩,v.,dispute,dispute,biàn,biàn,dispute/debate/argue/discuss,bian4,0.01%,1355,5,1404,1416,RTH1-L38,RTH1-L38,RSH1-L38,RSH1-L38,SH <> TH,SH key = TH key
1121,1121,1188,壁,壁,n.,partition,partition,bì,bì,wall/rampart,bi4,0.01%,1380,5,1405,1417,RTH1-L38,RTH1-L38,RSH1-L38,RSH1-L38,SH = TH,SH key = TH key
1147,1147,1205,寒,寒,,frigid,frigid,hán,hán,cold/poor/to tremble,han2,0.01%,1297,5,1406,1418,RTH1-L38,RTH1-L38,RSH1-L38,RSH1-L38,SH = TH,SH key = TH key
2468,2468,2533,艾,艾,,Chinese mugwort,Chinese mugwort,ài,ài|yì,(surname)/Artemisia vulgaris/Chinese mugwort,ai4,0.01%,1291,5,1407,1419,RTH2-L38,RTH1-L38,RSH2-L38,RSH1-L38,SH = TH,SH key = TH key
1172,1172,1233,泰,泰,,tranquil,tranquil,tài,tài,safe/peaceful/most/Thai(land)/grand,tai4,0.01%,1318,5,1408,1422,RTH1-L39,RTH1-L39,RSH1-L39,RSH1-L39,SH = TH,SH key = TH key
1173,1173,1234,奉,奉,v.,proffer,proffer,fèng,fèng,to receive (from superior)/to offer/to revere,feng4,0.01%,1382,5,1409,1423,RTH1-L39,RTH1-L39,RSH1-L39,RSH1-L39,SH = TH,SH key = TH key
2505,2505,1596,憲,宪,,constitution,constitution,xiàn,xiàn,statute/constitution,xian4,0.01%,1484,5,1410,1233,RTH2-L39,RTH1-L39,RSH2-L11,RSH1-L11,SH <> TH,SH key = TH key
2509,2509,2569,債,债,,debt,debt,zhài,zhài,debt,zhai4,0.01%,1223,5,1411,1424,RTH2-L39,RTH1-L39,RSH2-L39,RSH1-L39,SH <> TH,SH key = TH key
2512,2512,2571,隆,隆,,impressive,impressive,lóng,lōng|lóng,"sound of drums, grand/intense/prosperous/start (a fire)",long1/long2,0.01%,1400,5,1412,1425,RTH2-L39,RTH1-L39,RSH2-L39,RSH1-L39,SH = TH,SH key = TH key
2519,2519,2582,拜,拜,,adore,adore,bài,bài|bái,to pay respect/worship/visit/salute,bai4,0.01%,1218,5,1413,1426,RTH2-L39,RTH1-L39,RSH2-L39,RSH1-L39,SH = TH,SH key = TH key
2522,2522,2589,峰,峰,n.,peak,peak,fēng,fēng,peak/summit,feng1,0.01%,1473,5,1414,1427,RTH2-L39,RTH1-L39,RSH2-L39,RSH1-L39,SH = TH,SH key = TH key
2529,2529,2598,秦,秦,,Qin,Qin,qín,Qín,(surname)/name of a dynasty,qin2,0.01%,1394,5,1415,1429,RTH2-L39,RTH1-L39,RSH2-L39,RSH1-L39,SH = TH,SH key = TH key
2532,2532,1882,嘆,叹,v.,sigh,sigh,tàn,tàn,to sigh,tan4,0.01%,1299,5,1416,1296,RTH2-L39,RTH1-L39,RSH2-L22,RSH1-L22,SH <> TH,SH key = TH key
1193,1193,1257,腰,腰,,waist,waist,yāo,yāo,waist,yao1,0.01%,1458,5,1417,1430,RTH1-L40,RTH1-L40,RSH1-L40,RSH1-L40,SH = TH,SH key = TH key
2547,2547,2626,閉,闭,v.,close,close,bì,bì,to close/stop up/shut/obstruct,bi4,0.01%,1267,5,1418,1434,RTH2-L41,RTH1-L41,RSH2-L41,RSH1-L41,SH <> TH,SH key = TH key
2548,2548,2620,潤,润,,moisten,moisten,rùn,rùn,smooth/moist,run4,0.01%,1369,5,1419,1431,RTH2-L41,RTH1-L41,RSH2-L41,RSH1-L41,SH <> TH,SH key = TH key
2552,2552,2624,閱,阅,,peruse,peruse,yuè,yuè,peruse/review/to read,yue4,0.01%,1489,5,1420,1433,RTH2-L41,RTH1-L41,RSH2-L41,RSH1-L41,SH <> TH,SH key = TH key
2559,2559,2456,搶,抢,,rob,rob,qiǎng,qiǎng|qiāng,"against wind, fight over/to rush/to scramble/to grab/to rob/to snatch",qiang1/qiang3,0.01%,1412,5,1421,1404,RTH2-L41,RTH1-L41,RSH2-L36,RSH1-L36,SH <> TH,SH key = TH key
2560,2560,2632,菲,菲,adj.,humble,humble,fēi,fēi|fěi,rich/luxurious/phenanthrene (chemical)/Philippines,fei1,0.01%,1418,5,1422,1435,RTH2-L41,RTH1-L41,RSH2-L41,RSH1-L41,SH = TH,SH key = TH key
2561,2561,2633,輩,辈,,lifetime,lifetime,bèi,bèi,contemporaries/generation/lifetime,bei4,0.01%,1477,5,1423,1436,RTH2-L41,RTH1-L41,RSH2-L41,RSH1-L41,SH <> TH,SH key = TH key
2569,2569,2593,韓,韩,,Korea,Korea,hán,Hán,South Korea/Korean/Japan-annexed Korea,han2,0.01%,1221,5,1424,1428,RTH2-L41,RTH1-L41,RSH2-L39,RSH1-L39,SH <> TH,SH key = TH key
1243,1243,1293,懂,懂,,understand,understand,dǒng,dǒng,to understand/to know,dong3,0.01%,1211,5,1425,1437,RTH1-L42,RTH1-L42,RSH1-L42,RSH1-L42,SH = TH,SH key = TH key
2576,2576,2639,刊,刊,,publication,publication,kān,kān,to print/publish,kan1,0.01%,1241,5,1426,1438,RTH2-L42,RTH1-L42,RSH2-L42,RSH1-L42,SH = TH,SH key = TH key
2577,2577,2641,汗,汗,n.,sweat,sweat,hàn,hàn|hán,perspiration/sweat,han4,0.01%,1490,5,1427,1439,RTH2-L42,RTH1-L42,RSH2-L42,RSH1-L42,SH = TH,SH key = TH key
2580,2580,2650,徐,徐,,slowly,slowly,xú,xú,slow/gentle/Xu (a surname),xu2,0.01%,1313,5,1428,1440,RTH2-L42,RTH1-L42,RSH2-L42,RSH1-L42,SH = TH,SH key = TH key
2586,2586,2654,賴,赖,,rely on,rely on,lài,lài,disclaim/rely/to blame,lai4,0.01%,1365,5,1429,1441,RTH2-L42,RTH1-L42,RSH2-L42,RSH1-L42,SH <> TH,SH key = TH key
1255,1255,1301,仰,仰,,look up to,look up to,yǎng,yǎng,look up,yang3,0.01%,1368,5,1430,1442,RTH1-L43,RTH1-L43,RSH1-L43,RSH1-L43,SH = TH,SH key = TH key
1261,1261,1305,廢,废,v.,discard,discard,fèi,fèi,abolish/crippled,fei4,0.01%,1376,5,1431,1443,RTH1-L43,RTH1-L43,RSH1-L43,RSH1-L43,SH <> TH,SH key = TH key
2595,2595,2660,症,症,,disease,disease,zhèng,zhèng|zhēng,"obstruction of bowels, disease/illness",zheng1/zheng4,0.01%,1258,5,1432,1444,RTH2-L43,RTH1-L43,RSH2-L43,RSH1-L43,SH = TH,SH key = TH key
2601,2601,2670,疾,疾,,rapid,rapid,jí,jí,sickness/disease/hate/envy,ji2,0.01%,1273,5,1433,1445,RTH2-L43,RTH1-L43,RSH2-L43,RSH1-L43,SH = TH,SH key = TH key
2613,2613,2684,拒,拒,v.,refuse,refuse,jù,jù,to resist/to repel/to refuse,ju4,0.01%,1331,5,1434,1446,RTH2-L43,RTH1-L43,RSH2-L43,RSH1-L43,SH = TH,SH key = TH key
2615,2615,2686,距,距,,distance,distance,jù,jù,at a distance of/distance/to be apart,ju4,0.01%,1202,5,1435,1447,RTH2-L43,RTH1-L43,RSH2-L43,RSH1-L43,SH = TH,SH key = TH key
1266,1266,1313,珍,珍,,rare,rare,zhēn,zhēn,precious thing/treasure,zhen1,0.01%,1314,5,1436,1448,RTH1-L44,RTH1-L44,RSH1-L44,RSH1-L44,SH = TH,SH key = TH key
2645,2645,2706,診,诊,,diagnose,diagnose,zhěn,zhěn,examine or treat medically,zhen3,0.01%,1401,5,1437,1449,RTH2-L44,RTH1-L44,RSH2-L44,RSH1-L44,SH <> TH,SH key = TH key
2657,2657,2722,映,映,,reflect,reflect,yìng,yìng,reflect/shine,ying4,0.01%,1316,5,1438,1450,RTH2-L44,RTH1-L44,RSH2-L44,RSH1-L44,SH = TH,SH key = TH key
2660,2660,2727,爬,爬,v.,crawl,crawl,pá,pá|pā,crawl/climb,pa2,0.01%,1426,5,1439,1451,RTH2-L44,RTH1-L44,RSH2-L44,RSH1-L44,SH = TH,SH key = TH key
1285,1285,1335,甘,甘,,sweet,sweet,gān,gān,(surname)/sweet,gan1,0.01%,1408,5,1440,1452,RTH1-L45,RTH1-L45,RSH1-L45,RSH1-L45,SH = TH,SH key = TH key
2670,2670,2737,旗,旗,n.,flag,flag,qí,qí,banner/flag,qi2,0.01%,1407,5,1441,1453,RTH2-L45,RTH1-L45,RSH2-L45,RSH1-L45,SH = TH,SH key = TH key
2680,2680,2746,宜,宜,adj.,fitting,fitting,yí,yí,proper/should/suitable/appropriate,yi2,0.01%,1290,5,1442,1454,RTH2-L45,RTH1-L45,RSH2-L46,RSH1-L46,SH = TH,SH key = TH key
2682,2682,2748,租,租,n./v.,rent,rent,zū,zū,rent/taxes,zu1,0.01%,1397,5,1443,1455,RTH2-L45,RTH1-L45,RSH2-L46,RSH1-L46,SH = TH,SH key = TH key
2683,2683,2749,粗,粗,,coarse,coarse,cū,cū,coarse/rough/thick/unfinished/vulgar/rude/crude,cu1,0.01%,1414,5,1444,1456,RTH2-L45,RTH1-L45,RSH2-L46,RSH1-L46,SH = TH,SH key = TH key
2694,2694,2763,洪,洪,,deluge,deluge,hóng,hóng,flood,hong2,0.01%,1350,5,1445,1458,RTH2-L46,RTH1-L46,RSH2-L46,RSH1-L46,SH = TH,SH key = TH key
2700,2700,2774,爆,爆,,explode,explode,bào,bào,to crack/to explode or burst,bao4,0.01%,1243,5,1446,1461,RTH2-L46,RTH1-L46,RSH2-L46,RSH1-L46,SH = TH,SH key = TH key
2702,2702,2765,戴,戴,,have on,have on,dài,dài,"to put on/to respect/to bear/to support/wear (glasses, hat, gloves)",dai4,0.01%,1228,5,1447,1459,RTH2-L46,RTH1-L46,RSH2-L46,RSH1-L46,SH = TH,SH key = TH key
2703,2703,2766,翼,翼,,wings,wings,yì,yì,wing,yi4,0.01%,1294,5,1448,1460,RTH2-L46,RTH1-L46,RSH2-L46,RSH1-L46,SH = TH,SH key = TH key
1312,1312,1360,井,井,n.,well,well,jǐng,jǐng,warn/well,jing3,0.01%,1431,5,1449,1462,RTH1-L47,RTH1-L47,RSH1-L47,RSH1-L47,SH = TH,SH key = TH key
2719,2719,2787,偏,偏,,partial,partial,piān,piān,one-sided/to lean/to slant/prejudiced/inclined to one side,pian1,0.01%,1204,5,1450,1464,RTH2-L47,RTH1-L47,RSH2-L47,RSH1-L47,SH = TH,SH key = TH key
1328,1328,1371,氏,氏,,family name,family name,shì,shì|zhī,clan name/maiden name,shi4,0.01%,1500,5,1451,1465,RTH1-L48,RTH1-L48,RSH1-L48,RSH1-L48,SH = TH,SH key = TH key
1342,1342,1385,郎,郎,,young man,young man,láng,láng|làng,(surname)/a youth,lang2,0.01%,1457,5,1452,1466,RTH1-L48,RTH1-L48,RSH1-L48,RSH1-L48,SH = TH,SH key = TH key
2727,2727,2795,捕,捕,,capture,capture,bǔ,bǔ,to catch/to seize/to capture/to catch,bu3,0.01%,1312,5,1453,1468,RTH2-L48,RTH1-L48,RSH2-L48,RSH1-L48,SH = TH,SH key = TH key
2731,2731,2793,薄,薄,adj.,slight,slight,bó,báo|bó|bò,"mean/slight/thin, thin/slight/meagre/small/ungenerous/unkind/mean/frivolous/despise/belittle/to approach/to go near/peppermint",bo2/bo4/bao2,0.01%,1433,5,1454,1467,RTH2-L48,RTH1-L48,RSH2-L48,RSH1-L48,SH = TH,SH key = TH key
2741,2741,2808,邦,邦,,nation,nation,bāng,bāng,a state/country or nation,bang1,0.01%,1363,5,1455,1469,RTH2-L48,RTH1-L48,RSH2-L48,RSH1-L48,SH = TH,SH key = TH key
1347,1347,1390,幻,幻,,unreal,unreal,huàn,huàn,fantasy,huan4,0.01%,1417,5,1456,1470,RTH1-L49,RTH1-L49,RSH1-L49,RSH1-L49,SH = TH,SH key = TH key
1356,1356,1400,孤,孤,,orphan,orphan,gū,gū,lone/lonely,gu1,0.01%,1334,5,1457,1471,RTH1-L49,RTH1-L49,RSH1-L49,RSH1-L49,SH = TH,SH key = TH key
2761,2761,2825,艇,艇,,light boat,light boat,tǐng,tǐng,small boat,ting3,0.01%,1372,5,1458,1472,RTH2-L49,RTH1-L49,RSH2-L49,RSH1-L49,SH = TH,SH key = TH key
1378,1378,1418,番,番,n.,try,try,fān,fān|Pān,"(measure word for acts)/deeds/foreign, (surname)/place name",fan1/pan1,0.01%,1452,5,1459,1473,RTH1-L51,RTH1-L51,RSH1-L51,RSH1-L51,SH = TH,SH key = TH key
1380,1380,1420,播,播,v.,broadcast,broadcast,bō,bō,sow/scatter/spread/broadcast,bo1,0.01%,1275,5,1460,1474,RTH1-L51,RTH1-L51,RSH1-L51,RSH1-L51,SH = TH,SH key = TH key
1382,1382,1422,尾,尾,,tail,tail,wěi,wěi|yǐ,tail,wei3,0.01%,1282,5,1461,1475,RTH1-L51,RTH1-L51,RSH1-L51,RSH1-L51,SH = TH,SH key = TH key
1393,1393,1427,喪,丧,,funeral,funeral,sàng,sāng|sàng,"mourning/funeral, lose (by death)",sang1/sang4,0.01%,1404,5,1462,1476,RTH1-L51,RTH1-L51,RSH1-L51,RSH1-L51,SH <> TH,SH key = TH key
2790,2790,2846,悉,悉,,be informed,be informed,xī,xī,in all cases/know,xi1,0.01%,1428,5,1463,1477,RTH2-L51,RTH1-L51,RSH2-L51,RSH1-L51,SH = TH,SH key = TH key
1396,1396,1438,鳥,鸟,,bird,bird,niǎo,niǎo|diǎo,bird,niao3,0.01%,1263,5,1464,1478,RTH1-L52,RTH1-L52,RSH1-L52,RSH1-L52,SH <> TH,SH key = TH key
2818,2818,2873,烏,乌,,crow,crow,wū,wū|wù,a crow/black,wu1,0.01%,1244,5,1465,1481,RTH2-L52,RTH1-L52,RSH2-L52,RSH1-L52,SH <> TH,SH key = TH key
2823,2823,2878,偶,偶,,by chance,by chance,ǒu,ǒu,accidental/image/pair/mate,ou3,0.01%,1361,5,1466,1482,RTH2-L52,RTH1-L52,RSH2-L52,RSH1-L52,SH = TH,SH key = TH key
2824,2824,123,厲,厉,,stern,stern,lì,lì,severe,li4,0.01%,1339,5,1467,1212,RTH2-L52,RTH1-L52,RSH1-L07,RSH1-L07,SH <> TH,SH key = TH key
2825,2825,736,勵,励,,encourage,encourage,lì,lì,exhort,li4,0.01%,1468,5,1468,1310,RTH2-L52,RTH1-L52,RSH1-L24,RSH1-L24,SH <> TH,SH key = TH key
1417,1417,1456,罵,骂,v.,scold,scold,mà,mà,scold/abuse,ma4,0.01%,1449,5,1469,1483,RTH1-L53,RTH1-L53,RSH1-L53,RSH1-L53,SH <> TH,SH key = TH key
1420,1420,1458,騎,骑,v.,ride,ride,qí,qí|jì,to ride (an animal or bike)/to sit astride,qi2,0.01%,1398,5,1470,1484,RTH1-L53,RTH1-L53,RSH1-L53,RSH1-L53,SH <> TH,SH key = TH key
2848,2848,2893,碼,码,,numeral,numeral,mǎ,mǎ,a weight/number/yard/pile/stack,ma3,0.01%,1345,5,1471,1485,RTH2-L53,RTH1-L53,RSH2-L53,RSH1-L53,SH <> TH,SH key = TH key
2850,2850,2895,瑪,玛,,Mary,Matteo,mǎ,mǎ,agate/cornelian,ma3,0.01%,1248,5,1472,1486,RTH2-L53,RTH1-L53,RSH2-L53,RSH1-L53,SH <> TH,SH key <> TH key
2851,2851,2896,駐,驻,,be stationed,be stationed,zhù,zhù,resident in/stationed in/located at/to station (troops),zhu4,0.01%,1288,5,1473,1487,RTH2-L53,RTH1-L53,RSH2-L53,RSH1-L53,SH <> TH,SH key = TH key
2855,2855,2114,憑,凭,,proof,proof,píng,píng,lean against/proof/to rely on/to depend on/to be based on,ping2,0.01%,1410,5,1474,1349,RTH2-L53,RTH1-L53,RSH2-L27,RSH1-L27,SH <> TH,SH key = TH key
2874,2874,2287,污,污,,filthy,filthy,wū,wū,"see 污, dirt/filth",wu1,0.01%,1405,5,1475,1381,RTH2-L53,RTH1-L53,RSH2-L32,RSH1-L32,SH = TH,SH key = TH key
2880,2880,2351,融,融,,melt,melt,róng,róng,harmonious/melt/mild,rong2,0.01%,1225,5,1476,1385,RTH2-L53,RTH1-L53,RSH2-L34,RSH1-L34,SH = TH,SH key = TH key
2881,2881,2352,隔,隔,v.,separate,separate,gé,gé,to separate/to stand or lie between/to divide/to cut off,ge2,0.01%,1319,5,1477,1386,RTH2-L53,RTH1-L53,RSH2-L34,RSH1-L34,SH = TH,SH key = TH key
2883,2883,1784,慶,庆,,celebrate,celebrate,qìng,qìng,celebrate,qing4,0.01%,1269,5,1478,1274,RTH2-L53,RTH1-L53,RSH2-L21,RSH1-L21,SH <> TH,SH key = TH key
2892,2892,1913,罷,罢,,cease,cease,bà,bà|pí,"to stop/cease/dismiss/suspend/to quit/to finish, (final part.)",ba4/ba,0.01%,1305,5,1479,1301,RTH2-L53,RTH1-L53,RSH2-L22,RSH1-L22,SH <> TH,SH key = TH key
1437,1437,1468,晨,晨,,morning,morning,chén,chén,morning/dawn/daybreak,chen2,0.01%,1388,5,1480,1488,RTH1-L54,RTH1-L54,RSH1-L54,RSH1-L54,SH = TH,SH key = TH key
1445,1445,1475,襲,袭,v.,raid,raid,xí,xí,inherit/raid/suit of clothes,xi2,0.01%,1213,5,1481,1489,RTH1-L54,RTH1-L54,RSH1-L54,RSH1-L54,SH <> TH,SH key = TH key
2902,2902,2928,魂,魂,,soul,soul,hún,hún,soul,hun2,0.01%,1348,5,1482,1490,RTH2-L54,RTH1-L54,RSH2-L54,RSH1-L54,SH = TH,SH key = TH key
1474,1474,1489,橫,横,,horizontal,horizontal,héng,héng|hèng,"horizontal/across/(horizontal character stroke), unruly",heng2/heng4,0.01%,1330,5,1483,1491,RTH1-L55,RTH1-L55,RSH1-L55,RSH1-L55,SH <> TH,SH key = TH key
1486,1486,1094,縱,纵,,vertical,vertical,zòng,zòng,"vertical, even if/release",zong1/zong4,0.01%,1236,5,1484,1388,RTH1-L55,RTH1-L55,RSH1-L35,RSH1-L35,SH <> TH,SH key = TH key
1492,1492,1497,牌,牌,n.,brand,brand,pái,pái,cards/game pieces/signboard/plate/tablet,pai2,0.01%,1261,5,1485,1493,RTH1-L55,RTH1-L55,RSH1-L55,RSH1-L55,SH = TH,SH key = TH key
2912,2912,2958,插,插,v.,insert,insert,chā,chā,insert/stick in/pierce/to take part in/to interfere/to interpose,cha1,0.01%,1495,5,1486,1496,RTH2-L55,RTH1-L55,RSH2-L55,RSH1-L55,SH = TH,SH key = TH key
2919,2919,2241,臘,腊,,dried meat,dried meat,là,là,"preserved (meat), December/preserved (meat)",la4,0.01%,1497,5,1487,1375,RTH2-L55,RTH1-L55,RSH2-L31,RSH1-L31,SH <> TH,SH key = TH key
2922,2922,2968,艘,艘,,vessels,vessels,sōu,sōu,"measure word for warships (Taiwan pronunciation), measure word for boats and ships (mainland pronunciation)",sao1/sou1,0.01%,1470,5,1488,1497,RTH2-L55,RTH1-L55,RSH2-L55,RSH1-L55,SH = TH,SH key = TH key
2929,2929,2971,陷,陷,,get stuck,get stuck,xiàn,xiàn,to fall/trap,xian4,0.01%,1262,5,1489,1498,RTH2-L55,RTH1-L55,RSH2-L55,RSH1-L55,SH = TH,SH key = TH key
2932,2932,2939,輛,辆,,vehicles,vehicles,liàng,liàng,(a measure word for vehicles),liang4,0.01%,1375,5,1490,1494,RTH2-L55,RTH1-L55,RSH2-L55,RSH1-L55,SH <> TH,SH key = TH key
2936,2936,2755,碰,碰,v.,bump,bump,pèng,pèng,to touch/to meet with/to bump,peng4,0.01%,1371,5,1491,1457,RTH2-L55,RTH1-L55,RSH2-L46,RSH1-L46,SH = TH,SH key = TH key
2946,2946,1783,礦,矿,n.,mine,mine,kuàng,kuàng,ore/mine,kuang4,0.01%,1385,5,1492,1273,RTH2-L55,RTH1-L55,RSH2-L21,RSH1-L21,SH <> TH,SH key = TH key
2950,2950,1503,膽,胆,,gall bladder,gall bladder,dǎn,dǎn,the gall/the nerve/courage/guts/gall bladder,dan3,0.01%,1352,5,1493,1203,RTH2-L55,RTH1-L55,RSH2-L02,RSH1-L02,SH <> TH,SH key = TH key
2956,2956,2779,觸,触,v.,touch,touch,chù,chù,knock against/touch/to feel,chu4,0.01%,1207,5,1494,1463,RTH2-L55,RTH1-L55,RSH2-L47,RSH1-L47,SH <> TH,SH key = TH key
2971,2971,2949,赫,赫,,illustrious,illustrious,hè,hè,(surname)/awe-inspiring,he4,0.01%,1346,5,1495,1495,RTH2-L55,RTH1-L55,RSH2-L55,RSH1-L55,SH = TH,SH key = TH key
2972,2972,1507,嚇,吓,,terrify,terrify,xià,xià|hè,to frighten/to scare/to intimidate/to threaten,xia4,0.01%,1466,5,1496,1205,RTH2-L55,RTH1-L55,RSH2-L03,RSH1-L03,SH <> TH,SH key = TH key
2975,2975,2552,辭,辞,,phraseology,phraseology,cí,cí,bid farewell/diction/resign/say goodbye/take leave/decline,ci2,0.01%,1469,5,1497,1421,RTH2-L55,RTH1-L55,RSH2-L38,RSH1-L38,SH <> TH,SH key = TH key
22,22,23,晶,晶,,sparkling,sparkling,jīng,jīng,crystal,jing1,0.01%,1725,6,1498,1501,RTH1-L02,RTH1-L02,RSH1-L02,RSH1-L02,SH = TH,SH key = TH key
24,24,25,昌,昌,,prosperous,prosperous,chāng,chāng,prosperous/flourish,chang1,0.01%,1606,6,1499,1502,RTH1-L02,RTH1-L02,RSH1-L02,RSH1-L02,SH = TH,SH key = TH key
77,77,81,貢,贡,,tribute,tribute,gòng,gòng,tribute/gifts,gong4,0.01%,1548,6,1500,1505,RTH1-L05,RTH1-L05,RSH1-L05,RSH1-L05,SH <> TH,SH key = TH key
118,118,129,削,削,v.,peel,peel,xuē,xiāo|xuē,"to scrape, to reduce/to pare (away)/to cut (down)",xiao1/xue1,0.00%,1794,6,1501,1506,RTH1-L07,RTH1-L07,RSH1-L07,RSH1-L07,SH = TH,SH key = TH key
1520,1520,1529,晃,晃,v.,sway,sway,huàng,huàng|huǎng,"dazzle, sway/to shade",huang3/huang4,0.00%,1796,6,1502,1508,RTH2-L07,RTH1-L07,RSH2-L07,RSH1-L07,SH = TH,SH key = TH key
129,129,141,泉,泉,n.,spring,spring,quán,quán,fountain/spring,quan2,0.01%,1641,6,1503,1510,RTH1-L08,RTH1-L08,RSH1-L08,RSH1-L08,SH = TH,SH key = TH key
149,149,160,肚,肚,,belly,belly,dù,dù|dǔ,"tripe, belly",du3/du4,0.00%,1800,6,1504,1512,RTH1-L08,RTH1-L08,RSH1-L08,RSH1-L08,SH = TH,SH key = TH key
151,151,163,吐,吐,v.,spit,spit,tǔ,tǔ|tù,"to spit, vomit",tu3/tu4,0.01%,1653,6,1505,1514,RTH1-L08,RTH1-L08,RSH1-L08,RSH1-L08,SH = TH,SH key = TH key
165,165,155,漁,渔,n.,fishing,fishing,yú,yú,fisherman/to fish,yu2,0.00%,1770,6,1506,1511,RTH1-L08,RTH1-L08,RSH1-L08,RSH1-L08,SH <> TH,SH key = TH key
171,171,181,埋,埋,,bury,bury,mái,mái|mán,"bury, to blame",mai2/man2,0.01%,1640,6,1507,1515,RTH1-L09,RTH1-L09,RSH1-L09,RSH1-L09,SH = TH,SH key = TH key
188,188,199,寄,寄,v.,mail,mail,jì,jì,lodge at/to mail/to send/to entrust/to depend,ji4,0.01%,1611,6,1508,1516,RTH1-L09,RTH1-L09,RSH1-L09,RSH1-L09,SH = TH,SH key = TH key
1539,1539,2369,賓,宾,,visitor,visitor,bīn,bīn,visitor/guest,bin1,0.01%,1534,6,1509,1676,RTH2-L09,RTH1-L09,RSH2-L34,RSH1-L34,SH <> TH,SH key = TH key
219,219,233,漠,漠,n.,desert,desert,mò,mò,desert/unconcerned,mo4,0.00%,1777,6,1510,1517,RTH1-L10,RTH1-L10,RSH1-L10,RSH1-L10,SH = TH,SH key = TH key
1543,1543,1562,柏,柏,,cypress,cypress,bǎi,bǎi|bó|bò,"(surname)/cedar/cypress, cypress/cedar",bai3/bo4,0.01%,1596,6,1511,1518,RTH2-L10,RTH1-L10,RSH2-L10,RSH1-L10,SH = TH,SH key = TH key
1545,1545,1564,朵,朵,,flouds,flouds,duǒ,duǒ,M for flowers,duo3,0.01%,1571,6,1512,1519,RTH2-L10,RTH1-L10,RSH2-L10,RSH1-L10,SH = TH,SH key = TH key
1548,1548,1566,椅,椅,,chair,chair,yǐ,yǐ,chair,yi3,0.01%,1663,6,1513,1520,RTH2-L10,RTH1-L10,RSH2-L10,RSH1-L10,SH = TH,SH key = TH key
233,233,241,厭,厌,,detest,detest,yàn,yàn|yān,loathe,yan4,0.01%,1633,6,1514,1521,RTH1-L11,RTH1-L11,RSH1-L11,RSH1-L11,SH <> TH,SH key = TH key
1566,1566,1591,燃,燃,,ignite,ignite,rán,rán,burn/combustion,ran2,0.01%,1553,6,1515,1523,RTH2-L11,RTH1-L11,RSH2-L11,RSH1-L11,SH = TH,SH key = TH key
1568,1568,1509,獸,兽,,beast,beast,shòu,shòu,beast/quadruped,shou4,0.01%,1602,6,1516,1504,RTH2-L11,RTH1-L11,RSH2-L04,RSH1-L04,SH <> TH,SH key = TH key
1572,1572,1594,牢,牢,,jail,jail,láo,láo,firm/fast,lao2,0.01%,1696,6,1517,1524,RTH2-L11,RTH1-L11,RSH2-L11,RSH1-L11,SH = TH,SH key = TH key
256,256,274,呈,呈,,submit,submit,chéng,chéng,to assume (a form)/to submit/to petition/to show/to present/to offer,cheng2,0.01%,1563,6,1518,1525,RTH1-L12,RTH1-L12,RSH1-L12,RSH1-L12,SH = TH,SH key = TH key
262,262,281,銅,铜,,copper,copper,tóng,tóng,copper,tong2,0.00%,1772,6,1519,1526,RTH1-L12,RTH1-L12,RSH1-L12,RSH1-L12,SH <> TH,SH key = TH key
1586,1586,1610,柱,柱,,pillar,pillar,zhù,zhù,pillar,zhu4,0.01%,1691,6,1520,1527,RTH2-L12,RTH1-L12,RSH2-L12,RSH1-L12,SH = TH,SH key = TH key
1590,1590,1614,鎖,锁,n./v.,lock,lock,suǒ,suǒ,to lock up/to lock,suo3,0.01%,1558,6,1521,1529,RTH2-L12,RTH1-L12,RSH2-L12,RSH1-L12,SH <> TH,SH key = TH key
1591,1591,1612,鑽,钻,n./v.,drill,drill,zuān,zuān|zuàn,"enter (a hole)/probe, an auger/diamond",zuan1/zuan4,0.01%,1724,6,1522,1528,RTH2-L12,RTH1-L12,RSH2-L12,RSH1-L12,SH <> TH,SH key = TH key
272,272,296,巡,巡,v.,patrol,patrol,xún,xún,to patrol/to make one's rounds,xun2,0.01%,1544,6,1523,1531,RTH1-L13,RTH1-L13,RSH1-L13,RSH1-L13,SH = TH,SH key = TH key
1593,1593,1619,逼,逼,v.,press,press,bī,bī,"close to/compel, force/compel/drive/press for/extort/press on towards/press up to/close in on/close",bi1,0.01%,1559,6,1524,1534,RTH2-L13,RTH1-L13,RSH2-L13,RSH1-L13,SH = TH,SH key = TH key
291,291,321,輝,辉,,radiance,radiance,huī,huī,bright/glorious,hui1,0.01%,1623,6,1525,1536,RTH1-L14,RTH1-L14,RSH1-L14,RSH1-L14,SH <> TH,SH key = TH key
293,293,322,冠,冠,n.,crown,crown,guān,guàn|guān,"hat/crown/crest/cap, to head",guan1/guan4,0.01%,1713,6,1526,1537,RTH1-L14,RTH1-L14,RSH1-L14,RSH1-L14,SH = TH,SH key = TH key
302,302,434,涼,凉,,cool,cool,liáng,liáng|liàng,cool/cold,liang2,0.01%,1581,6,1527,1552,RTH1-L14,RTH1-L14,RSH1-L18,RSH1-L18,SH <> TH,SH key = TH key
323,323,350,獄,狱,,prison,prison,yù,yù,prison,yu4,0.01%,1597,6,1528,1540,RTH1-L15,RTH1-L15,RSH1-L15,RSH1-L15,SH <> TH,SH key = TH key
1616,1616,1644,牧,牧,v.,herd,herd,mù,mù,shepherd,mu4,0.01%,1580,6,1529,1541,RTH2-L15,RTH1-L15,RSH2-L15,RSH1-L15,SH = TH,SH key = TH key
1618,1618,1646,敦,敦,,candid,candid,dūn,dūn|Dūn|duì,"kind-hearted, kind-hearted/place name",dun1,0.01%,1722,6,1530,1542,RTH2-L15,RTH1-L15,RSH2-L15,RSH1-L15,SH = TH,SH key = TH key
1621,1621,1650,詢,询,,inquire,inquire,xún,xún,inquire,xun2,0.01%,1617,6,1531,1543,RTH2-L15,RTH1-L15,RSH2-L15,RSH1-L15,SH <> TH,SH key = TH key
335,335,361,戈,戈,,halberd,halberd,gē,gē,(surname)/spear,ge1,0.01%,1695,6,1532,1544,RTH1-L16,RTH1-L16,RSH1-L16,RSH1-L16,SH = TH,SH key = TH key
351,351,374,淺,浅,,shallow,shallow,qiǎn,qiǎn,"sound of moving water, shallow",jian1/qian3,0.01%,1721,6,1533,1545,RTH1-L16,RTH1-L16,RSH1-L16,RSH1-L16,SH <> TH,SH key = TH key
356,356,382,頻,频,,repeatedly,repeatedly,pín,pín,frequency/frequently/repetitious,pin2,0.01%,1535,6,1534,1546,RTH1-L17,RTH1-L17,RSH1-L17,RSH1-L17,SH <> TH,SH key = TH key
361,361,386,賦,赋,n.,levy,levy,fù,fù,poetic essay/taxation/bestow on/endow with,fu4,0.01%,1747,6,1535,1547,RTH1-L17,RTH1-L17,RSH1-L17,RSH1-L17,SH <> TH,SH key = TH key
377,377,403,哀,哀,,grief,grief,āi,āi,sorrow/grief/pity/to grieve for/to pity/to lament,ai1,0.01%,1751,6,1536,1548,RTH1-L18,RTH1-L18,RSH1-L18,RSH1-L18,SH = TH,SH key = TH key
378,378,404,袁,袁,,Yuan,Yuan,yuán,Yuán,(surname),yuan2,0.01%,1755,6,1537,1549,RTH1-L18,RTH1-L18,RSH1-L18,RSH1-L18,SH = TH,SH key = TH key
384,384,416,帽,帽,,hat,hat,mào,mào,hat/cap,mao4,0.01%,1750,6,1538,1551,RTH1-L18,RTH1-L18,RSH1-L18,RSH1-L18,SH = TH,SH key = TH key
423,423,457,昆,昆,,descendants,descendants,kūn,kūn,"Kunlun mountains, descendant/elder brother",kun1,0.00%,1759,6,1539,1553,RTH1-L18,RTH1-L18,RSH1-L18,RSH1-L18,SH = TH,SH key = TH key
429,429,463,旨,旨,,purpose,purpose,zhǐ,zhǐ,imperial decree/purport/aim/purpose,zhi3,0.01%,1685,6,1540,1554,RTH1-L18,RTH1-L18,RSH1-L18,RSH1-L18,SH = TH,SH key = TH key
438,438,473,腹,腹,,abdomen,abdomen,fù,fù,abdomen/stomach/belly,fu4,0.01%,1589,6,1541,1555,RTH1-L18,RTH1-L18,RSH1-L18,RSH1-L18,SH = TH,SH key = TH key
1650,1650,1949,滾,滚,v.,trundle,trundle,gǔn,gǔn,to boil/to roll,gun3,0.01%,1542,6,1542,1598,RTH2-L18,RTH1-L18,RSH2-L23,RSH1-L23,SH <> TH,SH key = TH key
1651,1651,1678,衰,衰,v.,decline,decline,shuāi,shuāi|cuī,"mourning garments, weak/feeble/decline/wane",cui1/shuai1,0.01%,1702,6,1543,1556,RTH2-L18,RTH1-L18,RSH2-L18,RSH1-L18,SH = TH,SH key = TH key
1656,1656,1683,帕,帕,,handkerchief,handkerchief,pà,pà,handkerchief,pa4,0.01%,1519,6,1544,1557,RTH2-L18,RTH1-L18,RSH2-L18,RSH1-L18,SH = TH,SH key = TH key
1667,1667,1695,吞,吞,,gulp down,gulp down,tūn,tūn,to swallow/to take,tun1,0.00%,1797,6,1545,1559,RTH2-L18,RTH1-L18,RSH2-L18,RSH1-L18,SH = TH,SH key = TH key
447,447,482,賠,赔,,compensate,compensate,péi,péi,lose in trade/pay damage,pei2,0.01%,1734,6,1546,1560,RTH1-L19,RTH1-L19,RSH1-L19,RSH1-L19,SH <> TH,SH key = TH key
1699,1699,1729,芳,芳,,aromatic,aromatic,fāng,fāng,fragrant,fang1,0.01%,1586,6,1547,1561,RTH2-L19,RTH1-L19,RSH2-L19,RSH1-L19,SH = TH,SH key = TH key
479,479,508,池,池,,pond,pond,chí,chí,pond/reservoir,chi2,0.01%,1709,6,1548,1562,RTH1-L20,RTH1-L20,RSH1-L20,RSH1-L20,SH = TH,SH key = TH key
481,481,513,蛇,蛇,,serpent,serpent,shé,shé|yí,snake/serpent,she2,0.01%,1689,6,1549,1563,RTH1-L20,RTH1-L20,RSH1-L20,RSH1-L20,SH = TH,SH key = TH key
494,494,527,湯,汤,,soup,soup,tāng,tāng|shāng,(surname)/soup,tang1,0.01%,1618,6,1550,1564,RTH1-L20,RTH1-L20,RSH1-L20,RSH1-L20,SH <> TH,SH key = TH key
1721,1721,1749,豪,豪,,unrestrained,unrestrained,háo,háo,grand/heroic,hao2,0.01%,1513,6,1551,1566,RTH2-L20,RTH1-L20,RSH2-L20,RSH1-L20,SH = TH,SH key = TH key
1733,1733,1770,焦,焦,,apprehensive,apprehensive,jiāo,jiāo,burnt/scorched/worried/anxious,jiao1,0.01%,1554,6,1552,1568,RTH2-L20,RTH1-L20,RSH2-L20,RSH1-L20,SH = TH,SH key = TH key
1734,1734,1771,瞧,瞧,,lay eyes on,lay eyes on,qiáo,qiáo,look at,qiao2,0.01%,1551,6,1553,1569,RTH2-L20,RTH1-L20,RSH2-L20,RSH1-L20,SH = TH,SH key = TH key
1738,1738,1767,截,截,,lop off,lop off,jié,jié,a section/cut off (a length),jie2,0.01%,1552,6,1554,1567,RTH2-L20,RTH1-L20,RSH2-L20,RSH1-L20,SH = TH,SH key = TH key
1751,1751,1785,嘛,嘛,,(pause marker),(pause marker),ma,ma|má,(a modal particle),ma,0.01%,1628,6,1555,1570,RTH2-L21,RTH1-L21,RSH2-L21,RSH1-L21,SH = TH,SH key = TH key
1752,1752,1786,磨,磨,,grind,grind,mó,mó|mò,"to sharpen/to delay/hardship/to grind/to rub, grindstone",mo2/mo4,0.01%,1537,6,1556,1571,RTH2-L21,RTH1-L21,RSH2-L21,RSH1-L21,SH = TH,SH key = TH key
1755,1755,1799,悟,悟,,realize,realize,wù,wù,comprehend,wu4,0.01%,1668,6,1557,1576,RTH2-L21,RTH1-L21,RSH2-L21,RSH1-L21,SH = TH,SH key = TH key
1758,1758,1802,慎,慎,,prudent,prudent,shèn,shèn,cautious,shen4,0.00%,1765,6,1558,1578,RTH2-L21,RTH1-L21,RSH2-L21,RSH1-L21,SH = TH,SH key = TH key
1764,1764,1798,恆,恒,,permanent,permanent,héng,héng,permanent,heng2,0.00%,1764,6,1559,1575,RTH2-L21,RTH1-L21,RSH2-L21,RSH1-L21,SH <> TH,SH key = TH key
1770,1770,1792,惑,惑,,be bewildered,be bewildered,huò,huò,confuse,huo4,0.01%,1600,6,1560,1573,RTH2-L21,RTH1-L21,RSH2-L21,RSH1-L21,SH = TH,SH key = TH key
1772,1772,1812,怖,怖,,be scared of,be scared of,bù,bù,terror/terrified/afraid/frightened,bu4,0.00%,1776,6,1561,1579,RTH2-L21,RTH1-L21,RSH2-L21,RSH1-L21,SH = TH,SH key = TH key
1775,1775,1813,慌,慌,,nervous,nervous,huāng,huāng,nervous,huang1,0.01%,1650,6,1562,1580,RTH2-L21,RTH1-L21,RSH2-L21,RSH1-L21,SH = TH,SH key = TH key
1780,1780,1801,懼,惧,,be frightened,be frightened,jù,jù,to fear,ju4,0.01%,1616,6,1563,1577,RTH2-L21,RTH1-L21,RSH2-L21,RSH1-L21,SH <> TH,SH key = TH key
1787,1787,1824,瑟,瑟,,Chinese harp,Chinese harp,sè,sè,(mus. instr.),se4,0.01%,1694,6,1564,1581,RTH2-L21,RTH1-L21,RSH2-L21,RSH1-L21,SH = TH,SH key = TH key
606,606,655,寂,寂,,lonely,lonely,jì,jì,lonesome,ji4,0.01%,1739,6,1565,1583,RTH1-L22,RTH1-L22,RSH1-L22,RSH1-L22,SH = TH,SH key = TH key
611,611,139,脈,脉,,blood vessels,blood vessels,mài,mài|mò,mountain range/pulse,mai4,0.01%,1594,6,1566,1509,RTH1-L22,RTH1-L22,RSH1-L08,RSH1-L08,SH <> TH,SH key = TH key
1793,1793,1828,扣,扣,n./v.,button,button,kòu,kòu,"10 percent/button/detain, button",kou4,0.01%,1625,6,1567,1584,RTH2-L22,RTH1-L22,RSH2-L22,RSH1-L22,SH = TH,SH key = TH key
1820,1820,1857,撞,撞,,bump into,bump into,zhuàng,zhuàng,to hit/to strike/to meet by accident/to run into/to bump against/to bump into,zhuang4,0.01%,1540,6,1568,1586,RTH2-L22,RTH1-L22,RSH2-L22,RSH1-L22,SH = TH,SH key = TH key
1829,1829,1868,戒,戒,,take precautions against,take precautions against,jiè,jiè,swear off/warn against,jie4,0.01%,1566,6,1569,1587,RTH2-L22,RTH1-L22,RSH2-L22,RSH1-L22,SH = TH,SH key = TH key
1830,1830,1869,械,械,,weapon,weapon,xiè,xiè,tools,xie4,0.01%,1657,6,1570,1588,RTH2-L22,RTH1-L22,RSH2-L22,RSH1-L22,SH = TH,SH key = TH key
1833,1833,1873,噴,喷,v.,spurt,spurt,pēn,pēn|pèn,"to puff/to spout/to spray/to spurt, fragrant/sneeze",pen1/pen4,0.01%,1729,6,1571,1589,RTH2-L22,RTH1-L22,RSH2-L22,RSH1-L22,SH <> TH,SH key = TH key
1835,1835,1874,憤,愤,,indignation,indignation,fèn,fèn,indignant/anger/resentment,fen4,0.01%,1508,6,1572,1590,RTH2-L22,RTH1-L22,RSH2-L22,RSH1-L22,SH <> TH,SH key = TH key
1841,1841,2751,桑,桑,,mulberry tree,mulberry tree,sāng,sāng,mulberry tree,sang1,0.01%,1528,6,1573,1756,RTH2-L22,RTH1-L22,RSH2-L46,RSH1-L46,SH = TH,SH key = TH key
1844,1844,1886,敲,敲,v.,knock,knock,qiāo,qiāo,extort/knock/to strike/to knock (at a door)/to hit,qiao1,0.01%,1732,6,1574,1591,RTH2-L22,RTH1-L22,RSH2-L22,RSH1-L22,SH = TH,SH key = TH key
1863,1863,2761,晉,晋,,promote,promote,jìn,Jìn,name of a dynasty,jin4,0.01%,1645,6,1575,1758,RTH2-L22,RTH1-L22,RSH2-L46,RSH1-L46,SH <> TH,SH key = TH key
1864,1864,1906,宏,宏,,magnificent,magnificent,hóng,hóng,spacious,hong2,0.00%,1798,6,1576,1593,RTH2-L22,RTH1-L22,RSH2-L22,RSH1-L22,SH = TH,SH key = TH key
1870,1870,1915,丟,丢,,mislay,mislay,diū,diū,to lose/to put aside/to throw,diu1,0.01%,1639,6,1577,1594,RTH2-L22,RTH1-L22,RSH2-L22,RSH1-L22,SH <> TH,SH key = TH key
652,652,948,檔,档,n.,files,files,dàng,dàng|dǎng,cross-piece/official records/grade (of goods)/file/records/shelves,dang4,0.00%,1787,6,1578,1646,RTH1-L24,RTH1-L24,RSH1-L30,RSH1-L30,SH <> TH,SH key = TH key
696,696,750,賀,贺,,congratulate,congratulate,hè,hè,congratulate,he4,0.01%,1690,6,1579,1599,RTH1-L24,RTH1-L24,RSH1-L24,RSH1-L24,SH <> TH,SH key = TH key
1896,1896,1692,嚐,尝,v.,taste,taste,cháng,cháng,"indicator of past tense/to taste/flavor/already/ever/once/test/already/formerly, to taste",chang2,0.01%,1621,6,1580,1558,RTH2-L24,RTH1-L24,RSH2-L18,RSH1-L18,SH <> TH,SH key = TH key
1900,1900,1959,頗,颇,,quite,quite,pō,pō,quite/rather/uneven/sloping,po1,0.01%,1560,6,1581,1601,RTH2-L24,RTH1-L24,RSH2-L24,RSH1-L24,SH <> TH,SH key = TH key
1901,1901,1960,坡,坡,n.,slope,slope,pō,pō,slope,po1,0.01%,1550,6,1582,1602,RTH2-L24,RTH1-L24,RSH2-L24,RSH1-L24,SH = TH,SH key = TH key
1918,1918,1978,扶,扶,,lend a hand,lend a hand,fú,fú,to support with hand/to help sb. up/to help,fu2,0.01%,1612,6,1583,1605,RTH2-L24,RTH1-L24,RSH2-L24,RSH1-L24,SH = TH,SH key = TH key
1925,1925,1986,勸,劝,,advise,advise,quàn,quàn,to advise/to urge/to try to persuade/exhort,quan4,0.01%,1562,6,1584,1606,RTH2-L24,RTH1-L24,RSH2-L24,RSH1-L24,SH <> TH,SH key = TH key
1935,1935,1998,循,循,,comply with,comply with,xún,xún,to follow/to adhere to/to abide by,xun2,0.01%,1744,6,1585,1608,RTH2-L24,RTH1-L24,RSH2-L24,RSH1-L24,SH = TH,SH key = TH key
722,722,777,誘,诱,,entice,entice,yòu,yòu,entice/tempt,you4,0.01%,1707,6,1586,1609,RTH1-L25,RTH1-L25,RSH1-L25,RSH1-L25,SH <> TH,SH key = TH key
728,728,786,竹,竹,,bamboo,bamboo,zhú,zhú,bamboo,zhu2,0.01%,1588,6,1587,1610,RTH1-L25,RTH1-L25,RSH1-L25,RSH1-L25,SH = TH,SH key = TH key
1953,1953,2008,稿,稿,n.,draft,draft,gǎo,gǎo,manuscript/draft/stalk of grain,gao3,0.01%,1587,6,1588,1611,RTH2-L25,RTH1-L25,RSH2-L25,RSH1-L25,SH = TH,SH key = TH key
1957,1957,2014,菌,菌,,fungus,fungus,jùn,jūn|jùn,"germ/bacteria, bacteria/mold/mushroom",jun1/jun4,0.01%,1733,6,1589,1612,RTH2-L25,RTH1-L25,RSH2-L25,RSH1-L25,SH = TH,SH key = TH key
1961,1961,2018,秩,秩,n.,order,order,zhì,zhì,order/orderliness,zhi4,0.01%,1749,6,1590,1613,RTH2-L25,RTH1-L25,RSH2-L25,RSH1-L25,SH = TH,SH key = TH key
1975,1975,2039,粒,粒,,grain,grain,lì,lì,a grain/a granule,li4,0.01%,1714,6,1591,1615,RTH2-L25,RTH1-L25,RSH2-L25,RSH1-L25,SH = TH,SH key = TH key
765,765,824,堡,堡,,fort,fort,bǎo,bǎo|pù|bǔ,"an earthwork/castle/position of defense/stronghold, character used in place names",bao3/pu4,0.01%,1521,6,1592,1617,RTH1-L26,RTH1-L26,RSH1-L26,RSH1-L26,SH = TH,SH key = TH key
783,783,845,腐,腐,,rotten,rotten,fǔ,fǔ,decay/rotten,fu3,0.01%,1576,6,1593,1618,RTH1-L26,RTH1-L26,RSH1-L26,RSH1-L26,SH = TH,SH key = TH key
1991,1991,2055,仇,仇,,animosity,animosity,chóu,chóu|qiú,"hatred/animosity/enmity/a rival/an enemy/feud, (surname)/match/mate",chou2/qiu2,0.01%,1536,6,1594,1619,RTH2-L26,RTH1-L26,RSH2-L26,RSH1-L26,SH = TH,SH key = TH key
1994,1994,2058,仲,仲,,mid-,mid-,zhòng,zhòng,2nd in seniority,zhong4,0.01%,1706,6,1595,1620,RTH2-L26,RTH1-L26,RSH2-L26,RSH1-L26,SH = TH,SH key = TH key
2001,2001,2067,仔,仔,,meticulous,meticulous,zǐ,zǎi|zǐ|zī,"duty/responsibility, minutely/young",zi1/zi3/zai3,0.01%,1572,6,1596,1621,RTH2-L26,RTH1-L26,RSH2-L26,RSH1-L26,SH = TH,SH key = TH key
2005,2005,2070,佳,佳,,superb,superb,jiā,jiā,excellent,jia1,0.01%,1583,6,1597,1622,RTH2-L26,RTH1-L26,RSH2-L26,RSH1-L26,SH = TH,SH key = TH key
2008,2008,2074,宿,宿,,stay overnight,stay overnight,sù,xiǔ|sù|xiù,"lodge for the night/old/former, (a) night, constellation",su4/xiu3/xiu4,0.01%,1752,6,1598,1623,RTH2-L26,RTH1-L26,RSH2-L26,RSH1-L26,SH = TH,SH key = TH key
2013,2013,2080,佩,佩,,wear at the waist,wear at the waist,pèi,pèi,"to respect/wear (belt, etc.), girdle ornaments",pei4,0.01%,1507,6,1599,1624,RTH2-L26,RTH1-L26,RSH2-L26,RSH1-L26,SH = TH,SH key = TH key
2034,2034,1485,掩,掩,,conceal,conceal,yǎn,yǎn,cover up/to surprise,yan3,0.01%,1514,6,1600,1785,RTH2-L26,RTH1-L26,RSH1-L55,RSH1-L55,SH = TH,SH key = TH key
2039,2039,2100,貸,贷,n.,loan,loan,dài,dài,lend on interest/borrow/loan/make excuses/pardon/forgive,dai4,0.01%,1605,6,1601,1625,RTH2-L26,RTH1-L26,RSH2-L26,RSH1-L26,SH <> TH,SH key = TH key
2041,2041,2103,仗,仗,n.,battle,battle,zhàng,zhàng,battle,zhang4,0.01%,1712,6,1602,1626,RTH2-L26,RTH1-L26,RSH2-L26,RSH1-L26,SH = TH,SH key = TH key
2043,2043,1523,夾,夹,,press from both sides,press from both sides,jiā,jiā|jiá|gā,"clip/folder/hold between/to press from both sides/to place in between, hold between/lined/narrow lane",jia1/jia2,0.01%,1758,6,1603,1507,RTH2-L26,RTH1-L26,RSH2-L07,RSH1-L07,SH <> TH,SH key = TH key
2048,2048,1936,峽,峡,n.,gorge,gorge,xiá,xiá,gorge,xia2,0.01%,1727,6,1604,1597,RTH2-L26,RTH1-L26,RSH2-L23,RSH1-L23,SH <> TH,SH key = TH key
2062,2062,2112,揭,揭,,reveal,reveal,jiē,jiē,lift off (a cover)/divulge,jie1,0.01%,1666,6,1605,1628,RTH2-L26,RTH1-L26,RSH2-L26,RSH1-L26,SH = TH,SH key = TH key
794,794,854,廷,廷,,royal court,royal court,tíng,tíng,palace courtyard,ting2,0.01%,1626,6,1606,1629,RTH1-L27,RTH1-L27,RSH1-L27,RSH1-L27,SH = TH,SH key = TH key
800,800,865,呂,吕,,spine,spine,lǚ,Lǚ,(surname),lu:3/lv3,0.01%,1716,6,1607,1630,RTH1-L27,RTH1-L27,RSH1-L27,RSH1-L27,SH <> TH,SH key = TH key
2067,2067,2120,瓶,瓶,,bottle,bottle,píng,píng,bottle/(a measure word)/vase/pitcher,ping2,0.01%,1703,6,1608,1632,RTH2-L27,RTH1-L27,RSH2-L27,RSH1-L27,SH = TH,SH key = TH key
820,820,882,屍,尸,,corpse,corpse,shī,shī,corpse,shi1,0.01%,1517,6,1609,1633,RTH1-L28,RTH1-L28,RSH1-L28,RSH1-L28,SH <> TH,SH key = TH key
2076,2076,2130,匆,匆,,hurriedly,hurriedly,cōng,cōng,hurried/hasty,cong1,0.01%,1622,6,1610,1634,RTH2-L28,RTH1-L28,RSH2-L28,RSH1-L28,SH = TH,SH key = TH key
2089,2089,2143,屈,屈,,knuckle under,knuckle under,qū,qū,bent/feel wronged,qu1,0.01%,1684,6,1611,1636,RTH2-L28,RTH1-L28,RSH2-L28,RSH1-L28,SH = TH,SH key = TH key
842,842,910,祭,祭,,offer sacrifice,offer sacrifice,jì,jì,"offer sacrifice, (surname)",ji4/zhai4,0.00%,1782,6,1612,1637,RTH1-L29,RTH1-L29,RSH1-L29,RSH1-L29,SH = TH,SH key = TH key
844,844,912,擦,擦,,scrub,scrub,cā,cā,to wipe/to erase/rubbing (brush stroke in painting)/to clean/to polish,ca1,0.00%,1761,6,1613,1638,RTH1-L29,RTH1-L29,RSH1-L29,RSH1-L29,SH = TH,SH key = TH key
849,849,917,押,押,v.,pawn,pawn,yā,yā,detain in custody,ya1,0.00%,1775,6,1614,1639,RTH1-L29,RTH1-L29,RSH1-L29,RSH1-L29,SH = TH,SH key = TH key
2099,2099,2158,奈,奈,,can't help but,can't help but,nài,nài,how can one help,nai4,0.01%,1624,6,1615,1640,RTH2-L29,RTH1-L29,RSH2-L29,RSH1-L29,SH = TH,SH key = TH key
2102,2102,2162,祝,祝,,wish well,wish well,zhù,zhù,invoke/pray to/wish/to express good wishes,zhu4,0.01%,1651,6,1616,1641,RTH2-L29,RTH1-L29,RSH2-L29,RSH1-L29,SH = TH,SH key = TH key
2103,2103,2163,祥,祥,,propitious,propitious,xiáng,xiáng,auspicious/propitious,xiang2,0.01%,1674,6,1617,1642,RTH2-L29,RTH1-L29,RSH2-L29,RSH1-L29,SH = TH,SH key = TH key
2105,2105,2165,慰,慰,v.,console,console,wèi,wèi,reassure,wei4,0.01%,1632,6,1618,1643,RTH2-L29,RTH1-L29,RSH2-L29,RSH1-L29,SH = TH,SH key = TH key
2111,2111,2170,袖,袖,,sleeve,sleeve,xiù,xiù,sleeve,xiu4,0.01%,1686,6,1619,1644,RTH2-L29,RTH1-L29,RSH2-L29,RSH1-L29,SH = TH,SH key = TH key
880,880,955,糖,糖,,sugar,sugar,táng,táng,sugar/sweets/candy,tang2,0.01%,1746,6,1620,1647,RTH1-L30,RTH1-L30,RSH1-L30,RSH1-L30,SH = TH,SH key = TH key
2128,2128,2187,欣,欣,,elated,elated,xīn,xīn,happy,xin1,0.01%,1523,6,1621,1648,RTH2-L30,RTH1-L30,RSH2-L30,RSH1-L30,SH = TH,SH key = TH key
2140,2140,2211,捷,捷,,nimble,nimble,jié,jié,victory/triumph/quick/prompt/rapid,jie2,0.00%,1789,6,1622,1649,RTH2-L30,RTH1-L30,RSH2-L30,RSH1-L30,SH = TH,SH key = TH key
2144,2144,2215,兼,兼,adj.,double,double,jiān,jiān,double/twice/simultaneous/holding two or more (official) posts at the same time,jian1,0.01%,1515,6,1623,1651,RTH2-L30,RTH1-L30,RSH2-L30,RSH1-L30,SH = TH,SH key = TH key
2167,2167,2238,抖,抖,v.,quiver,quiver,dǒu,dǒu,shake out/tremble,dou3,0.01%,1757,6,1624,1652,RTH2-L30,RTH1-L30,RSH2-L30,RSH1-L30,SH = TH,SH key = TH key
912,912,987,拳,拳,n.,boxing,boxing,quán,quán,fist,quan2,0.00%,1784,6,1625,1653,RTH1-L31,RTH1-L31,RSH1-L31,RSH1-L31,SH = TH,SH key = TH key
2171,2171,2239,惜,惜,v.,rue,rue,xī,xī,"pity, regret, rue, begrudge",xi1,0.01%,1512,6,1626,1654,RTH2-L31,RTH1-L31,RSH2-L31,RSH1-L31,SH = TH,SH key = TH key
2174,2174,2244,燕,燕,n.,swallow,swallow,yàn,yàn|Yān,"(surname)/place name, swallow (a type of bird)",yan1/yan4,0.01%,1705,6,1627,1656,RTH2-L31,RTH1-L31,RSH2-L31,RSH1-L31,SH = TH,SH key = TH key
2178,2178,2248,叛,叛,,betray,betray,pàn,pàn,to betray/to rebel/to revolt,pan4,0.00%,1779,6,1628,1657,RTH2-L31,RTH1-L31,RSH2-L31,RSH1-L31,SH = TH,SH key = TH key
2189,2189,1787,臟,脏,,guts,dirty,zàng,zàng,"dirty/filthy, viscera",zang1/zang4,0.01%,1634,6,1629,1572,RTH2-L31,RTH1-L31,RSH2-L21,RSH1-L21,SH <> TH,SH key <> TH key
2195,2195,2212,肅,肃,,solemn,solemn,sù,sù,Gansu/respectful,su4,0.01%,1518,6,1630,1650,RTH2-L31,RTH1-L31,RSH2-L30,RSH1-L30,SH <> TH,SH key = TH key
932,932,1005,柔,柔,,gentle,gentle,róu,róu,soft,rou2,0.01%,1573,6,1631,1658,RTH1-L32,RTH1-L32,RSH1-L32,RSH1-L32,SH = TH,SH key = TH key
935,935,753,霧,雾,,fog,fog,wù,wù,fog/mist,wu4,0.01%,1670,6,1632,1600,RTH1-L32,RTH1-L32,RSH1-L24,RSH1-L24,SH <> TH,SH key = TH key
2223,2223,2281,梯,梯,,ladder,ladder,tī,tī,ladder,ti1,0.01%,1672,6,1633,1661,RTH2-L32,RTH1-L32,RSH2-L32,RSH1-L32,SH = TH,SH key = TH key
961,961,1041,豬,猪,,pig,pig,zhū,zhū,hog/pig/swine,zhu1,0.00%,1762,6,1634,1663,RTH1-L33,RTH1-L33,RSH1-L33,RSH1-L33,SH <> TH,SH key = TH key
2228,2228,2293,躺,躺,,lie down,lie down,tǎng,tǎng,to recline/to lie down,tang3,0.01%,1608,6,1635,1664,RTH2-L33,RTH1-L33,RSH2-L33,RSH1-L33,SH = TH,SH key = TH key
2229,2229,2294,躲,躲,v.,dodge,dodge,duǒ,duǒ,avoid/get out of way/to hide/to go into hiding,duo3,0.01%,1644,6,1636,1665,RTH2-L33,RTH1-L33,RSH2-L33,RSH1-L33,SH = TH,SH key = TH key
2240,2240,2309,儲,储,,put in storage,put in storage,chǔ,chǔ,savings/to save/to deposit/to store/(a surname),chu3,0.01%,1526,6,1637,1666,RTH2-L33,RTH1-L33,RSH2-L33,RSH1-L33,SH <> TH,SH key = TH key
2249,2249,2314,咬,咬,v.,bite,bite,yǎo,yǎo,bite/nip,yao3,0.01%,1658,6,1638,1667,RTH2-L33,RTH1-L33,RSH2-L33,RSH1-L33,SH = TH,SH key = TH key
2252,2252,2320,踏,踏,,trample,trample,tà,tà|tā,step on,ta4,0.01%,1753,6,1639,1668,RTH2-L33,RTH1-L33,RSH2-L33,RSH1-L33,SH = TH,SH key = TH key
2253,2253,2321,踐,践,,tread on,tread on,jiàn,jiàn,fulfill (a promise)/tread/walk,jian4,0.01%,1578,6,1640,1669,RTH2-L33,RTH1-L33,RSH2-L33,RSH1-L33,SH <> TH,SH key = TH key
2258,2258,2326,跌,跌,v.,slump,slump,diē,diē,to drop/to fall/to tumble,die1,0.01%,1590,6,1641,1671,RTH2-L33,RTH1-L33,RSH2-L33,RSH1-L33,SH = TH,SH key = TH key
2267,2267,2322,躍,跃,v.,leap,leap,yuè,yuè,to jump/to leap,yue4,0.01%,1516,6,1642,1670,RTH2-L33,RTH1-L33,RSH2-L33,RSH1-L33,SH <> TH,SH key = TH key
2281,2281,2341,陪,陪,,accompany,accompany,péi,péi,to accompany/to keep sb. company,pei2,0.01%,1664,6,1643,1674,RTH2-L34,RTH1-L34,RSH2-L34,RSH1-L34,SH = TH,SH key = TH key
1023,1023,1492,彎,弯,adj.,curved,curved,wān,wān,bend/bent,wan1,0.01%,1662,6,1644,1787,RTH1-L35,RTH1-L35,RSH1-L55,RSH1-L55,SH <> TH,SH key = TH key
2309,2309,2420,紫,紫,,purple,purple,zǐ,zǐ,purple,zi3,0.01%,1646,6,1645,1682,RTH2-L35,RTH1-L35,RSH2-L35,RSH1-L35,SH = TH,SH key = TH key
2325,2325,2396,暖,暖,adj.,warm,warm,nuǎn,nuǎn,warm,nuan3,0.01%,1745,6,1646,1677,RTH2-L35,RTH1-L35,RSH2-L35,RSH1-L35,SH = TH,SH key = TH key
2328,2328,2425,勃,勃,,vibrant,vibrant,bó,bó,flourishing/prosperous/suddenly/abruptly,bo2,0.01%,1533,6,1647,1683,RTH2-L35,RTH1-L35,RSH2-L35,RSH1-L35,SH = TH,SH key = TH key
2335,2335,1621,邏,逻,,make the rounds,make the rounds,luó,luó,logic/patrol,luo2,0.01%,1591,6,1648,1535,RTH2-L35,RTH1-L35,RSH2-L13,RSH1-L13,SH <> TH,SH key = TH key
2343,2343,2408,幼,幼,,young,young,yòu,yòu,young,you4,0.01%,1577,6,1649,1678,RTH2-L35,RTH1-L35,RSH2-L35,RSH1-L35,SH = TH,SH key = TH key
2344,2344,2410,幽,幽,,secluded,secluded,yōu,yōu,quiet/secluded,you1,0.01%,1636,6,1650,1679,RTH2-L35,RTH1-L35,RSH2-L35,RSH1-L35,SH = TH,SH key = TH key
2345,2345,2759,濕,湿,,wet,wet,shī,shī,moist/wet,shi1,0.01%,1743,6,1651,1757,RTH2-L35,RTH1-L35,RSH2-L46,RSH1-L46,SH <> TH,SH key = TH key
2346,2346,2411,玄,玄,,mysterious,mysterious,xuán,xuán,black/mysterious,xuan2,0.01%,1717,6,1652,1680,RTH2-L35,RTH1-L35,RSH2-L35,RSH1-L35,SH = TH,SH key = TH key
2349,2349,1632,牽,牵,,lead along,lead along,qiān,qiān,lead along,qian1,0.01%,1679,6,1653,1538,RTH2-L35,RTH1-L35,RSH2-L14,RSH1-L14,SH <> TH,SH key = TH key
2351,2351,2415,磁,磁,,magnetism,magnetism,cí,cí,magnetic/magnetism/porcelain,ci2,0.00%,1771,6,1654,1681,RTH2-L35,RTH1-L35,RSH2-L35,RSH1-L35,SH = TH,SH key = TH key
2356,2356,298,遜,逊,,modest,modest,xùn,xùn,to yield,xun4,0.01%,1697,6,1655,1532,RTH2-L35,RTH1-L35,RSH1-L13,RSH1-L13,SH <> TH,SH key = TH key
1049,1049,1112,柳,柳,,willow,willow,liǔ,liǔ,willow/Liu (a surname),liu3,0.01%,1557,6,1656,1684,RTH1-L36,RTH1-L36,RSH1-L36,RSH1-L36,SH = TH,SH key = TH key
2370,2370,2436,凝,凝,,congeal,congeal,níng,níng,congeal/concentrate attention,ning2,0.01%,1631,6,1657,1685,RTH2-L36,RTH1-L36,RSH2-L36,RSH1-L36,SH = TH,SH key = TH key
2371,2371,2119,擬,拟,,simulate,simulate,nǐ,nǐ,plan to,ni3,0.01%,1541,6,1658,1631,RTH2-L36,RTH1-L36,RSH2-L27,RSH1-L27,SH <> TH,SH key = TH key
2378,2378,2442,湧,涌,v.,gush,gush,yǒng,yǒng,bubble up/rush forth,yong3,0.01%,1642,6,1659,1687,RTH2-L36,RTH1-L36,RSH2-L36,RSH1-L36,SH <> TH,SH key = TH key
2385,2385,2450,怨,怨,,resentment,resentment,yuàn,yuàn,blame/complain,yuan4,0.01%,1637,6,1660,1688,RTH2-L36,RTH1-L36,RSH2-L36,RSH1-L36,SH = TH,SH key = TH key
1065,1065,1132,遵,遵,,abide by,abide by,zūn,zūn,to observe/to obey/to follow,zun1,0.01%,1593,6,1661,1690,RTH1-L37,RTH1-L37,RSH1-L37,RSH1-L37,SH = TH,SH key = TH key
1066,1066,1133,豆,豆,,beans,beans,dòu,dòu,"bean/peas, bean/sacrificial vessel",dou4,0.00%,1793,6,1662,1691,RTH1-L37,RTH1-L37,RSH1-L37,RSH1-L37,SH = TH,SH key = TH key
2398,2398,2470,醉,醉,,drunk,drunk,zuì,zuì,intoxicated,zui4,0.00%,1783,6,1663,1692,RTH2-L37,RTH1-L37,RSH2-L37,RSH1-L37,SH = TH,SH key = TH key
2399,2399,2473,粹,粹,,unmixed,unmixed,cuì,cuì,pure/unmixed/essence,cui4,0.01%,1736,6,1664,1693,RTH2-L37,RTH1-L37,RSH2-L37,RSH1-L37,SH = TH,SH key = TH key
2412,2412,1934,豈,岂,,(rhetorical question),(rhetorical question),qǐ,qǐ,how can it be that,qi3,0.01%,1726,6,1665,1596,RTH2-L37,RTH1-L37,RSH2-L23,RSH1-L23,SH <> TH,SH key = TH key
2418,2418,2485,孟,孟,,Mencius,Mencius,mèng,mèng,first month/eldest brother/(surname),meng4,0.01%,1575,6,1666,1694,RTH2-L37,RTH1-L37,RSH2-L37,RSH1-L37,SH = TH,SH key = TH key
2423,2423,2492,盜,盗,,master thief,master thief,dào,dào,steal/rob/plunder/a thief/bandit/robber,dao4,0.01%,1619,6,1667,1695,RTH2-L37,RTH1-L37,RSH2-L37,RSH1-L37,SH <> TH,SH key = TH key
2431,2431,2497,鑑,鉴,v.,probe,probe,jiàn,jiàn,example/mirror/to view/reflection/to reflect/to inspect/to warn/(ancient bronze mirror),jian4,0.01%,1655,6,1668,1696,RTH2-L37,RTH1-L37,RSH2-L37,RSH1-L37,SH <> TH,SH key = TH key
2434,2434,1988,拋,抛,v.,toss,toss,pāo,pāo,to throw/to toss/to fling/to cast/to abandon,pao1,0.01%,1692,6,1669,1607,RTH2-L37,RTH1-L37,RSH2-L24,RSH1-L24,SH <> TH,SH key = TH key
2440,2440,2506,狠,狠,,ruthless,ruthless,hěn,hěn,fierce/very,hen3,0.01%,1654,6,1670,1698,RTH2-L37,RTH1-L37,RSH2-L37,RSH1-L37,SH = TH,SH key = TH key
2447,2447,1587,貓,猫,,cat,cat,māo,māo|máo,cat/pussy,mao1,0.01%,1673,6,1671,1522,RTH2-L37,RTH1-L37,RSH2-L11,RSH1-L11,SH <> TH,SH key = TH key
2448,2448,1903,貌,貌,,mien,mien,mào,mào,appearance,mao4,0.01%,1595,6,1672,1592,RTH2-L37,RTH1-L37,RSH2-L22,RSH1-L22,SH = TH,SH key = TH key
2450,2450,2514,狼,狼,,wolf,wolf,láng,láng,wolf,lang2,0.01%,1708,6,1673,1700,RTH2-L37,RTH1-L37,RSH2-L37,RSH1-L37,SH = TH,SH key = TH key
2453,2453,2519,飾,饰,,ornaments,ornaments,shì,shì,adorn/ornaments,shi4,0.01%,1604,6,1674,1701,RTH2-L37,RTH1-L37,RSH2-L37,RSH1-L37,SH <> TH,SH key = TH key
2454,2454,2520,飲,饮,,beverage,beverage,yǐn,yǐn|yìn,drink,yin3,0.01%,1569,6,1675,1702,RTH2-L37,RTH1-L37,RSH2-L37,RSH1-L37,SH <> TH,SH key = TH key
1109,1109,1168,稀,稀,,scarce,scarce,xī,xī,diluted/sparse,xi1,0.00%,1788,6,1676,1703,RTH1-L38,RTH1-L38,RSH1-L38,RSH1-L38,SH = TH,SH key = TH key
2470,2470,2699,拔,拔,,pull out,pull out,bá,bá,pull up/pull out/select/promote,ba2,0.01%,1502,6,1677,1745,RTH2-L38,RTH1-L38,RSH2-L43,RSH1-L43,SH = TH,SH key = TH key
2474,2474,2543,噸,吨,,ton,ton,dūn,dūn,"ton, ton",dun1/dun4,0.01%,1700,6,1678,1707,RTH2-L38,RTH1-L38,RSH2-L38,RSH1-L38,SH <> TH,SH key = TH key
2476,2476,2173,屆,届,,fall due,fall due,jiè,jiè,"arrive at (place or time)/period/to become due/measure words for events (e.g., meetings, elections)",jie4,0.01%,1522,6,1679,1645,RTH2-L38,RTH1-L38,RSH2-L29,RSH1-L29,SH <> TH,SH key = TH key
2477,2477,2546,齒,齿,,teeth,teeth,chǐ,chǐ,tooth,chi3,0.00%,1773,6,1680,1708,RTH2-L38,RTH1-L38,RSH2-L38,RSH1-L38,SH <> TH,SH key = TH key
2479,2479,2547,齡,龄,,length of service,length of service,líng,líng,age,ling2,0.01%,1510,6,1681,1709,RTH2-L38,RTH1-L38,RSH2-L38,RSH1-L38,SH <> TH,SH key = TH key
2486,2486,2556,臂,臂,n.,arm,arm,bì,bì|bei,arm,bi4,0.01%,1688,6,1682,1710,RTH2-L38,RTH1-L38,RSH2-L38,RSH1-L38,SH = TH,SH key = TH key
2495,2495,2560,糾,纠,,entangle,entangle,jiū,jiū,gather together/to investigate/to entangle/correct,jiu1,0.01%,1723,6,1683,1711,RTH2-L38,RTH1-L38,RSH2-L38,RSH1-L38,SH <> TH,SH key = TH key
2496,2496,2350,凌,凌,v.,bully,bully,líng,líng,encroach/soar/thick ice,ling2,0.01%,1731,6,1684,1675,RTH2-L38,RTH1-L38,RSH2-L34,RSH1-L34,SH = TH,SH key = TH key
1159,1159,1218,績,绩,,accomplishments,accomplishments,jì,jì,merit/accomplishment,ji1/ji4,0.01%,1547,6,1685,1712,RTH1-L39,RTH1-L39,RSH1-L39,RSH1-L39,SH <> TH,SH key = TH key
1168,1168,1227,割,割,v.,cut off,cut off,gē,gē,cut off,ge1,0.01%,1665,6,1686,1713,RTH1-L39,RTH1-L39,RSH1-L39,RSH1-L39,SH = TH,SH key = TH key
1169,1169,1228,慧,慧,,intelligent,intelligent,huì,huì,intelligent,hui4,0.01%,1505,6,1687,1714,RTH1-L39,RTH1-L39,RSH1-L39,RSH1-L39,SH = TH,SH key = TH key
1175,1175,1241,勤,勤,,diligent,diligent,qín,qín,diligent/frequent,qin2,0.01%,1565,6,1688,1716,RTH1-L39,RTH1-L39,RSH1-L39,RSH1-L39,SH = TH,SH key = TH key
1183,1183,1243,垂,垂,,droop,droop,chuí,chuí,to hang (down)/droop/dangle/bend down/hand down/bequeath/nearly/almost/to approach,chui2,0.01%,1592,6,1689,1717,RTH1-L39,RTH1-L39,RSH1-L39,RSH1-L39,SH = TH,SH key = TH key
2507,2507,2567,猜,猜,,guess,guess,cāi,cāi,to guess,cai1,0.01%,1598,6,1690,1718,RTH2-L39,RTH1-L39,RSH2-L39,RSH1-L39,SH = TH,SH key = TH key
2511,2511,2570,牲,牲,,domestic animal,domestic animal,shēng,shēng,domestic animal,sheng1,0.01%,1582,6,1691,1719,RTH2-L39,RTH1-L39,RSH2-L39,RSH1-L39,SH = TH,SH key = TH key
2517,2517,2591,轄,辖,,administer,administer,xiá,xiá,have jurisdiction over,xia2,0.01%,1643,6,1692,1723,RTH2-L39,RTH1-L39,RSH2-L39,RSH1-L39,SH <> TH,SH key = TH key
2520,2520,1642,潔,洁,,spotless,spotless,jié,jié,clean,jie2,0.01%,1531,6,1693,1539,RTH2-L39,RTH1-L39,RSH2-L14,RSH1-L14,SH <> TH,SH key = TH key
2523,2523,2583,鋒,锋,,cutting edge,cutting edge,fēng,fēng,point or edge of a tool,feng1,0.01%,1671,6,1694,1722,RTH2-L39,RTH1-L39,RSH2-L39,RSH1-L39,SH <> TH,SH key = TH key
2527,2527,2596,奏,奏,,play an instrument,play an instrument,zòu,zòu,present a memorial,zou4,0.01%,1543,6,1695,1724,RTH2-L39,RTH1-L39,RSH2-L39,RSH1-L39,SH = TH,SH key = TH key
2533,2533,2508,艱,艰,,arduous,arduous,jiān,jiān,difficult/hard/hardship,jian1,0.01%,1647,6,1696,1699,RTH2-L39,RTH1-L39,RSH2-L37,RSH1-L37,SH <> TH,SH key = TH key
1195,1195,1259,漂,漂,v.,drift,drift,piào,piǎo|piào|piāo,"to float/to drift, to bleach, elegant/polished",piao1/piao3/piao4,0.01%,1568,6,1697,1725,RTH1-L40,RTH1-L40,RSH1-L40,RSH1-L40,SH = TH,SH key = TH key
2539,2539,2608,琴,琴,,stringed instrument,stringed instrument,qín,qín,(mus. instr.),qin2,0.01%,1701,6,1698,1726,RTH2-L40,RTH1-L40,RSH2-L40,RSH1-L40,SH = TH,SH key = TH key
2542,2542,1618,遷,迁,,resituate,resituate,qiān,qiān,to move/to shift,qian1,0.01%,1630,6,1699,1533,RTH2-L40,RTH1-L40,RSH2-L13,RSH1-L13,SH <> TH,SH key = TH key
2544,2544,2617,飄,飘,v.,flutter,flutter,piāo,piāo,to float,piao1,0.01%,1527,6,1700,1728,RTH2-L40,RTH1-L40,RSH2-L40,RSH1-L40,SH <> TH,SH key = TH key
1203,1203,1264,閒,闲,,leisure,leisure,xián,xián,to stay idle/to be unoccupied/not busy/leisure/enclosure,xian2,0.01%,1529,6,1701,1729,RTH1-L41,RTH1-L41,RSH1-L41,RSH1-L41,SH <> TH,SH key = TH key
1216,1216,1273,侯,侯,,marquis,marquis,hóu,hóu,marquis,hou2,0.01%,1756,6,1702,1730,RTH1-L41,RTH1-L41,RSH1-L41,RSH1-L41,SH = TH,SH key = TH key
1221,1221,1229,韋,韦,,tanned hide,tanned hide,wéi,wéi,(surname)/soft leather,wei2,0.01%,1667,6,1703,1715,RTH1-L41,RTH1-L41,RSH1-L39,RSH1-L39,SH <> TH,SH key = TH key
18,18,19,吾,吾,,I (literary),I (literary),wú,wú,I/my,wu2,0.01%,1649,6,1704,1731,RTH1-L02,RTH1-L02,RSH1-L02,RSH1-L02,SH = TH,SH key = TH key
2546,2546,2619,闊,阔,,broad,broad,kuò,kuò,rich/wide/broad,kuo4,0.01%,1675,6,1705,1732,RTH2-L41,RTH1-L41,RSH2-L41,RSH1-L41,SH <> TH,SH key = TH key
2549,2549,2621,閣,阁,,cabinet,cabinet,gé,gé,council-chamber/shelf,ge2,0.01%,1682,6,1706,1733,RTH2-L41,RTH1-L41,RSH2-L41,RSH1-L41,SH <> TH,SH key = TH key
2558,2558,2455,蒼,苍,,ash-colored,ash-colored,cāng,cāng,dark blue/fly/musca/deep green,cang1,0.01%,1728,6,1707,1689,RTH2-L41,RTH1-L41,RSH2-L36,RSH1-L36,SH <> TH,SH key = TH key
2575,2575,2638,肝,肝,,liver,liver,gān,gān,liver,gan1,0.00%,1760,6,1708,1734,RTH2-L42,RTH1-L42,RSH2-L42,RSH1-L42,SH = TH,SH key = TH key
2581,2581,2649,敘,叙,v.,recount,recount,xù,xù,narrate/abbreviation for Syria,xu4,0.01%,1607,6,1709,1736,RTH2-L42,RTH1-L42,RSH2-L42,RSH1-L42,SH <> TH,SH key = TH key
2582,2582,2648,塗,涂,v.,smear,smear,tú,tū|tú,"to smear/daub, (surname)/to smear/daub/to apply (paint)/to spread",tu2,0.01%,1735,6,1710,1735,RTH2-L42,RTH1-L42,RSH2-L42,RSH1-L42,SH <> TH,SH key = TH key
2583,2583,2651,斜,斜,,slanting,slanting,xié,xié,slanting,xie2,0.00%,1786,6,1711,1737,RTH2-L42,RTH1-L42,RSH2-L42,RSH1-L42,SH = TH,SH key = TH key
2589,2589,2609,煉,炼,,refine,refine,liàn,liàn,"refine/smelt, refine",lian4,0.00%,1763,6,1712,1727,RTH2-L42,RTH1-L42,RSH2-L40,RSH1-L40,SH <> TH,SH key = TH key
2591,2591,1505,腫,肿,,swollen,swollen,zhǒng,zhǒng,swollen,zhong3,0.00%,1792,6,1713,1503,RTH2-L42,RTH1-L42,RSH2-L03,RSH1-L03,SH <> TH,SH key = TH key
2592,2592,2657,董,董,,director,director,dǒng,dǒng,(surname)/supervise/to direct/director,dong3,0.01%,1629,6,1714,1738,RTH2-L42,RTH1-L42,RSH2-L42,RSH1-L42,SH = TH,SH key = TH key
1249,1249,1296,瘋,疯,,insane,insane,fēng,fēng,insane/mad/wild,feng1,0.01%,1549,6,1715,1739,RTH1-L43,RTH1-L43,RSH1-L43,RSH1-L43,SH <> TH,SH key = TH key
2596,2596,2661,疼,疼,v.,hurt,hurt,téng,téng,(it) hurts/love fondly/ache/pain/sore,teng2,0.01%,1710,6,1716,1740,RTH2-L43,RTH1-L43,RSH2-L43,RSH1-L43,SH = TH,SH key = TH key
2598,2598,2664,疫,疫,,epidemic,epidemic,yì,yì,epidemic/plague,yi4,0.00%,1791,6,1717,1741,RTH2-L43,RTH1-L43,RSH2-L43,RSH1-L43,SH = TH,SH key = TH key
2599,2599,2665,癌,癌,,cancer,cancer,ái,ái,"cancer, cancer (old pronuniation)/carcinoma",ai2/yan2,0.00%,1799,6,1718,1742,RTH2-L43,RTH1-L43,RSH2-L43,RSH1-L43,SH = TH,SH key = TH key
2600,2600,2666,疲,疲,,fatigued,fatigued,pí,pí,weary,pi2,0.00%,1778,6,1719,1743,RTH2-L43,RTH1-L43,RSH2-L43,RSH1-L43,SH = TH,SH key = TH key
2628,2628,2691,抑,抑,v.,curb,curb,yì,yì,to restrain/to restrict/to keep down/or,yi4,0.01%,1748,6,1720,1744,RTH2-L43,RTH1-L43,RSH2-L43,RSH1-L43,SH = TH,SH key = TH key
1268,1268,1311,慘,惨,,wretched,wretched,cǎn,cǎn,miserable/wretched/cruel/inhuman/seriously/badly/tragic,can3,0.01%,1530,6,1721,1746,RTH1-L44,RTH1-L44,RSH1-L44,RSH1-L44,SH <> TH,SH key = TH key
1273,1273,1316,顏,颜,n.,countenance,countenance,yán,yán,(surname)/color/countenance,yan2,0.01%,1545,6,1722,1747,RTH1-L44,RTH1-L44,RSH1-L44,RSH1-L44,SH <> TH,SH key = TH key
2651,2651,2714,紋,纹,n.,design,design,wén,wén,line/trace/mark,wen2,0.00%,1768,6,1723,1748,RTH2-L44,RTH1-L44,RSH2-L44,RSH1-L44,SH <> TH,SH key = TH key
2659,2659,2726,肥,肥,,plump,plump,féi,féi,loose-fitting/fat/fertile,fei2,0.01%,1620,6,1724,1751,RTH2-L44,RTH1-L44,RSH2-L44,RSH1-L44,SH = TH,SH key = TH key
1296,1296,612,撫,抚,v.,comfort,comfort,fǔ,fǔ,to comfort/touch gently with hand,fu3,0.01%,1720,6,1725,1582,RTH1-L45,RTH1-L45,RSH1-L22,RSH1-L22,SH <> TH,SH key = TH key
2665,2665,2732,媒,媒,,matchmaker,matchmaker,méi,méi,medium/intermediary/matchmaker/go-between,mei2,0.01%,1506,6,1726,1752,RTH2-L45,RTH1-L45,RSH2-L45,RSH1-L45,SH = TH,SH key = TH key
2666,2666,2733,煤,煤,,coal,coal,méi,méi,coal,mei2,0.01%,1740,6,1727,1753,RTH2-L45,RTH1-L45,RSH2-L45,RSH1-L45,SH = TH,SH key = TH key
2669,2669,2736,欺,欺,v.,dupe,dupe,qī,qī,take unfair advantage of/to deceive/to cheat,qi1,0.01%,1699,6,1728,1754,RTH2-L45,RTH1-L45,RSH2-L45,RSH1-L45,SH = TH,SH key = TH key
2675,2675,2742,遣,遣,v.,dispatch,dispatch,qiǎn,qiǎn,dispatch,qian3,0.00%,1780,6,1729,1755,RTH2-L45,RTH1-L45,RSH2-L45,RSH1-L45,SH = TH,SH key = TH key
2688,2688,2104,叢,丛,,thicket,thicket,cóng,cóng,cluster/collection/collection of books/thicket,cong2,0.01%,1678,6,1730,1627,RTH2-L46,RTH1-L46,RSH2-L26,RSH1-L26,SH <> TH,SH key = TH key
2690,2690,1831,撲,扑,,pounce on,pounce on,pū,pū,"to rush at/to throw oneself on, rush on",pu1,0.01%,1509,6,1731,1585,RTH2-L46,RTH1-L46,RSH2-L22,RSH1-L22,SH <> TH,SH key = TH key
2696,2696,2767,恭,恭,,respectful,respectful,gōng,gōng,respectful,gong1,0.01%,1742,6,1732,1759,RTH2-L46,RTH1-L46,RSH2-L46,RSH1-L46,SH = TH,SH key = TH key
2701,2701,2771,殿,殿,,ceremonial hall,ceremonial hall,diàn,diàn,palace hall,dian4,0.01%,1555,6,1733,1760,RTH2-L46,RTH1-L46,RSH2-L46,RSH1-L46,SH = TH,SH key = TH key
1322,1322,1367,扁,扁,adj.,flat,flat,biǎn,biǎn|piān,"flat/tablet/inscription, (surname)/small boat, Polygonum aviculare",bian3/pian1,0.01%,1737,6,1734,1761,RTH1-L47,RTH1-L47,RSH1-L47,RSH1-L47,SH = TH,SH key = TH key
2711,2711,1924,溝,沟,n.,ditch,ditch,gōu,gōu,ditch/gutter,gou1,0.01%,1610,6,1735,1595,RTH2-L47,RTH1-L47,RSH2-L22,RSH1-L22,SH <> TH,SH key = TH key
2714,2714,2782,冊,册,,Vol.,Vol.,cè,cè,book/a measure word for books/booklet,ce4,0.01%,1525,6,1736,1762,RTH2-L47,RTH1-L47,RSH2-L47,RSH1-L47,SH <> TH,SH key = TH key
1330,1330,1373,昏,昏,,dusk,dusk,hūn,hūn,muddle-headed/twilight/to faint/to lose consciousness,hun1,0.01%,1561,6,1737,1763,RTH1-L48,RTH1-L48,RSH1-L48,RSH1-L48,SH = TH,SH key = TH key
2725,2725,2794,鋪,铺,n.,shop,shop,pù,pū|pù,"to spread, a store, a bed/a store",pu1/pu4,0.01%,1613,6,1738,1764,RTH2-L48,RTH1-L48,RSH2-L48,RSH1-L48,SH <> TH,SH key = TH key
2743,2743,2807,郵,邮,v.,post,post,yóu,yóu,post (office)/mail,you2,0.01%,1652,6,1739,1766,RTH2-L48,RTH1-L48,RSH2-L48,RSH1-L48,SH <> TH,SH key = TH key
2744,2744,2804,鄧,邓,,Deng,Deng,dèng,Dèng,Deng (Xiaoping),deng4,0.01%,1614,6,1740,1765,RTH2-L48,RTH1-L48,RSH2-L48,RSH1-L48,SH <> TH,SH key = TH key
1354,1354,1398,搬,搬,,relocate,relocate,bān,bān,remove/transport/move/shift,ban1,0.00%,1766,6,1741,1768,RTH1-L49,RTH1-L49,RSH1-L49,RSH1-L49,SH = TH,SH key = TH key
2752,2752,2575,壽,寿,,longevity,longevity,shòu,shòu,(long) life,shou4,0.01%,1615,6,1742,1720,RTH2-L49,RTH1-L49,RSH2-L39,RSH1-L39,SH <> TH,SH key = TH key
2756,2756,2580,籌,筹,,make arrangements,make arrangements,chóu,chóu,a tally/counter/ticket/plan/devise/manage,chou2,0.01%,1677,6,1743,1721,RTH2-L49,RTH1-L49,RSH2-L39,RSH1-L39,SH <> TH,SH key = TH key
1366,1366,1408,鞋,鞋,,shoes,shoes,xié,xié,shoe,xie2,0.01%,1638,6,1744,1769,RTH1-L50,RTH1-L50,RSH1-L50,RSH1-L50,SH = TH,SH key = TH key
1386,1386,797,偽,伪,,bogus,bogus,wěi,wěi,false/fake/forged/bogus,wei3,0.01%,1556,6,1745,1616,RTH1-L51,RTH1-L51,RSH1-L26,RSH1-L26,SH <> TH,SH key = TH key
2786,2786,2845,邪,邪,,wicked,wicked,xié,xié|yé,demonical/iniquitous/nefarious,xie2,0.01%,1539,6,1746,1770,RTH2-L51,RTH1-L51,RSH2-L51,RSH1-L51,SH = TH,SH key = TH key
2788,2788,2032,澳,澳,,deep inlet,deep inlet,ào,ào,Australia/deep bay/cove/bay/harbor/(abbrev) Macao,ao4,0.01%,1627,6,1747,1614,RTH2-L51,RTH1-L51,RSH2-L25,RSH1-L25,SH = TH,SH key = TH key
2796,2796,2849,耗,耗,,consume,consume,hào,hào,mouse/new/to waste/to spend/to consume/to squander,hao4,0.01%,1730,6,1748,1771,RTH2-L51,RTH1-L51,RSH2-L51,RSH1-L51,SH = TH,SH key = TH key
2798,2798,2851,籍,籍,,records,records,jí,jí,(surname)/record/register/native place,ji2,0.01%,1579,6,1749,1772,RTH2-L51,RTH1-L51,RSH2-L51,RSH1-L51,SH = TH,SH key = TH key
2804,2804,2856,帳,帐,,tent,tent,zhàng,zhàng,account/mosquito net/tent/curtain/debt/credit,zhang4,0.01%,1603,6,1750,1773,RTH2-L51,RTH1-L51,RSH2-L51,RSH1-L51,SH <> TH,SH key = TH key
1402,1402,292,邁,迈,v.,stride,stride,mài,mài,take a step,mai4,0.01%,1698,6,1751,1530,RTH1-L52,RTH1-L52,RSH1-L13,RSH1-L13,SH <> TH,SH key = TH key
1407,1407,1445,遙,遥,adj.,remote,remote,yáo,yáo,distant/remote/far/far away,yao2,0.01%,1715,6,1752,1774,RTH1-L52,RTH1-L52,RSH1-L52,RSH1-L52,SH <> TH,SH key = TH key
2809,2809,2864,鳴,鸣,v.,twitter,twitter,míng,míng,to cry (of birds),ming2,0.01%,1680,6,1753,1776,RTH2-L52,RTH1-L52,RSH2-L52,RSH1-L52,SH <> TH,SH key = TH key
2826,2826,2539,鋼,钢,,steel,steel,gāng,gāng|gàng,steel,gang1,0.01%,1609,6,1754,1705,RTH2-L52,RTH1-L52,RSH2-L38,RSH1-L38,SH <> TH,SH key = TH key
2827,2827,2540,崗,岗,,hillock,hillock,gǎng,gāng|gǎng|gàng,mound/policeman's beat,gang3,0.00%,1795,6,1755,1706,RTH2-L52,RTH1-L52,RSH2-L38,RSH1-L38,SH <> TH,SH key = TH key
2839,2839,2883,陶,陶,,pottery,pottery,táo,táo,"pottery, (surname)/pleased/pottery",tao2,0.01%,1601,6,1756,1777,RTH2-L52,RTH1-L52,RSH2-L52,RSH1-L52,SH = TH,SH key = TH key
1429,1429,161,塵,尘,n.,dust,dust,chén,chén,dust/dirt/earth,chen2,0.01%,1718,6,1757,1513,RTH1-L53,RTH1-L53,RSH1-L08,RSH1-L08,SH <> TH,SH key = TH key
1431,1431,1463,熊,熊,n.,bear,bear,xióng,xióng,bear/to scold/to rebuke,xiong2,0.01%,1741,6,1758,1778,RTH1-L53,RTH1-L53,RSH1-L53,RSH1-L53,SH = TH,SH key = TH key
2847,2847,2904,騰,腾,,take flight,take flight,téng,téng|tēng,to soar/to gallop/to rise/to prance/to hover/to move out,teng2,0.01%,1635,6,1759,1781,RTH2-L53,RTH1-L53,RSH2-L53,RSH1-L53,SH <> TH,SH key = TH key
2856,2856,2900,駛,驶,v.,maneuver,maneuver,shǐ,shǐ,hasten/proceed to/sail a vessel,shi3,0.01%,1520,6,1760,1779,RTH2-L53,RTH1-L53,RSH2-L53,RSH1-L53,SH <> TH,SH key = TH key
2858,2858,2902,駕,驾,v.,drive,drive,jià,jià,to drive/to draw/to harness/to mount,jia4,0.01%,1567,6,1761,1780,RTH2-L53,RTH1-L53,RSH2-L53,RSH1-L53,SH <> TH,SH key = TH key
2862,2862,2908,驅,驱,,drive away,drive away,qū,qū,to expel/to urge on/to drive/to run quickly,qu1,0.01%,1511,6,1762,1782,RTH2-L53,RTH1-L53,RSH2-L53,RSH1-L53,SH <> TH,SH key = TH key
2863,2863,2910,騙,骗,v.,cheat,cheat,piàn,piàn,to cheat/to swindle/to deceive/to fool,pian4,0.01%,1503,6,1763,1783,RTH2-L53,RTH1-L53,RSH2-L53,RSH1-L53,SH <> TH,SH key = TH key
2865,2865,2280,遞,递,,hand over,hand over,dì,dì,to hand over/to pass/to give,di4,0.01%,1538,6,1764,1660,RTH2-L53,RTH1-L53,RSH2-L32,RSH1-L32,SH <> TH,SH key = TH key
2868,2868,1977,膚,肤,n.,skin,skin,fū,fū,skin,fu1,0.00%,1790,6,1765,1604,RTH2-L53,RTH1-L53,RSH2-L24,RSH1-L24,SH <> TH,SH key = TH key
2869,2869,2134,盧,卢,,Louvre,Louvre,lú,lú,(surname),lu2,0.01%,1711,6,1766,1635,RTH2-L53,RTH1-L53,RSH2-L28,RSH1-L28,SH <> TH,SH key = TH key
2873,2873,2286,虧,亏,,loss,loss,kuī,kuī,deficiency/deficit,kui1,0.01%,1738,6,1767,1662,RTH2-L53,RTH1-L53,RSH2-L32,RSH1-L32,SH <> TH,SH key = TH key
2878,2878,2329,跨,跨,v.,straddle,straddle,kuà,kuà,step across/step astride,kua4,0.00%,1774,6,1768,1673,RTH2-L53,RTH1-L53,RSH2-L33,RSH1-L33,SH = TH,SH key = TH key
2888,2888,2439,憐,怜,v.,pity,pity,lián,lián,to pity,lian2,0.01%,1599,6,1769,1686,RTH2-L53,RTH1-L53,RSH2-L36,RSH1-L36,SH <> TH,SH key = TH key
2889,2889,2811,鄰,邻,,neighbor,neighbor,lín,lín,neighbor/adjacent/close to,lin2,0.01%,1659,6,1770,1767,RTH2-L53,RTH1-L53,RSH2-L48,RSH1-L48,SH <> TH,SH key = TH key
1439,1439,409,濃,浓,,concentrated,concentrated,nóng,nóng,concentrated/dense,nong2,0.01%,1585,6,1771,1550,RTH1-L54,RTH1-L54,RSH1-L18,RSH1-L18,SH <> TH,SH key = TH key
1451,1451,1479,倆,俩,,duo,duo,liǎ,liǎ|liǎng,"(a numeral-measure word) two/both, craft/cunning",lia3/liang3,0.01%,1574,6,1772,1784,RTH1-L55,RTH1-L55,RSH1-L55,RSH1-L55,SH <> TH,SH key = TH key
1454,1454,1017,彌,弥,v.,fill,fill,mí,mí,"full/to fill, overflowing",mi2,0.00%,1785,6,1773,1659,RTH1-L55,RTH1-L55,RSH1-L32,RSH1-L32,SH <> TH,SH key = TH key
1467,1467,1179,惱,恼,n.,annoyed,annoyed,nǎo,nǎo,get mad,nao3,0.01%,1704,6,1774,1704,RTH1-L55,RTH1-L55,RSH1-L38,RSH1-L38,SH <> TH,SH key = TH key
1483,1483,534,爛,烂,,spoiled,spoiled,làn,làn|lān,overcooked/rotten/soft,lan4,0.01%,1754,6,1775,1565,RTH1-L55,RTH1-L55,RSH1-L20,RSH1-L20,SH <> TH,SH key = TH key
1495,1495,1490,赤,赤,,crimson,crimson,chì,chì,red/scarlet/bare/naked,chi4,0.01%,1660,6,1776,1786,RTH1-L55,RTH1-L55,RSH1-L55,RSH1-L55,SH = TH,SH key = TH key
1499,1499,1499,曰,曰,,sayeth,sayeth,yuē,yuē,to speak/to say,yue1,0.01%,1656,6,1777,1788,RTH1-L55,RTH1-L55,RSH1-L55,RSH1-L55,SH = TH,SH key = TH key
2917,2917,2960,鼠,鼠,,mouse,mouse,shǔ,shǔ,rat/mouse,shu3,0.01%,1693,6,1778,1790,RTH2-L55,RTH1-L55,RSH2-L55,RSH1-L55,SH = TH,SH key = TH key
2921,2921,2243,獵,猎,v.,hunt,hunt,liè,liè,hunting,lie4,0.01%,1687,6,1779,1655,RTH2-L55,RTH1-L55,RSH2-L31,RSH1-L31,SH <> TH,SH key = TH key
2925,2925,2966,搜,搜,v.,search,search,sōu,sōu,to search,sou1,0.01%,1564,6,1780,1791,RTH2-L55,RTH1-L55,RSH2-L55,RSH1-L55,SH = TH,SH key = TH key
2939,2939,2857,譽,誉,,reputation,reputation,yù,yù,reputation,yu4,0.01%,1676,6,1781,1775,RTH2-L55,RTH1-L55,RSH2-L52,RSH1-L52,SH <> TH,SH key = TH key
2943,2943,1794,惠,惠,n.,favor,favor,huì,huì,favor/kind act (from above),hui4,0.01%,1524,6,1782,1574,RTH2-L55,RTH1-L55,RSH2-L21,RSH1-L21,SH = TH,SH key = TH key
2948,2948,1974,聰,聪,,smart,smart,cōng,cōng,quick at hearing/wise/clever/sharp-witted/intelligent/acute,cong1,0.01%,1669,6,1783,1603,RTH2-L55,RTH1-L55,RSH2-L24,RSH1-L24,SH <> TH,SH key = TH key
2960,2960,2328,蹤,踪,,tracks,tracks,zōng,zōng,footprint/trace/tracks,zong1,0.01%,1532,6,1784,1672,RTH2-L55,RTH1-L55,RSH2-L33,RSH1-L33,SH <> TH,SH key = TH key
2962,2962,2717,劑,剂,n.,pharmaceutical,pharmaceutical,jì,jì,dose,ji4,0.01%,1546,6,1785,1749,RTH2-L55,RTH1-L55,RSH2-L44,RSH1-L44,SH <> TH,SH key = TH key
2964,2964,2718,擠,挤,v.,squeeze,squeeze,jǐ,jǐ,crowded/to squeeze,ji3,0.01%,1661,6,1786,1750,RTH2-L55,RTH1-L55,RSH2-L44,RSH1-L44,SH <> TH,SH key = TH key
2967,2967,2948,紐,纽,,New York,New York,niǔ,niǔ,to turn/to wrench/button,niu3,0.00%,1767,6,1787,1789,RTH2-L55,RTH1-L55,RSH2-L55,RSH1-L55,SH <> TH,SH key = TH key
3002,3002,3001,曹,曹,,Cao,Cao,cáo,cáo,a company/a class/a generation/(a surname),cao2,0.01%,1570,6,1788,1792,RTH2-Postscript 1,RTH1-Postscript 1,RSH2-Postscript 1,RSH1-Postscript 1,SH = TH,SH key = TH key
3006,3006,2501,沈,沈,,Shen,Shen,Shěn,shěn|Shěn,"sink, (surname)/place name",chen2/shen3,0.01%,1681,6,1789,1697,RTH2-Postscript 1,RTH1-Postscript 1,RSH2-L37,RSH1-L37,SH = TH,SH key = TH key
3016,3016,3006,彭,彭,,Peng,Peng,péng,Péng,(surname),peng2,0.01%,1501,6,1790,1793,RTH2-Postscript 1,RTH1-Postscript 1,RSH2-Postscript 1,RSH1-Postscript 1,SH = TH,SH key = TH key
3018,3018,3007,馮,冯,,Feng,Feng,Féng,Féng|píng,,feng2,0.01%,1719,6,1791,1794,RTH2-Postscript 1,RTH1-Postscript 1,RSH2-Postscript 1,RSH1-Postscript 1,SH <> TH,SH key = TH key
3019,3019,3008,魏,魏,,Wei,Wei,wèi,Wèi,(surname)/name of a dynasty,wei4,0.01%,1648,6,1792,1795,RTH2-Postscript 1,RTH1-Postscript 1,RSH2-Postscript 1,RSH1-Postscript 1,SH = TH,SH key = TH key
3026,3026,3014,穆,穆,,reverent,reverent,mù,mù,(surname)/solemn,mu4,0.01%,1683,6,1793,1796,RTH2-Postscript 1,RTH1-Postscript 1,RSH2-Postscript 1,RSH1-Postscript 1,SH = TH,SH key = TH key
3027,3027,3015,娜,娜,,na,na,nuó,nuó,elegant/graceful,nuo2/na4,0.01%,1584,6,1794,1797,RTH2-Postscript 1,RTH1-Postscript 1,RSH2-Postscript 1,RSH1-Postscript 1,SH = TH,SH key = TH key
2987,2987,2983,鳳,凤,,male phoenix,male phoenix,fèng,fèng,phoenix,feng4,0.01%,1504,6,1795,1499,RTH2-Compounds,,RSH2-Compounds,,SH <> TH,SH key = TH key
2991,2991,2985,玻,玻,,glass (front side),glass (front side),bō,bō,glass,bo1,0.00%,1769,6,1796,1500,RTH2-Compounds,,RSH2-Compounds,,SH = TH,SH key = TH key
28,28,29,胃,胃,,stomach,stomach,wèi,wèi,stomach,wei4,0.00%,1957,7,1797,1800,RTH1-L02,RTH1-L02,RSH1-L02,RSH1-L02,SH = TH,SH key = TH key
38,38,40,舌,舌,,tongue,tongue,shé,shé,tongue,she2,0.00%,1958,7,1798,1801,RTH1-L03,RTH1-L03,RSH1-L03,RSH1-L03,SH = TH,SH key = TH key
42,42,43,卜,卜,,divination,divination,bǔ,bǔ|bo,"turnip, to divine/foretell",bo/bu3,0.00%,1979,7,1799,1802,RTH1-L03,RTH1-L03,RSH1-L03,RSH1-L03,SH = TH,SH key = TH key
47,47,48,卓,卓,,eminent,eminent,zhuó,zhuó,(surname)/outstanding,zhuo2,0.00%,1942,7,1800,1803,RTH1-L03,RTH1-L03,RSH1-L03,RSH1-L03,SH = TH,SH key = TH key
1504,1504,1506,串,串,,string together,string together,chuàn,chuàn,to string together/to mix up/to conspire/to connect/(a measure word)/string,chuan4,0.00%,1832,7,1801,1804,RTH2-L03,RTH1-L03,RSH2-L03,RSH1-L03,SH = TH,SH key = TH key
1505,1505,1508,罩,罩,v.,overspread,overspread,zhào,zhào,cover/fish trap (basket)/shade,zhao4,0.00%,1978,7,1802,1805,RTH2-L03,RTH1-L03,RSH2-L03,RSH1-L03,SH = TH,SH key = TH key
58,58,61,頑,顽,,stubborn,stubborn,wán,wán,mischievous/obstinate/to play/stupid/stubborn/naughty,wan2,0.00%,2024,7,1803,1806,RTH1-L04,RTH1-L04,RSH1-L04,RSH1-L04,SH <> TH,SH key = TH key
60,60,63,肌,肌,,muscle,muscle,jī,jī,flesh/muscle,ji1,0.00%,1935,7,1804,1807,RTH1-L04,RTH1-L04,RSH1-L04,RSH1-L04,SH = TH,SH key = TH key
1510,1510,1516,盯,盯,,stare at,stare at,dīng,dīng,stare/gaze,ding1,0.00%,1906,7,1805,1808,RTH2-L05,RTH1-L05,RSH2-L05,RSH1-L05,SH = TH,SH key = TH key
1511,1511,1517,呵,呵,v.,rebuke,rebuke,hē,hē,"(phonetic particle), expel breath/my goodness",a1/he1,0.00%,1861,7,1806,1809,RTH2-L05,RTH1-L05,RSH2-L05,RSH1-L05,SH = TH,SH key = TH key
91,91,95,乙,乙,adj.,second,second,yǐ,yǐ,"B (in a sequence of examples involving ""A"", ""B"", ""C"", etc.)/2nd heavenly stem/2nd in order",yi3,0.00%,1872,7,1807,1810,RTH1-L06,RTH1-L06,RSH1-L06,RSH1-L06,SH = TH,SH key = TH key
1512,1512,2640,姦,奸,,adultery,adultery,jiān,jiān,"traitor, adultery",jian1,0.00%,1992,7,1808,2025,RTH2-L06,RTH1-L06,RSH2-L42,RSH1-L42,SH <> TH,SH key = TH key
105,105,111,吵,吵,,noisy,noisy,chǎo,chǎo|chāo,to quarrel/to make a noise/noisy/to disturb by making a noise,chao3,0.00%,2040,7,1809,1811,RTH1-L07,RTH1-L07,RSH1-L07,RSH1-L07,SH = TH,SH key = TH key
108,108,115,夕,夕,,evening,evening,xī,xī,"evening, dusk",xi1/xi4,0.00%,2003,7,1810,1812,RTH1-L07,RTH1-L07,RSH1-L07,RSH1-L07,SH = TH,SH key = TH key
117,117,128,肖,肖,,resemble,resemble,xiào,xiào|Xiāo,similar/resembling/to resemble/to be like,xiao4/xiao1,0.00%,2019,7,1811,1813,RTH1-L07,RTH1-L07,RSH1-L07,RSH1-L07,SH = TH,SH key = TH key
150,150,162,填,填,,fill in,fill in,tián,tián,to fill in,tian2,0.00%,1970,7,1812,1814,RTH1-L08,RTH1-L08,RSH1-L08,RSH1-L08,SH = TH,SH key = TH key
153,153,166,寸,寸,,Chinese inch,Chinese inch,cùn,cùn,a unit of length/inch/thumb,cun4,0.00%,1904,7,1813,1815,RTH1-L08,RTH1-L08,RSH1-L08,RSH1-L08,SH = TH,SH key = TH key
155,155,169,寺,寺,,Buddhist temple,Buddhist temple,sì,sì,Buddhist temple,si4,0.00%,1892,7,1814,1816,RTH1-L08,RTH1-L08,RSH1-L08,RSH1-L08,SH = TH,SH key = TH key
1521,1521,1532,泊,泊,v.,moor,moor,bó,pō|bó,to anchor/touch at/to moor,bo2,0.00%,2043,7,1815,1818,RTH2-L08,RTH1-L08,RSH2-L08,RSH1-L08,SH = TH,SH key = TH key
1527,1527,1542,娃,娃,n.,newborn,newborn,wá,wá,baby/doll,wa2,0.00%,1833,7,1816,1819,RTH2-L08,RTH1-L08,RSH2-L08,RSH1-L08,SH = TH,SH key = TH key
1534,1534,1549,哩,哩,,mile,mile,lǐ,li|lǐ|lī,"(onomat.), mile, (part. for continued state)",li1/li3/li,0.00%,1949,7,1817,1820,RTH2-L09,RTH1-L09,RSH2-L09,RSH1-L09,SH = TH,SH key = TH key
220,220,234,墓,墓,,grave,grave,mù,mù,tomb,mu4,0.00%,1816,7,1818,1821,RTH1-L10,RTH1-L10,RSH1-L10,RSH1-L10,SH = TH,SH key = TH key
221,221,235,苗,苗,,seedling,seedling,miáo,miáo,(surname)/Miao tribe/sprout,miao2,0.00%,1920,7,1819,1822,RTH1-L10,RTH1-L10,RSH1-L10,RSH1-L10,SH = TH,SH key = TH key
1547,1547,1573,桂,桂,,cassia-bark tree,cassia-bark tree,guì,guì,Cinnamonum cassia,gui4,0.00%,1930,7,1820,1824,RTH2-L10,RTH1-L10,RSH2-L10,RSH1-L10,SH = TH,SH key = TH key
1563,1563,1584,膜,膜,,membrane,membrane,mó,mó,(n) membrane; film,mo2,0.00%,1945,7,1821,1825,RTH2-L10,RTH1-L10,RSH2-L10,RSH1-L10,SH = TH,SH key = TH key
224,224,238,桃,桃,,peach,peach,táo,táo,peach,tao2,0.00%,1839,7,1822,1826,RTH1-L11,RTH1-L11,RSH1-L11,RSH1-L11,SH = TH,SH key = TH key
238,238,255,浩,浩,,vast,vast,hào,hào,grand/vast (water),hao4,0.00%,1864,7,1823,1827,RTH1-L11,RTH1-L11,RSH1-L11,RSH1-L11,SH = TH,SH key = TH key
266,266,285,銘,铭,,inscription,inscription,míng,míng,inscribed motto,ming2,0.00%,2061,7,1824,1829,RTH1-L12,RTH1-L12,RSH1-L12,RSH1-L12,SH <> TH,SH key = TH key
1575,1575,1600,啥,啥,,wha?,wha?,shá,shá|shà,(dialect) what,sha2,0.00%,2082,7,1825,1830,RTH2-L12,RTH1-L12,RSH2-L12,RSH1-L12,SH = TH,SH key = TH key
1579,1579,1605,汪,汪,,tearful,tearful,wāng,wāng,(surname)/expanse of water/ooze,wang1,0.00%,1876,7,1826,1831,RTH2-L12,RTH1-L12,RSH2-L12,RSH1-L12,SH = TH,SH key = TH key
276,276,302,蓮,莲,,lotus,lotus,lián,lián,lotus,lian2,0.00%,1837,7,1827,1832,RTH1-L13,RTH1-L13,RSH1-L13,RSH1-L13,SH <> TH,SH key = TH key
1597,1597,1623,軌,轨,,rails,rails,guǐ,guǐ,course/path/track/rail,gui3,0.00%,1883,7,1828,1834,RTH2-L13,RTH1-L13,RSH2-L13,RSH1-L13,SH <> TH,SH key = TH key
299,299,328,亭,亭,,pavilion,pavilion,tíng,tíng,pavilion,ting2,0.00%,2002,7,1829,1836,RTH1-L14,RTH1-L14,RSH1-L14,RSH1-L14,SH = TH,SH key = TH key
1605,1605,1633,渾,浑,,muddled,muddled,hún,hún,muddy,hun2,0.00%,1991,7,1830,1837,RTH2-L14,RTH1-L14,RSH2-L14,RSH1-L14,SH <> TH,SH key = TH key
1608,1608,1639,哼,哼,v.,hum,hum,hēng,hēng|hng,"hum, (interj. of contempt)",heng1/hng,0.00%,1966,7,1831,1838,RTH2-L14,RTH1-L14,RSH2-L14,RSH1-L14,SH = TH,SH key = TH key
1615,1615,1643,枚,枚,,small objects,small objects,méi,méi,M for small objects,mei2,0.00%,1884,7,1832,1840,RTH2-L15,RTH1-L15,RSH2-L15,RSH1-L15,SH = TH,SH key = TH key
337,337,365,賊,贼,,burglar,burglar,zéi,zéi,thief,zei2,0.00%,2001,7,1833,1841,RTH1-L16,RTH1-L16,RSH1-L16,RSH1-L16,SH <> TH,SH key = TH key
1631,1631,1531,洩,泄,v.,discharge,discharge,xiè,xiè|yì,divulge/leak out,xie4,0.00%,2010,7,1834,1817,RTH2-L16,RTH1-L16,RSH2-L08,RSH1-L08,SH <> TH,SH key = TH key
372,372,397,誕,诞,,nativity,nativity,dàn,dàn,birth/birthday/brag/boast/to increase,dan4,0.00%,1997,7,1835,1842,RTH1-L17,RTH1-L17,RSH1-L17,RSH1-L17,SH <> TH,SH key = TH key
1640,1640,1670,址,址,n.,address,address,zhǐ,zhǐ,location/site,zhi3,0.00%,1848,7,1836,1843,RTH2-L17,RTH1-L17,RSH2-L17,RSH1-L17,SH = TH,SH key = TH key
1643,1643,1671,赴,赴,,go to,go to,fù,fù,"go towards/go to/attend (a banquet, etc.)/to go",fu4,0.00%,1843,7,1837,1844,RTH2-L17,RTH1-L17,RSH2-L17,RSH1-L17,SH = TH,SH key = TH key
386,386,418,棉,棉,,cotton,cotton,mián,mián,cotton,mian2,0.00%,1967,7,1838,1846,RTH1-L18,RTH1-L18,RSH1-L18,RSH1-L18,SH = TH,SH key = TH key
389,389,420,肺,肺,,lungs,lungs,fèi,fèi,lung,fei4,0.00%,2044,7,1839,1847,RTH1-L18,RTH1-L18,RSH1-L18,RSH1-L18,SH = TH,SH key = TH key
439,439,474,欠,欠,v.,lack,lack,qiàn,qiàn,deficient/owe/to lack/yawn,qian4,0.00%,1948,7,1840,1849,RTH1-L18,RTH1-L18,RSH1-L18,RSH1-L18,SH = TH,SH key = TH key
445,445,480,姿,姿,n.,looks,looks,zī,zī,beauty/disposition/looks/appearance,zi1,0.00%,1899,7,1841,1850,RTH1-L18,RTH1-L18,RSH1-L18,RSH1-L18,SH = TH,SH key = TH key
1655,1655,1681,吊,吊,,dangle,dangle,diào,diào,"to hang a person, condole with/hang",diao4,0.00%,2050,7,1842,1851,RTH2-L18,RTH1-L18,RSH2-L18,RSH1-L18,SH = TH,SH key = TH key
1660,1660,1687,錦,锦,,brocade,brocade,jǐn,jǐn,brocade/embroidered work/bright,jin3,0.00%,1947,7,1843,1852,RTH2-L18,RTH1-L18,RSH2-L18,RSH1-L18,SH <> TH,SH key = TH key
1668,1668,1696,妖,妖,,bewitching,bewitching,yāo,yāo,goblin/witch/devil/bewitching/enchanting/monster/phantom,yao1,0.00%,1869,7,1844,1854,RTH2-L18,RTH1-L18,RSH2-L18,RSH1-L18,SH = TH,SH key = TH key
1669,1669,1697,沃,沃,,fertile,fertile,wò,wò,fertile/rich,wo4,0.00%,1808,7,1845,1855,RTH2-L18,RTH1-L18,RSH2-L18,RSH1-L18,SH = TH,SH key = TH key
1674,1674,452,滴,滴,v.,drip,drip,dī,dī,a drop/to drip,di1,0.00%,1896,7,1846,1848,RTH2-L18,RTH1-L18,RSH1-L18,RSH1-L18,SH = TH,SH key = TH key
1682,1682,1711,柴,柴,,firewood,firewood,chái,chái,(surname)/firewood,chai2,0.00%,1981,7,1847,1856,RTH2-L18,RTH1-L18,RSH2-L18,RSH1-L18,SH = TH,SH key = TH key
458,458,491,盲,盲,adj.,blind,blind,máng,máng,blind,mang2,0.00%,2079,7,1848,1857,RTH1-L19,RTH1-L19,RSH1-L19,RSH1-L19,SH = TH,SH key = TH key
459,459,492,妄,妄,adj.,absurd,absurd,wàng,wàng,absurd/fantastic,wang4,0.00%,2097,7,1849,1858,RTH1-L19,RTH1-L19,RSH1-L19,RSH1-L19,SH = TH,SH key = TH key
462,462,495,妨,妨,,hinder,hinder,fáng,fáng,hinder/harm,fang2,0.00%,1873,7,1850,1859,RTH1-L19,RTH1-L19,RSH1-L19,RSH1-L19,SH = TH,SH key = TH key
1695,1695,1727,茫,茫,,boundless,boundless,máng,máng,vague/vast,mang2,0.00%,1951,7,1851,1861,RTH2-L19,RTH1-L19,RSH2-L19,RSH1-L19,SH = TH,SH key = TH key
1696,1696,1723,贏,赢,v.,win,win,yíng,yíng,to beat/to win/to profit,ying2,0.00%,1836,7,1852,1860,RTH2-L19,RTH1-L19,RSH2-L19,RSH1-L19,SH <> TH,SH key = TH key
1705,1705,1733,膀,膀,,upper arm,upper arm,bǎng,bǎng|páng|pāng,"upper arm/wing, to flirt, puffed (swollen), bladder",bang3/bang4/pang1/pang2,0.00%,1941,7,1853,1862,RTH2-L19,RTH1-L19,RSH2-L19,RSH1-L19,SH = TH,SH key = TH key
1706,1706,1736,銳,锐,,sharp,sharp,ruì,ruì,acute,rui4,0.00%,1851,7,1854,1863,RTH2-L19,RTH1-L19,RSH2-L19,RSH1-L19,SH <> TH,SH key = TH key
490,490,521,泡,泡,,bubbles,bubbles,pào,pào|pāo,"puffed/swollen, to steep/soak/bubble(s)/foam",pao1/pao4,0.00%,2000,7,1855,1864,RTH1-L20,RTH1-L20,RSH1-L20,RSH1-L20,SH = TH,SH key = TH key
511,511,544,羽,羽,,feathers,feathers,yǔ,yǔ,feather,yu3,0.00%,1865,7,1856,1865,RTH1-L20,RTH1-L20,RSH1-L20,RSH1-L20,SH = TH,SH key = TH key
1718,1718,1752,遂,遂,,satisfy,satisfy,suì,suí|suì,forthwith,sui4/sui2,0.00%,2017,7,1857,1866,RTH2-L20,RTH1-L20,RSH2-L20,RSH1-L20,SH = TH,SH key = TH key
1724,1724,1753,嫁,嫁,,marry,marry,jià,jià,marry (a husband),jia4,0.00%,2063,7,1858,1867,RTH2-L20,RTH1-L20,RSH2-L20,RSH1-L20,SH = TH,SH key = TH key
1725,1725,1754,腸,肠,,intestines,intestines,cháng,cháng,intestines,chang2,0.00%,1921,7,1859,1868,RTH2-L20,RTH1-L20,RSH2-L20,RSH1-L20,SH <> TH,SH key = TH key
1737,1737,1766,雕,雕,,sculpture,sculpture,diāo,diāo,"engrave, engrave/shrewd, golden eagle",diao1,0.00%,1829,7,1860,1870,RTH2-L20,RTH1-L20,RSH2-L20,RSH1-L20,SH = TH,SH key = TH key
1746,1746,1776,翰,翰,,writing brush,writing brush,hàn,hàn,pen,han4,0.00%,1881,7,1861,1871,RTH2-L20,RTH1-L20,RSH2-L20,RSH1-L20,SH = TH,SH key = TH key
525,525,559,褲,裤,,trousers,trousers,kù,kù,drawers/trousers/pants,ku4,0.00%,2090,7,1862,1873,RTH1-L21,RTH1-L21,RSH1-L21,RSH1-L21,SH <> TH,SH key = TH key
1747,1747,1779,咽,咽,,throat,throat,yān,yàn|yān|yè,"narrow pass/throat, to swallow, to choke (in crying)",yan1/yan4/ye4,0.00%,2031,7,1863,1874,RTH2-L21,RTH1-L21,RSH2-L21,RSH1-L21,SH = TH,SH key = TH key
1748,1748,1780,姻,姻,,in-law,in-law,yīn,yīn,marriage connections,yin1,0.00%,2007,7,1864,1875,RTH2-L21,RTH1-L21,RSH2-L21,RSH1-L21,SH = TH,SH key = TH key
1749,1749,2171,廟,庙,adj.,temple,temple,miào,miào,temple/monastery,miao4,0.00%,1889,7,1865,1943,RTH2-L21,RTH1-L21,RSH2-L29,RSH1-L29,SH <> TH,SH key = TH key
1765,1765,1819,慕,慕,,admire,admire,mù,mù,admire,mu4,0.00%,1990,7,1866,1881,RTH2-L21,RTH1-L21,RSH2-L21,RSH1-L21,SH = TH,SH key = TH key
1768,1768,1810,愉,愉,,overjoyed,overjoyed,yú,yú,pleased,yu2,0.00%,1982,7,1867,1877,RTH2-L21,RTH1-L21,RSH2-L21,RSH1-L21,SH = TH,SH key = TH key
1773,1773,1820,添,添,,augment,augment,tiān,tiān,to add/to increase/to replenish,tian1,0.00%,1859,7,1868,1882,RTH2-L21,RTH1-L21,RSH2-L21,RSH1-L21,SH = TH,SH key = TH key
1774,1774,1818,悔,悔,,be sorry about,be sorry about,huǐ,huǐ,regret,hui3,0.00%,1853,7,1869,1880,RTH2-L21,RTH1-L21,RSH2-L21,RSH1-L21,SH = TH,SH key = TH key
1776,1776,1815,悅,悦,,delighted,delighted,yuè,yuè,pleased,yue4,0.00%,1995,7,1870,1878,RTH2-L21,RTH1-L21,RSH2-L21,RSH1-L21,SH <> TH,SH key = TH key
1778,1778,1795,忌,忌,,shun,shun,jì,jì,avoid as taboo/jealous,ji4,0.00%,1922,7,1871,1876,RTH2-L21,RTH1-L21,RSH2-L21,RSH1-L21,SH = TH,SH key = TH key
1779,1779,1817,惟,惟,,thinking,thinking,wéi,wéi,_ism/only,wei2,0.00%,1856,7,1872,1879,RTH2-L21,RTH1-L21,RSH2-L21,RSH1-L21,SH = TH,SH key = TH key
1789,1789,1825,蜜,蜜,,honey,honey,mì,mì,honey,mi4,0.00%,2014,7,1873,1883,RTH2-L21,RTH1-L21,RSH2-L21,RSH1-L21,SH = TH,SH key = TH key
1801,1801,1832,拘,拘,,detain,detain,jū,jū,adhere/capture/restrain,ju1,0.00%,2098,7,1874,1884,RTH2-L22,RTH1-L22,RSH2-L22,RSH1-L22,SH = TH,SH key = TH key
1806,1806,1844,抹,抹,,smear on,smear on,mǒ,mǒ|mā|mò,"play/to smear, girdle/brassiere/to plaster",mo3/mo4,0.00%,2087,7,1875,1885,RTH2-L22,RTH1-L22,RSH2-L22,RSH1-L22,SH = TH,SH key = TH key
1811,1811,1851,拾,拾,,tidy up,tidy up,shí,shí|shè,pick up/ten (fraud-proof),shi2,0.00%,1961,7,1876,1886,RTH2-L22,RTH1-L22,RSH2-L22,RSH1-L22,SH = TH,SH key = TH key
1812,1812,1852,搭,搭,,put up,put up,dā,dā|dá,"build (scaffolding)/take (boat, train)/hang/join/match/take passage",da1,0.00%,1842,7,1877,1887,RTH2-L22,RTH1-L22,RSH2-L22,RSH1-L22,SH = TH,SH key = TH key
1813,1813,1853,掠,掠,v.,pillage,pillage,lüè,lüè|lüě,plunder,lue4/lue3,0.00%,1868,7,1878,1888,RTH2-L22,RTH1-L22,RSH2-L22,RSH1-L22,SH = TH,SH key = TH key
1816,1816,1856,扯,扯,v.,yank,yank,chě,chě,pull/tear/to talk casually,che3,0.00%,2084,7,1879,1889,RTH2-L22,RTH1-L22,RSH2-L22,RSH1-L22,SH = TH,SH key = TH key
1821,1821,1858,摘,摘,,handpick,handpick,zhāi,zhāi,"to borrow/to pick (flowers, fruit)/to pluck/to take/to select",zhai1,0.00%,2026,7,1880,1890,RTH2-L22,RTH1-L22,RSH2-L22,RSH1-L22,SH = TH,SH key = TH key
1826,1826,1693,壇,坛,,altar,altar,tán,tán,altar,tan2,0.00%,1806,7,1881,1853,RTH2-L22,RTH1-L22,RSH2-L18,RSH1-L18,SH <> TH,SH key = TH key
1827,1827,1867,顫,颤,,tremble,tremble,chàn,chàn|zhàn,to tremble/to shiver/to shake/to vibrate,zhan4/chan4,0.00%,1900,7,1882,1891,RTH2-L22,RTH1-L22,RSH2-L22,RSH1-L22,SH <> TH,SH key = TH key
1837,1837,1877,孕,孕,,pregnant,pregnant,yùn,yùn,pregnant,yun4,0.00%,2094,7,1883,1892,RTH2-L22,RTH1-L22,RSH2-L22,RSH1-L22,SH = TH,SH key = TH key
1838,1838,1878,扔,扔,,throw away,throw away,rēng,rēng,throw,reng1,0.00%,1905,7,1884,1893,RTH2-L22,RTH1-L22,RSH2-L22,RSH1-L22,SH = TH,SH key = TH key
1845,1845,2882,灌,灌,,pour into,pour into,guàn,guàn,irrigate/pour,guan4,0.00%,2077,7,1885,2063,RTH2-L22,RTH1-L22,RSH2-L52,RSH1-L52,SH = TH,SH key = TH key
1847,1847,1889,毅,毅,,resolute,resolute,yì,yì,perseverance,yi4,0.00%,1946,7,1886,1896,RTH2-L22,RTH1-L22,RSH2-L22,RSH1-L22,SH = TH,SH key = TH key
1850,1850,1892,歧,歧,,fork in the road,fork in the road,qí,qí,divergent/side road,qi2,0.00%,2071,7,1887,1897,RTH2-L22,RTH1-L22,RSH2-L22,RSH1-L22,SH = TH,SH key = TH key
1851,1851,1893,翅,翅,,fins,fins,chì,chì,wing,chi4,0.00%,2066,7,1888,1898,RTH2-L22,RTH1-L22,RSH2-L22,RSH1-L22,SH = TH,SH key = TH key
1859,1859,1901,妥,妥,adj.,appropriate,appropriate,tuǒ,tuǒ,secure/sound,tuo3,0.00%,1840,7,1889,1899,RTH2-L22,RTH1-L22,RSH2-L22,RSH1-L22,SH = TH,SH key = TH key
1862,1862,1923,勾,勾,,cross out,cross out,gōu,gōu|gòu,"to cancel/to delineate/hook, affair/to reach for (with hand)",gou1/gou4,0.00%,2034,7,1890,1902,RTH2-L22,RTH1-L22,RSH2-L22,RSH1-L22,SH = TH,SH key = TH key
1865,1865,1908,胎,胎,,fetus,fetus,tāi,tāi,fetus/litter,tai1,0.00%,1984,7,1891,1900,RTH2-L22,RTH1-L22,RSH2-L22,RSH1-L22,SH = TH,SH key = TH key
1876,1876,1921,疏,疏,,sparse,sparse,shū,shū,negligent/sparse/thin,shu1,0.00%,1897,7,1892,1901,RTH2-L22,RTH1-L22,RSH2-L22,RSH1-L22,SH = TH,SH key = TH key
1886,1886,1944,芬,芬,,essence,essence,fēn,fēn,fragrant,fen1,0.00%,1890,7,1893,1905,RTH2-L23,RTH1-L23,RSH2-L23,RSH1-L23,SH = TH,SH key = TH key
1887,1887,1945,扮,扮,,play the part of,play the part of,bàn,bàn,to disguise oneself/to dress up/adorn,ban4,0.00%,1974,7,1894,1906,RTH2-L23,RTH1-L23,RSH2-L23,RSH1-L23,SH = TH,SH key = TH key
1890,1890,1948,訟,讼,,litigate,litigate,sòng,sòng,litigation,song4,0.00%,1862,7,1895,1907,RTH2-L23,RTH1-L23,RSH2-L23,RSH1-L23,SH <> TH,SH key = TH key
1892,1892,1952,裕,裕,,abundant,abundant,yù,yù,abundant,yu4,0.00%,2023,7,1896,1908,RTH2-L23,RTH1-L23,RSH2-L23,RSH1-L23,SH = TH,SH key = TH key
665,665,716,葬,葬,v.,inter,inter,zàng,zàng,bury (the dead),zang4,0.00%,2060,7,1897,1909,RTH1-L24,RTH1-L24,RSH1-L24,RSH1-L24,SH = TH,SH key = TH key
685,685,1014,賢,贤,,worthy,worthy,xián,xián,worthy (person),xian2,0.00%,1943,7,1898,1961,RTH1-L24,RTH1-L24,RSH1-L32,RSH1-L32,SH <> TH,SH key = TH key
1898,1898,2206,擋,挡,,fend off,fend off,dǎng,dǎng|dàng,"hinder/resist/obstruct/hinder/cover/keep off/a cover/to block/to get in the way of, arrange/put in order",dang3/dang4,0.00%,1933,7,1899,1950,RTH2-L24,RTH1-L24,RSH2-L30,RSH1-L30,SH <> TH,SH key = TH key
1902,1902,1961,披,披,,drape over the shoulders,drape over the shoulders,pī,pī,scatter/separate/to open/to unroll/to spread out,pi1,0.00%,2032,7,1900,1910,RTH2-L24,RTH1-L24,RSH2-L24,RSH1-L24,SH = TH,SH key = TH key
1904,1904,2197,皺,皱,,wrinkles,wrinkles,zhòu,zhòu,to wrinkle/wrinkled/to crease,zhou4,0.00%,1954,7,1901,1949,RTH2-L24,RTH1-L24,RSH2-L30,RSH1-L30,SH <> TH,SH key = TH key
1923,1923,1984,劣,劣,,inferior,inferior,liè,liè,inferior,lie4,0.00%,1902,7,1902,1913,RTH2-L24,RTH1-L24,RSH2-L24,RSH1-L24,SH = TH,SH key = TH key
1926,1926,1987,劫,劫,v.,plunder,plunder,jié,jié,plunder,jie2,0.00%,1825,7,1903,1914,RTH2-L24,RTH1-L24,RSH2-L24,RSH1-L24,SH = TH,SH key = TH key
1934,1934,1994,懲,惩,,chasten,chasten,chéng,chéng,punish/discipline,cheng2,0.00%,1821,7,1904,1915,RTH2-L24,RTH1-L24,RSH2-L24,RSH1-L24,SH <> TH,SH key = TH key
1943,1943,2005,秒,秒,,seconds,seconds,miǎo,miǎo,(a measure word)/second,miao3,0.00%,2028,7,1905,1916,RTH2-L25,RTH1-L25,RSH2-L25,RSH1-L25,SH = TH,SH key = TH key
1962,1962,1641,殼,壳,n.,shell,shell,ké,ké|qiào,"shell, shell",ke2/qiao4,0.00%,1937,7,1906,1839,RTH2-L25,RTH1-L25,RSH2-L14,RSH1-L14,SH <> TH,SH key = TH key
1985,1985,2050,筒,筒,,tube,tube,tǒng,tǒng,tube/cylinder,tong3,0.00%,2088,7,1907,1917,RTH2-L25,RTH1-L25,RSH2-L25,RSH1-L25,SH = TH,SH key = TH key
792,792,852,渴,渴,,thirsty,thirsty,kě,kě,thirsty,ke3,0.00%,1972,7,1908,1918,RTH1-L26,RTH1-L26,RSH1-L26,RSH1-L26,SH = TH,SH key = TH key
1997,1997,2062,俱,俱,adv.,altogether,altogether,jù,jù,"entirely/without exception, a social club",ju1/ju4,0.00%,1909,7,1909,1920,RTH2-L26,RTH1-L26,RSH2-L26,RSH1-L26,SH = TH,SH key = TH key
2000,2000,2064,佐,佐,,assistant,assistant,zuǒ,zuǒ,assist,zuo3,0.00%,2081,7,1910,1921,RTH2-L26,RTH1-L26,RSH2-L26,RSH1-L26,SH = TH,SH key = TH key
2006,2006,2071,侍,侍,n.,serve,serve,shì,shì,attend on,shi4,0.00%,1871,7,1911,1922,RTH2-L26,RTH1-L26,RSH2-L26,RSH1-L26,SH = TH,SH key = TH key
2012,2012,2079,伐,伐,,fell,fell,fá,fá,(v) cut down; fell/(v) dispatch an expedition against; descend upon,fa2,0.00%,1810,7,1912,1923,RTH2-L26,RTH1-L26,RSH2-L26,RSH1-L26,SH = TH,SH key = TH key
2021,2021,2087,傲,傲,,haughty,haughty,ào,ào,proud/overbearing/insolent/arrogant,ao4,0.00%,1960,7,1913,1924,RTH2-L26,RTH1-L26,RSH2-L26,RSH1-L26,SH = TH,SH key = TH key
2022,2022,2088,僧,僧,,Buddhist monk,Buddhist monk,sēng,sēng,monk,seng1,0.00%,2013,7,1914,1925,RTH2-L26,RTH1-L26,RSH2-L26,RSH1-L26,SH = TH,SH key = TH key
2023,2023,2090,悠,悠,,without haste,without haste,yōu,yōu,at ease/long (in time)/sad,you1,0.00%,2055,7,1915,1926,RTH2-L26,RTH1-L26,RSH2-L26,RSH1-L26,SH = TH,SH key = TH key
2030,2030,1980,臥,卧,,for sleeping,for sleeping,wò,wò,to lie/to crouch,wo4,0.00%,1944,7,1916,1912,RTH2-L26,RTH1-L26,RSH2-L24,RSH1-L24,SH <> TH,SH key = TH key
2035,2035,2094,催,催,v.,prod,prod,cuī,cuī,urge/press/expedite/prompt/hurry,cui1,0.00%,2064,7,1917,1927,RTH2-L26,RTH1-L26,RSH2-L26,RSH1-L26,SH = TH,SH key = TH key
2037,2037,1879,攜,携,,take along,take along,xié,xié,to carry/to take along/to bring along/to hold (hands),xie2,0.00%,1964,7,1918,1894,RTH2-L26,RTH1-L26,RSH2-L22,RSH1-L22,SH <> TH,SH key = TH key
2046,2046,1588,狹,狭,adj.,narrow,narrow,xiá,xiá,narrow/narrow-minded,xia2,0.00%,2018,7,1919,1828,RTH2-L26,RTH1-L26,RSH2-L11,RSH1-L11,SH <> TH,SH key = TH key
2058,2058,2108,葛,葛,,kudzu,kudzu,gé,gé|Gě,"coarse grass linen, (surname)",ge2/ge3,0.00%,1919,7,1920,1928,RTH2-L26,RTH1-L26,RSH2-L26,RSH1-L26,SH = TH,SH key = TH key
2060,2060,2110,竭,竭,,use up,use up,jié,jié,exhaust,jie2,0.00%,1987,7,1921,1929,RTH2-L26,RTH1-L26,RSH2-L26,RSH1-L26,SH = TH,SH key = TH key
2061,2061,2111,歇,歇,,take a rest,take a rest,xiē,xiē,to rest,xie1,0.00%,1828,7,1922,1930,RTH2-L26,RTH1-L26,RSH2-L26,RSH1-L26,SH = TH,SH key = TH key
799,799,864,拼,拼,,piece together,piece together,pīn,pīn,piece together/stake (all)/spell/join together,pin1,0.00%,1820,7,1923,1931,RTH1-L27,RTH1-L27,RSH1-L27,RSH1-L27,SH = TH,SH key = TH key
809,809,1326,喚,唤,v.,call out,call out,huàn,huàn,to call,huan4,0.00%,1835,7,1924,2032,RTH1-L27,RTH1-L27,RSH1-L44,RSH1-L44,SH <> TH,SH key = TH key
819,819,881,賜,赐,v.,grant,grant,cì,cì,confer/bestow/grant,ci4,0.00%,2072,7,1925,1932,RTH1-L28,RTH1-L28,RSH1-L28,RSH1-L28,SH <> TH,SH key = TH key
832,832,898,雇,雇,v.,hire,hire,gù,gù,hire,gu4,0.00%,1817,7,1926,1933,RTH1-L28,RTH1-L28,RSH1-L28,RSH1-L28,SH = TH,SH key = TH key
2075,2075,2129,吻,吻,v.,kiss,kiss,wěn,wěn,kiss/mouth,wen3,0.00%,1973,7,1927,1934,RTH2-L28,RTH1-L28,RSH2-L28,RSH1-L28,SH = TH,SH key = TH key
2077,2077,2132,錫,锡,,tin,tin,xī,xī,tin,xi2/xi1,0.00%,2058,7,1928,1935,RTH2-L28,RTH1-L28,RSH2-L28,RSH1-L28,SH <> TH,SH key = TH key
2080,2080,2137,尿,尿,,urine,urine,niào,niào|suī,urinate/urine,sui1/niao4,0.00%,1877,7,1929,1936,RTH2-L28,RTH1-L28,RSH2-L28,RSH1-L28,SH = TH,SH key = TH key
2081,2081,2140,刷,刷,n./v.,brush,brush,shuā,shuā|shuà,"brush, to select",shua1/shua4,0.00%,1824,7,1930,1937,RTH2-L28,RTH1-L28,RSH2-L28,RSH1-L28,SH = TH,SH key = TH key
2084,2084,2141,漏,漏,v.,leak,leak,lòu,lòu,funnel/to leak/to let out/to divulge,lou4,0.00%,2052,7,1931,1938,RTH2-L28,RTH1-L28,RSH2-L28,RSH1-L28,SH = TH,SH key = TH key
2086,2086,2145,履,履,,footwear,footwear,lǚ,lǚ,shoe/to tread on,lu:3/lv3,0.00%,1802,7,1932,1939,RTH2-L28,RTH1-L28,RSH2-L28,RSH1-L28,SH = TH,SH key = TH key
2088,2088,2148,屏,屏,,folding screen,folding screen,píng,bǐng|píng|bīng,"get rid of/put aside/reject/keep control/hold back, (standing) screen",bing3/ping2,0.00%,1891,7,1933,1940,RTH2-L28,RTH1-L28,RSH2-L28,RSH1-L28,SH = TH,SH key = TH key
2098,2098,2157,扇,扇,n.,fan,fan,shàn,shàn|shān,"to fan, (a measure word for doors, windows, etc.)",shan1/shan4,0.00%,1993,7,1934,1942,RTH2-L28,RTH1-L28,RSH2-L28,RSH1-L28,SH = TH,SH key = TH key
856,856,924,斤,斤,n.,catty,catty,jīn,jīn,catty/weight equal to 0.5 kg,jin1,0.00%,1866,7,1935,1944,RTH1-L30,RTH1-L30,RSH1-L30,RSH1-L30,SH = TH,SH key = TH key
863,863,935,斥,斥,v.,reprimand,reprimand,chì,chì,blame/reprove/reprimand,chi4,0.00%,1857,7,1936,1945,RTH1-L30,RTH1-L30,RSH1-L30,RSH1-L30,SH = TH,SH key = TH key
889,889,964,儒,儒,,Confucian,Confucian,rú,rú,scholar/Confucian,ru2,0.00%,2006,7,1937,1946,RTH1-L30,RTH1-L30,RSH1-L30,RSH1-L30,SH = TH,SH key = TH key
2127,2127,2192,誓,誓,n./v.,vow,vow,shì,shì,oath/vow/to swear/to pledge,shi4,0.00%,2095,7,1938,1947,RTH2-L30,RTH1-L30,RSH2-L30,RSH1-L30,SH = TH,SH key = TH key
2133,2133,2193,拆,拆,,take apart,take apart,chāi,chāi|cā,to tear open/to tear down/to tear apart/to open,chai1,0.00%,2076,7,1939,1948,RTH2-L30,RTH1-L30,RSH2-L30,RSH1-L30,SH = TH,SH key = TH key
2142,2142,2207,剝,剥,,peel off,peel off,bāo,bō|bāo,peel/to skin,bo1/bao1,0.00%,1959,7,1940,1951,RTH2-L30,RTH1-L30,RSH2-L30,RSH1-L30,SH <> TH,SH key = TH key
2146,2146,2217,嫌,嫌,v.,dislike,dislike,xián,xián,to dislike/to suspect,xian2,0.00%,1826,7,1941,1953,RTH2-L30,RTH1-L30,RSH2-L30,RSH1-L30,SH = TH,SH key = TH key
2149,2149,2220,廉,廉,,inexpensive,inexpensive,lián,lián,incorrupt/inexpensive,lian2,0.00%,1818,7,1942,1954,RTH2-L30,RTH1-L30,RSH2-L30,RSH1-L30,SH = TH,SH key = TH key
2152,2152,2222,睜,睁,v.,unshut,unshut,zhēng,zhēng,to open (eye),zheng1,0.00%,1963,7,1943,1955,RTH2-L30,RTH1-L30,RSH2-L30,RSH1-L30,SH <> TH,SH key = TH key
2153,2153,2223,掙,挣,v.,struggle,struggle,zhēng,zhèng|zhēng,"struggle, to earn/to make (money)",zheng1/zheng4,0.00%,1875,7,1944,1956,RTH2-L30,RTH1-L30,RSH2-L30,RSH1-L30,SH <> TH,SH key = TH key
2157,2157,2226,隸,隶,,bondservant,bondservant,lì,lì,attached to/scribe,li4,0.00%,1801,7,1945,1957,RTH2-L30,RTH1-L30,RSH2-L30,RSH1-L30,SH <> TH,SH key = TH key
2162,2162,2233,喘,喘,,wheeze,wheeze,chuǎn,chuǎn,to gasp/to pant/asthma,chuan3,0.00%,1977,7,1946,1958,RTH2-L30,RTH1-L30,RSH2-L30,RSH1-L30,SH = TH,SH key = TH key
2164,2164,2237,糟,糟,,messed up,messed up,zāo,zāo,"dregs/to waste/spoil, to waste/spoil",zao1,0.00%,1918,7,1947,1959,RTH2-L30,RTH1-L30,RSH2-L30,RSH1-L30,SH = TH,SH key = TH key
909,909,984,胖,胖,adj.,fat,fat,pàng,pàng|pán,fat/plump,pang4,0.00%,1893,7,1948,1960,RTH1-L31,RTH1-L31,RSH1-L31,RSH1-L31,SH = TH,SH key = TH key
2197,2197,2214,蕭,萧,,desolate,desolate,xiāo,xiāo,mournful,xiao1,0.00%,1898,7,1949,1952,RTH2-L31,RTH1-L31,RSH2-L30,RSH1-L30,SH <> TH,SH key = TH key
2204,2204,2257,矮,矮,,short of stature,short of stature,ǎi,ǎi,short (not tall),ai3,0.00%,2027,7,1950,1962,RTH2-L32,RTH1-L32,RSH2-L32,RSH1-L32,SH = TH,SH key = TH key
2205,2205,2258,唉,唉,,sigh--ay-ay,sigh--ay-ay,āi,āi|ài,"an interjection/to express realization or agreement (yes, oh, right, etc), alas/oh dear",ai1/ai4,0.00%,2091,7,1951,1963,RTH2-L32,RTH1-L32,RSH2-L32,RSH1-L32,SH = TH,SH key = TH key
2207,2207,2260,挨,挨,,suffer,suffer,ái,āi|ái,"lean to/in order/in sequence, next to/suffer (hunger)/endure/drag out/delay/stall/play for time",ai1/ai2,0.00%,2012,7,1952,1964,RTH2-L32,RTH1-L32,RSH2-L32,RSH1-L32,SH = TH,SH key = TH key
2215,2215,2272,疆,疆,,dividing line,dividing line,jiāng,jiāng,border/boundary,jiang1,0.00%,2036,7,1953,1966,RTH2-L32,RTH1-L32,RSH2-L32,RSH1-L32,SH = TH,SH key = TH key
2226,2226,2614,犧,牺,v.,sacrifice,sacrifice,xī,xī,sacrifice,xi1,0.00%,1814,7,1954,2021,RTH2-L32,RTH1-L32,RSH2-L40,RSH1-L40,SH <> TH,SH key = TH key
963,963,411,帥,帅,,commander,commander,shuài,shuài,handsome/graceful/smart/commander in chief,shuai4,0.00%,1888,7,1955,1845,RTH1-L33,RTH1-L33,RSH1-L18,RSH1-L18,SH <> TH,SH key = TH key
2235,2235,2304,賭,赌,v.,gamble,gamble,dǔ,dǔ,bet/gamble,du3,0.00%,2037,7,1956,1968,RTH2-L33,RTH1-L33,RSH2-L33,RSH1-L33,SH <> TH,SH key = TH key
2247,2247,2312,爹,爹,,dad,dad,diē,diē,dad,die1,0.00%,2004,7,1957,1969,RTH2-L33,RTH1-L33,RSH2-L33,RSH1-L33,SH = TH,SH key = TH key
2255,2255,2317,捉,捉,v.,catch,catch,zhuō,zhuō,to clutch/to grab/to capture,zhuo1,0.00%,1822,7,1958,1970,RTH2-L33,RTH1-L33,RSH2-L33,RSH1-L33,SH = TH,SH key = TH key
2269,2269,1777,耀,耀,v.,show off,show off,yào,yào,brilliant/glorious,yao4,0.00%,1804,7,1959,1872,RTH2-L33,RTH1-L33,RSH2-L20,RSH1-L20,SH = TH,SH key = TH key
2274,2274,2366,鍋,锅,,pot,pot,guō,guō,pot/pan/boiler,guo1,0.00%,2074,7,1960,1977,RTH2-L33,RTH1-L33,RSH2-L34,RSH1-L34,SH <> TH,SH key = TH key
2276,2276,2367,禍,祸,,misfortune,misfortune,huò,huò,disaster,huo4,0.00%,1870,7,1961,1978,RTH2-L33,RTH1-L33,RSH2-L34,RSH1-L34,SH <> TH,SH key = TH key
995,995,1072,穴,穴,,hole,hole,xué,xué,hole/cave,xue2,0.00%,1940,7,1962,1971,RTH1-L34,RTH1-L34,RSH1-L34,RSH1-L34,SH = TH,SH key = TH key
1003,1003,1079,丘,丘,,hill,hill,qiū,qiū,"Confucius/given name/mound, earthenware, earthenware vessel",qiu1,0.00%,1929,7,1963,1972,RTH1-L34,RTH1-L34,RSH1-L34,RSH1-L34,SH = TH,SH key = TH key
2285,2285,2354,挖,挖,v.,dig,dig,wā,wā,to dig/to excavate/to scoop out,wa1,0.00%,1860,7,1964,1974,RTH2-L34,RTH1-L34,RSH2-L34,RSH1-L34,SH = TH,SH key = TH key
2293,2293,2364,窩,窝,n.,hollow,hollow,wō,wō,nest,wo1,0.00%,1962,7,1965,1976,RTH2-L34,RTH1-L34,RSH2-L34,RSH1-L34,SH <> TH,SH key = TH key
2294,2294,2363,腔,腔,,body cavity,body cavity,qiāng,qiāng,cavity of body/tune,qiang1,0.00%,1914,7,1966,1975,RTH2-L34,RTH1-L34,RSH2-L34,RSH1-L34,SH = TH,SH key = TH key
2304,2304,2385,繪,绘,v.,paint,paint,huì,huì,to draw/to paint,hui4,0.00%,1809,7,1967,1980,RTH2-L35,RTH1-L35,RSH2-L35,RSH1-L35,SH <> TH,SH key = TH key
2313,2313,2384,纏,缠,,wind around,wind around,chán,chán,to bother/wind around/wrap round/coil/involve/annoy/tangle,chan2,0.00%,2046,7,1968,1979,RTH2-L35,RTH1-L35,RSH2-L35,RSH1-L35,SH <> TH,SH key = TH key
2330,2330,2400,繳,缴,,shell out,shell out,jiǎo,jiǎo|zhuó,hand in/hand over,jiao3,0.00%,1834,7,1969,1981,RTH2-L35,RTH1-L35,RSH2-L35,RSH1-L35,SH <> TH,SH key = TH key
2331,2331,2401,邀,邀,,request the presence of,request the presence of,yāo,yāo,invite to come,yao1,0.00%,1854,7,1970,1982,RTH2-L35,RTH1-L35,RSH2-L35,RSH1-L35,SH = TH,SH key = TH key
2337,2337,2952,蠻,蛮,,barbaric,barbaric,mán,mán,barbarian/bullying/very/quite/rough/reckless,man2,0.00%,2068,7,1971,2080,RTH2-L35,RTH1-L35,RSH2-L55,RSH1-L55,SH <> TH,SH key = TH key
2347,2347,2413,畜,畜,,livestock,livestock,chù,chù|xù,"livestock/domesticated animal/domestic animal, to raise (animals)",chu4/xu4,0.00%,2030,7,1972,1983,RTH2-L35,RTH1-L35,RSH2-L35,RSH1-L35,SH = TH,SH key = TH key
2348,2348,2414,蓄,蓄,,save up,save up,xù,xù,to store,xu4,0.00%,1985,7,1973,1984,RTH2-L35,RTH1-L35,RSH2-L35,RSH1-L35,SH = TH,SH key = TH key
2352,2352,2416,滋,滋,,nourish,nourish,zī,zī,excite/nourish/this,zi1,0.00%,1931,7,1974,1985,RTH2-L35,RTH1-L35,RSH2-L35,RSH1-L35,SH = TH,SH key = TH key
1047,1047,1110,溜,溜,v.,slide,slide,liū,liū|liù,slip away/to skate,liu1,0.00%,1923,7,1975,1986,RTH1-L36,RTH1-L36,RSH1-L36,RSH1-L36,SH = TH,SH key = TH key
1048,1048,1111,聊,聊,v.,chat,chat,liáo,liáo,to chat/to have a chat/to kill time,liao2,0.00%,1932,7,1976,1987,RTH1-L36,RTH1-L36,RSH1-L36,RSH1-L36,SH = TH,SH key = TH key
1058,1058,1126,脆,脆,,fragile,fragile,cuì,cuì,crisp/brittle/clear and loud voice,cui4,0.00%,1976,7,1977,1989,RTH1-L36,RTH1-L36,RSH1-L36,RSH1-L36,SH = TH,SH key = TH key
2360,2360,2428,卵,卵,,nest eggs,nest eggs,luǎn,luǎn,ovum,luan3,0.00%,2008,7,1978,1990,RTH2-L36,RTH1-L36,RSH2-L36,RSH1-L36,SH = TH,SH key = TH key
2362,2362,2430,乳,乳,,breast,breast,rǔ,rǔ,breast/milk,ru3,0.00%,1831,7,1979,1991,RTH2-L36,RTH1-L36,RSH2-L36,RSH1-L36,SH = TH,SH key = TH key
2364,2364,2432,俘,俘,,captive,captive,fú,fú,prisoner of war,fu2,0.00%,2057,7,1980,1992,RTH2-L36,RTH1-L36,RSH2-L36,RSH1-L36,SH = TH,SH key = TH key
2365,2365,2511,卿,卿,,minister,minister,qīng,qīng,(old) minister/(old) term of endearment between spouses/thou (poet.),qing1,0.00%,2029,7,1981,2004,RTH2-L36,RTH1-L36,RSH2-L37,RSH1-L37,SH = TH,SH key = TH key
2372,2372,2437,玲,玲,,exquisite,exquisite,líng,líng,(used in compounds)/tinkling of gem-pendants,ling2,0.00%,1855,7,1982,1993,RTH2-L36,RTH1-L36,RSH2-L36,RSH1-L36,SH = TH,SH key = TH key
2373,2373,2438,鈴,铃,,small bell,small bell,líng,líng,(small) bell,ling2,0.00%,1969,7,1983,1994,RTH2-L36,RTH1-L36,RSH2-L36,RSH1-L36,SH <> TH,SH key = TH key
2389,2389,2454,碗,碗,,bowl,bowl,wǎn,wǎn,bowl/cup,wan3,0.00%,1939,7,1984,1995,RTH2-L36,RTH1-L36,RSH2-L36,RSH1-L36,SH = TH,SH key = TH key
2393,2393,2461,酬,酬,n./v.,reward,reward,chóu,chóu,entertain/repay/return/reward/compensate,chou2,0.00%,2005,7,1985,1996,RTH2-L37,RTH1-L37,RSH2-L37,RSH1-L37,SH = TH,SH key = TH key
2395,2395,2462,酷,酷,,brutal,brutal,kù,kù,"ruthless/strong (as of wine)/(slang loan from English) cool, great",ku4,0.00%,1867,7,1986,1997,RTH2-L37,RTH1-L37,RSH2-L37,RSH1-L37,SH = TH,SH key = TH key
2415,2415,2483,嘉,嘉,,commend,commend,jiā,jiā,excellent,jia1,0.00%,1845,7,1987,1999,RTH2-L37,RTH1-L37,RSH2-L37,RSH1-L37,SH = TH,SH key = TH key
2422,2422,2489,盒,盒,,small box,small box,hé,hé,small box/case,he2,0.00%,2067,7,1988,2001,RTH2-L37,RTH1-L37,RSH2-L37,RSH1-L37,SH = TH,SH key = TH key
2427,2427,2495,盆,盆,,basin,basin,pén,pén,basin,pen2,0.00%,2035,7,1989,2002,RTH2-L37,RTH1-L37,RSH2-L37,RSH1-L37,SH = TH,SH key = TH key
2437,2437,2265,覽,览,v.,view,view,lǎn,lǎn,look over/to view,lan3,0.00%,1886,7,1990,1965,RTH2-L37,RTH1-L37,RSH2-L32,RSH1-L32,SH <> TH,SH key = TH key
2442,2442,2509,爵,爵,,upper crust,upper crust,jué,jué,nobility/(ancient wine holder with 3 legs and loop handle),jue2,0.00%,1925,7,1991,2003,RTH2-L37,RTH1-L37,RSH2-L37,RSH1-L37,SH = TH,SH key = TH key
2456,2456,2522,飽,饱,,sated,sated,bǎo,bǎo,to eat till full/satisfied,bao3,0.00%,1998,7,1992,2005,RTH2-L37,RTH1-L37,RSH2-L37,RSH1-L37,SH <> TH,SH key = TH key
2460,2460,2526,餓,饿,,hungry,hungry,è,è,to be hungry/hungry,e4,0.00%,1911,7,1993,2006,RTH2-L37,RTH1-L37,RSH2-L37,RSH1-L37,SH <> TH,SH key = TH key
2483,2483,2553,宰,宰,v.,butcher,butcher,zǎi,zǎi,slaughter/butcher/govern/rule/official,zai3,0.00%,2080,7,1994,2009,RTH2-L38,RTH1-L38,RSH2-L38,RSH1-L38,SH = TH,SH key = TH key
2484,2484,2554,辨,辨,,differentiate,differentiate,biàn,biàn,distinguish/recognize,bian4,0.00%,1910,7,1995,2010,RTH2-L38,RTH1-L38,RSH2-L38,RSH1-L38,SH = TH,SH key = TH key
2498,2498,2347,陵,陵,,mausoleum,mausoleum,líng,líng,mound/tomb/hill/mountain,ling2,0.00%,1965,7,1996,1973,RTH2-L38,RTH1-L38,RSH2-L34,RSH1-L34,SH = TH,SH key = TH key
1176,1176,1242,謹,谨,,careful,careful,jǐn,jǐn,cautious,jin3,0.00%,1917,7,1997,2011,RTH1-L39,RTH1-L39,RSH1-L39,RSH1-L39,SH <> TH,SH key = TH key
2506,2506,2566,晴,晴,,sunny,sunny,qíng,qíng,clear/fine (weather),qing2,0.00%,1968,7,1998,2012,RTH2-L39,RTH1-L39,RSH2-L39,RSH1-L39,SH = TH,SH key = TH key
2514,2514,2573,猩,猩,,orangutan,orangutan,xīng,xīng,ape,xing1,0.00%,2016,7,1999,2013,RTH2-L39,RTH1-L39,RSH2-L39,RSH1-L39,SH = TH,SH key = TH key
2518,2518,2581,契,契,n.,contract,contract,qì,qì|qiè,contract,qi4,0.00%,1819,7,2000,2015,RTH2-L39,RTH1-L39,RSH2-L39,RSH1-L39,SH = TH,SH key = TH key
2521,2521,2588,蜂,蜂,,bee,bee,fēng,fēng,bee/wasp,feng1,0.00%,1912,7,2001,2017,RTH2-L39,RTH1-L39,RSH2-L39,RSH1-L39,SH = TH,SH key = TH key
2526,2526,2585,縫,缝,,sew,sew,féng,fèng|féng,"to sew/to stitch, crack/seam",feng2/feng4,0.00%,1852,7,2002,2016,RTH2-L39,RTH1-L39,RSH2-L39,RSH1-L39,SH <> TH,SH key = TH key
2534,2534,1888,灘,滩,n.,beach,beach,tān,tān,beach/shoal,tan1,0.00%,2062,7,2003,1895,RTH2-L39,RTH1-L39,RSH2-L22,RSH1-L22,SH <> TH,SH key = TH key
1197,1197,1260,賈,贾,,merchant,merchant,gǔ,gǔ|Jiǎ,"merchant/to buy, (surname)",gu3/jia3,0.00%,2051,7,2004,2018,RTH1-L40,RTH1-L40,RSH1-L40,RSH1-L40,SH <> TH,SH key = TH key
2537,2537,2606,吟,吟,,recite,recite,yín,yín,moan/to hum,yin2,0.00%,2015,7,2005,2019,RTH2-L40,RTH1-L40,RSH2-L40,RSH1-L40,SH = TH,SH key = TH key
2538,2538,2607,貪,贪,,greedy,greedy,tān,tān,greedy,tan1,0.00%,1874,7,2006,2020,RTH2-L40,RTH1-L40,RSH2-L40,RSH1-L40,SH <> TH,SH key = TH key
2543,2543,2616,覆,覆,,overturn,overturn,fù,fù,to cover/to overflow/to reply to a letter/to overturn/to capsize,fu4,0.00%,1823,7,2007,2022,RTH2-L40,RTH1-L40,RSH2-L40,RSH1-L40,SH = TH,SH key = TH key
1209,1209,1121,倉,仓,,storehouse,storehouse,cāng,cāng,barn/granary/storehouse/cabin/hold (in ship),cang1,0.00%,1882,7,2008,1988,RTH1-L41,RTH1-L41,RSH1-L36,RSH1-L36,SH <> TH,SH key = TH key
2553,2553,2625,悶,闷,,stuffy,stuffy,mēn,mēn|mèn,"smother/stuffy, melancholy",men1/men4,0.00%,1830,7,2009,2023,RTH2-L41,RTH1-L41,RSH2-L41,RSH1-L41,SH <> TH,SH key = TH key
2564,2564,1963,殲,歼,,annihilate,annihilate,jiān,jiān,annihilate,jian1,0.00%,1815,7,2010,1911,RTH2-L41,RTH1-L41,RSH2-L24,RSH1-L24,SH <> TH,SH key = TH key
2567,2567,2636,喉,喉,,gullet,gullet,hóu,hóu,throat/larynx,hou2,0.00%,2096,7,2011,2024,RTH2-L41,RTH1-L41,RSH2-L41,RSH1-L41,SH = TH,SH key = TH key
2578,2578,2642,桿,杆,,shaft,shaft,gǎn,gǎn,"pole, measure for guns, stick/pole",gan1/gan3,0.00%,2011,7,2012,2026,RTH2-L42,RTH1-L42,RSH2-L42,RSH1-L42,SH <> TH,SH key = TH key
2590,2590,1626,鍊,链,n.,chain,chain,liàn,liàn|jiàn,chain/lead or tin ore,lian4,0.00%,2099,7,2013,1835,RTH2-L42,RTH1-L42,RSH2-L13,RSH1-L13,SH <> TH,SH key = TH key
2604,2604,2672,痕,痕,n.,trace,trace,hén,hén,scar/traces,hen2,0.00%,1938,7,2014,2027,RTH2-L43,RTH1-L43,RSH2-L43,RSH1-L43,SH = TH,SH key = TH key
2627,2627,2690,昂,昂,,hold one's head high,hold one's head high,áng,áng,"high/raise (head), high/soaring/raise/lift/expensive/to raise one's head",ang2,0.00%,1952,7,2015,2029,RTH2-L43,RTH1-L43,RSH2-L43,RSH1-L43,SH = TH,SH key = TH key
2631,2631,1620,遼,辽,,far away,far away,liáo,liáo,Liaoning/name of a dynasty,liao2,0.00%,2086,7,2016,1833,RTH2-L43,RTH1-L43,RSH2-L13,RSH1-L13,SH <> TH,SH key = TH key
2634,2634,2693,瞪,瞪,v.,glare,glare,dèng,dèng,stare at,deng4,0.00%,2049,7,2017,2030,RTH2-L43,RTH1-L43,RSH2-L43,RSH1-L43,SH = TH,SH key = TH key
2638,2638,2697,撥,拨,,allocate,allocate,bō,bō,to push aside/to appropriate (money)/to move/to set aside/group/batch/to poke/to stir,bo1,0.00%,1807,7,2018,2031,RTH2-L43,RTH1-L43,RSH2-L43,RSH1-L43,SH <> TH,SH key = TH key
2650,2650,2716,斑,斑,,speck,speck,bān,bān,variegated,ban1,0.00%,2053,7,2019,2033,RTH2-L44,RTH1-L44,RSH2-L44,RSH1-L44,SH = TH,SH key = TH key
2655,2655,2720,函,函,,letter,letter,hán,hán,envelope/case/letter,han2,0.00%,1950,7,2020,2034,RTH2-L44,RTH1-L44,RSH2-L44,RSH1-L44,SH = TH,SH key = TH key
2663,2663,2729,甜,甜,,sugary,sugary,tián,tián,sweet,tian2,0.00%,2020,7,2021,2035,RTH2-L45,RTH1-L45,RSH2-L45,RSH1-L45,SH = TH,SH key = TH key
2668,2668,2735,棋,棋,,chess,chess,qí,qí,chess,qi2,0.00%,2089,7,2022,2036,RTH2-L45,RTH1-L45,RSH2-L45,RSH1-L45,SH = TH,SH key = TH key
2673,2673,2740,堪,堪,,tolerate,tolerate,kān,kān,endure,kan1,0.00%,1811,7,2023,2037,RTH2-L45,RTH1-L45,RSH2-L45,RSH1-L45,SH = TH,SH key = TH key
2677,2677,2744,囊,囊,n.,sack,sack,náng,náng|nāng,sack,nang2,0.00%,2041,7,2024,2038,RTH2-L45,RTH1-L45,RSH2-L45,RSH1-L45,SH = TH,SH key = TH key
2678,2678,2745,潰,溃,v.,burst,burst,kuì,kuì|huì,be dispersed/break down,kui4,0.00%,1916,7,2025,2039,RTH2-L45,RTH1-L45,RSH2-L45,RSH1-L45,SH <> TH,SH key = TH key
2679,2679,2682,櫃,柜,,cupboard,cupboard,guì,guì,"cupboard/cabinet/wardrobe, Salix multinervis",gui4/ju3,0.00%,1994,7,2026,2028,RTH2-L45,RTH1-L45,RSH2-L43,RSH1-L43,SH <> TH,SH key = TH key
2689,2689,1563,樸,朴,adj.,plain,plain,pǔ,pǔ,"Celtis sinensis var. japonica, Pak or Park (Korean surname)/plain and simple",po4/pu3,0.00%,2092,7,2027,1823,RTH2-L46,RTH1-L46,RSH2-L10,RSH1-L10,SH <> TH,SH key = TH key
2691,2691,2059,僕,仆,,servant,servant,pú,pú,"fall prostrate, servant",pu1/pu2,0.00%,1812,7,2028,1919,RTH2-L46,RTH1-L46,RSH2-L26,RSH1-L26,SH <> TH,SH key = TH key
1335,1335,1378,眠,眠,n.,slumber,slumber,mián,mián,sleep,mian2,0.00%,1986,7,2029,2040,RTH1-L48,RTH1-L48,RSH1-L48,RSH1-L48,SH = TH,SH key = TH key
2726,2726,1380,輔,辅,v.,supplement,supplement,fǔ,fǔ,to assist/to complement/auxiliary,fu3,0.00%,2033,7,2030,2041,RTH2-L48,RTH1-L48,RSH1-L48,RSH1-L48,SH <> TH,SH key = TH key
2733,2733,2798,傅,傅,,mentor,mentor,fù,fù,(surname)/tutor,fu4,0.00%,1887,7,2031,2042,RTH2-L48,RTH1-L48,RSH2-L48,RSH1-L48,SH = TH,SH key = TH key
2735,2735,2802,郭,郭,,outer walls,outer walls,guō,guō,(surname)/outer city wall,guo1,0.00%,1813,7,2032,2044,RTH2-L48,RTH1-L48,RSH2-L48,RSH1-L48,SH = TH,SH key = TH key
2746,2746,2812,廊,廊,,hallway,hallway,láng,láng,porch,lang2,0.00%,2075,7,2033,2045,RTH2-L48,RTH1-L48,RSH2-L48,RSH1-L48,SH = TH,SH key = TH key
1355,1355,1399,瓜,瓜,,melon,melon,guā,guā,melon/claw/gourd/squash,gua1,0.00%,1827,7,2034,2046,RTH1-L49,RTH1-L49,RSH1-L49,RSH1-L49,SH = TH,SH key = TH key
2753,2753,2577,濤,涛,,large waves,large waves,tāo,tāo,big wave,tao1,0.00%,2054,7,2035,2014,RTH2-L49,RTH1-L49,RSH2-L39,RSH1-L39,SH <> TH,SH key = TH key
2758,2758,2819,飼,饲,v.,rear,rear,sì,sì,to raise/to rear/to feed,si4,0.00%,1971,7,2036,2047,RTH2-L49,RTH1-L49,RSH2-L49,RSH1-L49,SH <> TH,SH key = TH key
2763,2763,2824,艙,舱,,ship's cabin,ship's cabin,cāng,cāng,cabin/the hold of a ship or airplane,cang1,0.00%,1846,7,2037,2048,RTH2-L49,RTH1-L49,RSH2-L49,RSH1-L49,SH <> TH,SH key = TH key
2770,2770,2832,霞,霞,,red sky,red sky,xiá,xiá,red clouds,xia2,0.00%,2021,7,2038,2049,RTH2-L50,RTH1-L50,RSH2-L50,RSH1-L50,SH = TH,SH key = TH key
2771,2771,2834,氧,氧,,oxygen,oxygen,yǎng,yǎng,oxygen,yang3,0.00%,1863,7,2039,2050,RTH2-L50,RTH1-L50,RSH2-L50,RSH1-L50,SH = TH,SH key = TH key
2772,2772,2835,氛,氛,,atmosphere,atmosphere,fēn,fēn,miasma/vapor,fen1,0.00%,2009,7,2040,2051,RTH2-L50,RTH1-L50,RSH2-L50,RSH1-L50,SH = TH,SH key = TH key
2776,2776,2838,霸,霸,,tyrant,tyrant,bà,bà,feudal chief/rule by force/tyrant/lord/master/hegemon/usurp,ba4,0.00%,1838,7,2041,2052,RTH2-L50,RTH1-L50,RSH2-L50,RSH1-L50,SH = TH,SH key = TH key
1383,1383,1425,宅,宅,n.,dwelling,dwelling,zhái,zhái,residence,zhai2,0.00%,1858,7,2042,2053,RTH1-L51,RTH1-L51,RSH1-L51,RSH1-L51,SH = TH,SH key = TH key
1389,1389,1430,漲,涨,v.,swell,swell,zhàng,zhǎng|zhàng,"to rise (of prices, rivers), to swell/distend",zhang3/zhang4,0.00%,1803,7,2043,2054,RTH1-L51,RTH1-L51,RSH1-L51,RSH1-L51,SH <> TH,SH key = TH key
2797,2797,2850,耕,耕,v.,till,till,gēng,gēng,to plow/to till,geng1,0.00%,1850,7,2044,2055,RTH2-L51,RTH1-L51,RSH2-L51,RSH1-L51,SH = TH,SH key = TH key
2801,2801,2853,畏,畏,,be afraid of,be afraid of,wèi,wèi,to fear,wei4,0.00%,2039,7,2045,2056,RTH2-L51,RTH1-L51,RSH2-L51,RSH1-L51,SH = TH,SH key = TH key
2802,2802,2854,喂,喂,,Hello...,Hello...,wèi,wèi,"(interjection) hello/to feed (someone or some animal)/hey/telephone greeting, to feed",wei4,0.00%,1988,7,2046,2057,RTH2-L51,RTH1-L51,RSH2-L51,RSH1-L51,SH = TH,SH key = TH key
2803,2803,2855,脹,胀,,bloated,bloated,zhàng,zhàng,dropsical/swollen/to swell/to be bloated,zhang4,0.00%,2083,7,2047,2058,RTH2-L51,RTH1-L51,RSH2-L51,RSH1-L51,SH <> TH,SH key = TH key
1397,1397,1440,鷹,鹰,,hawk,hawk,yīng,yīng,eagle/falcon/hawk,ying1,0.00%,1927,7,2048,2059,RTH1-L52,RTH1-L52,RSH1-L52,RSH1-L52,SH <> TH,SH key = TH key
1403,1403,1172,岡,冈,,ridge of a hill,ridge of a hill,gāng,gāng,ridge/mound,gang1,0.00%,2047,7,2049,2007,RTH1-L52,RTH1-L52,RSH1-L38,RSH1-L38,SH <> TH,SH key = TH key
2808,2808,2863,鵬,鹏,,roc,roc,péng,péng,large fabulous bird,peng2,0.00%,1926,7,2050,2060,RTH2-L52,RTH1-L52,RSH2-L52,RSH1-L52,SH <> TH,SH key = TH key
2810,2810,2865,鴻,鸿,,swan,swan,hóng,hóng,eastern bean goose/great/large,hong2,0.00%,1924,7,2051,2061,RTH2-L52,RTH1-L52,RSH2-L52,RSH1-L52,SH <> TH,SH key = TH key
2822,2822,2877,愚,愚,,pea-brained,pea-brained,yú,yú,stupid,yu2,0.00%,1895,7,2052,2062,RTH2-L52,RTH1-L52,RSH2-L52,RSH1-L52,SH = TH,SH key = TH key
2828,2828,2541,綱,纲,,guidelines,guidelines,gāng,gāng,head rope of a fishing net/guiding principle/key link/class (taxonomy)/outline/program,gang1,0.00%,1934,7,2053,2008,RTH2-L52,RTH1-L52,RSH2-L38,RSH1-L38,SH <> TH,SH key = TH key
2829,2829,1939,逆,逆,,go against,go against,nì,nì,contrary/opposite/backwards/to go against/to oppose/to betray/to rebel,ni4,0.00%,1975,7,2054,1903,RTH2-L52,RTH1-L52,RSH2-L23,RSH1-L23,SH = TH,SH key = TH key
2831,2831,1941,塑,塑,n.,plastic,plastic,sù,sù,to model (a figure) in clay,su4,0.00%,2038,7,2055,1904,RTH2-L52,RTH1-L52,RSH2-L23,RSH1-L23,SH = TH,SH key = TH key
2834,2834,2801,鬱,郁,,depressed,depressed,yù,yù,"(surname)/elegant, dense (growth)/melancholy",yu4,0.00%,1915,7,2056,2043,RTH2-L52,RTH1-L52,RSH2-L48,RSH1-L48,SH <> TH,SH key = TH key
2835,2835,2487,鹽,盐,n.,salt,salt,yán,yán,salt,yan2,0.00%,1885,7,2057,2000,RTH2-L52,RTH1-L52,RSH2-L37,RSH1-L37,SH <> TH,SH key = TH key
2844,2844,2889,勉,勉,,strive,strive,miǎn,miǎn,exhort,mian3,0.00%,2078,7,2058,2064,RTH2-L52,RTH1-L52,RSH2-L52,RSH1-L52,SH = TH,SH key = TH key
2846,2846,2892,豫,豫,,pleased,pleased,yù,yù|Yù,beforehand/prepare,yu4,0.00%,1956,7,2059,2065,RTH2-L52,RTH1-L52,RSH2-L52,RSH1-L52,SH = TH,SH key = TH key
1428,1428,1462,鹿,鹿,,deer,deer,lù,lù,deer,lu4,0.00%,2056,7,2060,2066,RTH1-L53,RTH1-L53,RSH1-L53,RSH1-L53,SH = TH,SH key = TH key
2853,2853,2898,馳,驰,v.,gallop,gallop,chí,chí,run fast/speed/spread/gallop,chi2,0.00%,2100,7,2061,2067,RTH2-L53,RTH1-L53,RSH2-L53,RSH1-L53,SH <> TH,SH key = TH key
2860,2860,2909,駁,驳,,refute,refute,bó,bó,"argue/parti-colored/tranship/dispute/contradict/refute, argue/parti-colored/tranship",bo2,0.00%,2022,7,2062,2069,RTH2-L53,RTH1-L53,RSH2-L53,RSH1-L53,SH <> TH,SH key = TH key
2864,2864,2906,驟,骤,v.,trot,trot,zhòu,zhòu,sudden/suddenly,zhou4,0.00%,2045,7,2063,2068,RTH2-L53,RTH1-L53,RSH2-L53,RSH1-L53,SH <> TH,SH key = TH key
2870,2870,2155,爐,炉,,stove,stove,lú,lú,stove,lu2,0.00%,1980,7,2064,1941,RTH2-L53,RTH1-L53,RSH2-L28,RSH1-L28,SH <> TH,SH key = TH key
2876,2876,2288,誇,夸,,brag,brag,kuā,kuā,to boast,kua1,0.00%,1955,7,2065,1967,RTH2-L53,RTH1-L53,RSH2-L32,RSH1-L32,SH <> TH,SH key = TH key
2894,2894,2918,唇,唇,,lips,lips,chún,chún,lip,chun2,0.00%,1880,7,2066,2070,RTH2-L54,RTH1-L54,RSH2-L54,RSH1-L54,SH = TH,SH key = TH key
2895,2895,2919,辱,辱,n./v.,disgrace,disgrace,rǔ,rǔ,disgrace/insult,ru3,0.00%,1907,7,2067,2071,RTH2-L54,RTH1-L54,RSH2-L54,RSH1-L54,SH = TH,SH key = TH key
2908,2908,2934,龐,庞,,huge,huge,páng,páng,(surname)/huge/enormous/tremendous,pang2,0.00%,1849,7,2068,2072,RTH2-L54,RTH1-L54,RSH2-L54,RSH1-L54,SH <> TH,SH key = TH key
2911,2911,2937,籠,笼,n.,cage,cage,lóng,lóng|lǒng,basket/cage,long2,0.00%,1928,7,2069,2073,RTH2-L54,RTH1-L54,RSH2-L54,RSH1-L54,SH <> TH,SH key = TH key
1463,1463,1482,懸,悬,,suspend,suspend,xuán,xuán,hang/suspend,xuan2,0.00%,1879,7,2070,2074,RTH1-L55,RTH1-L55,RSH1-L55,RSH1-L55,SH <> TH,SH key = TH key
1489,1489,1486,丑,丑,,clown,clown,chǒu,chǒu,"2nd Earthly Branch/clown/Chou (surname), shameful/ugly/disgraceful",chou3,0.00%,1901,7,2071,2075,RTH1-L55,RTH1-L55,RSH1-L55,RSH1-L55,SH = TH,SH key = TH key
1490,1490,1487,扭,扭,v.,twist,twist,niǔ,niǔ|niū,to turn/to twist/to grab/to wring,niu3,0.00%,1805,7,2072,2076,RTH1-L55,RTH1-L55,RSH1-L55,RSH1-L55,SH = TH,SH key = TH key
1491,1491,1496,卑,卑,,lowly,lowly,bēi,bēi,low/base/vulgar/inferior/humble,bei1,0.00%,2059,7,2073,2077,RTH1-L55,RTH1-L55,RSH1-L55,RSH1-L55,SH = TH,SH key = TH key
2924,2924,2967,瘦,瘦,,emaciated,emaciated,shòu,shòu,tight/thin/lean,shou4,0.00%,1841,7,2074,2081,RTH2-L55,RTH1-L55,RSH2-L55,RSH1-L55,SH = TH,SH key = TH key
2941,2941,2974,傻,傻,,thick-headed,thick-headed,shǎ,shǎ,foolish,sha3,0.00%,1989,7,2075,2082,RTH2-L55,RTH1-L55,RSH2-L55,RSH1-L55,SH = TH,SH key = TH key
2959,2959,1762,攔,拦,,impede,impede,lán,lán,cut off/hinder,lan2,0.00%,1996,7,2076,1869,RTH2-L55,RTH1-L55,RSH2-L20,RSH1-L20,SH <> TH,SH key = TH key
2966,2966,2947,羞,羞,,shy,shy,xiū,xiū,shy/ashamed/shame/bashful,xiu1,0.00%,2048,7,2077,2079,RTH2-L55,RTH1-L55,RSH2-L55,RSH1-L55,SH = TH,SH key = TH key
2977,2977,2943,繩,绳,n.,rope,rope,shéng,shéng,rope,sheng2,0.00%,1983,7,2078,2078,RTH2-L55,RTH1-L55,RSH2-L55,RSH1-L55,SH <> TH,SH key = TH key
3004,3004,3002,潘,潘,,Pan,Pan,pān,Pān,(surname),pan1,0.00%,2070,7,2079,2083,RTH2-Postscript 1,RTH1-Postscript 1,RSH2-Postscript 1,RSH1-Postscript 1,SH = TH,SH key = TH key
3014,3014,3005,薛,薛,,Xue,Xue,xuē,Xuē,(surname)/wormwood,xue1,0.00%,1953,7,2080,2084,RTH2-Postscript 1,RTH1-Postscript 1,RSH2-Postscript 1,RSH1-Postscript 1,SH = TH,SH key = TH key
3020,3020,3009,岳,岳,,Yue,Yue,yuè,yuè,"(surname)/mountain/wife's father, mountain",yue4,0.00%,1844,7,2081,2085,RTH2-Postscript 1,RTH1-Postscript 1,RSH2-Postscript 1,RSH1-Postscript 1,SH = TH,SH key = TH key
3022,3022,3010,莉,莉,,jasmine,jasmine,lì,lì,jasmine,li4,0.00%,1878,7,2082,2086,RTH2-Postscript 1,RTH1-Postscript 1,RSH2-Postscript 1,RSH1-Postscript 1,SH = TH,SH key = TH key
2992,2992,2986,璃,璃,,glass (back side),glass (back side),lí,lí,colored glaze/glass,li2,0.00%,1894,7,2083,1798,RTH2-Compounds,,RSH2-Compounds,,SH = TH,SH key = TH key
2998,2998,2998,咐,咐,,-struct,-struct,fù,fù,to order,fu4,0.00%,2093,7,2084,1799,RTH2-Compounds,,RSH2-Compounds,,SH = TH,SH key = TH key
49,49,50,嘲,嘲,v.,ridicule,ridicule,cháo,cháo|zhāo,"ridicule/mock, to ridicule",chao2/zhao1,0.00%,2325,8,2085,2093,RTH1-L03,RTH1-L03,RSH1-L03,RSH1-L03,SH = TH,SH key = TH key
53,53,54,貞,贞,,chaste,chaste,zhēn,zhēn,chaste,zhen1,0.00%,2366,8,2086,2094,RTH1-L04,RTH1-L04,RSH1-L04,RSH1-L04,SH <> TH,SH key = TH key
64,64,68,旬,旬,,decameron,decameron,xún,xún,ten days/ten years,xun2,0.00%,2332,8,2087,2095,RTH1-L04,RTH1-L04,RSH1-L04,RSH1-L04,SH = TH,SH key = TH key
83,83,87,昭,昭,,evident,evident,zhāo,zhāo,illustrious/manifest,zhao1,0.00%,2190,8,2088,2096,RTH1-L05,RTH1-L05,RSH1-L05,RSH1-L05,SH = TH,SH key = TH key
1507,1507,1512,顛,颠,,invert,invert,diān,diān,inverted/jolt/top,dian1,0.00%,2134,8,2089,2097,RTH2-L05,RTH1-L05,RSH2-L05,RSH1-L05,SH <> TH,SH key = TH key
1509,1509,1515,刮,刮,v.,scrape,scrape,guā,guā|kā,"to scrape/to blow, blow (of the wind)",gua1,0.00%,2350,8,2090,2099,RTH2-L05,RTH1-L05,RSH2-L05,RSH1-L05,SH = TH,SH key = TH key
94,94,99,吼,吼,v.,roar,roar,hǒu,hǒu,roar (of a lion),hou3,0.00%,2151,8,2091,2100,RTH1-L06,RTH1-L06,RSH1-L06,RSH1-L06,SH = TH,SH key = TH key
1513,1513,1519,嬰,婴,,baby,baby,yīng,yīng,infant/baby,ying1,0.00%,2115,8,2092,2101,RTH2-L06,RTH1-L06,RSH2-L06,RSH1-L06,SH <> TH,SH key = TH key
1517,1517,1526,碩,硕,,big,big,shuò,shuò,large/big,shuo4,0.00%,2304,8,2093,2102,RTH2-L07,RTH1-L07,RSH2-L07,RSH1-L07,SH <> TH,SH key = TH key
1519,1519,1528,哨,哨,n.,whistle,whistle,shào,shào,a whistle/sentry,shao4,0.00%,2383,8,2094,2103,RTH2-L07,RTH1-L07,RSH2-L07,RSH1-L07,SH = TH,SH key = TH key
1525,1525,1537,腺,腺,,gland,gland,xiàn,xiàn,gland,xian4,0.00%,2257,8,2095,2104,RTH2-L08,RTH1-L08,RSH2-L08,RSH1-L08,SH = TH,SH key = TH key
187,187,198,宴,宴,,banquet,banquet,yàn,yàn,feast/repose,yan4,0.00%,2155,8,2096,2105,RTH1-L09,RTH1-L09,RSH1-L09,RSH1-L09,SH = TH,SH key = TH key
1541,1541,1559,寡,寡,,widowed,widowed,guǎ,guǎ,few/widowed,gua3,0.00%,2268,8,2097,2107,RTH2-L09,RTH1-L09,RSH2-L09,RSH1-L09,SH = TH,SH key = TH key
197,197,210,枯,枯,,withered,withered,kū,kū,dried up,ku1,0.00%,2188,8,2098,2108,RTH1-L10,RTH1-L10,RSH1-L10,RSH1-L10,SH = TH,SH key = TH key
1554,1554,1574,淋,淋,,drench,drench,lín,lín|līn|lìn,diseases of the bladder/to drain/to drip,lin4/lin2,0.00%,2168,8,2099,2109,RTH2-L10,RTH1-L10,RSH2-L10,RSH1-L10,SH = TH,SH key = TH key
1556,1556,1577,昧,昧,adj./v.,obscure,obscure,mèi,mèi,conceal/dark,mei4,0.00%,2376,8,2100,2110,RTH2-L10,RTH1-L10,RSH2-L10,RSH1-L10,SH = TH,SH key = TH key
223,223,237,兆,兆,,portent,portent,zhào,zhào,"omen/million/million million, trillion",zhao4,0.00%,2246,8,2101,2111,RTH1-L11,RTH1-L11,RSH1-L11,RSH1-L11,SH = TH,SH key = TH key
231,231,250,臭,臭,adj.,stinking,stinking,chòu,chòu|xiù,"stench/stink/smelly/to smell (bad), sense of smell/smell bad",chou4/xiu4,0.00%,2105,8,2102,2112,RTH1-L11,RTH1-L11,RSH1-L11,RSH1-L11,SH = TH,SH key = TH key
1567,1567,1592,咒,咒,v.,curse,curse,zhòu,zhòu,put a curse on,zhou4,0.00%,2286,8,2103,2113,RTH2-L11,RTH1-L11,RSH2-L11,RSH1-L11,SH = TH,SH key = TH key
255,255,273,煌,煌,,resplendent,resplendent,huáng,huáng,brilliant,huang2,0.00%,2276,8,2104,2114,RTH1-L12,RTH1-L12,RSH1-L12,RSH1-L12,SH = TH,SH key = TH key
263,263,282,釣,钓,,go fishin',go fishin',diào,diào,to fish with a hook and bait,diao4,0.00%,2305,8,2105,2115,RTH1-L12,RTH1-L12,RSH1-L12,RSH1-L12,SH <> TH,SH key = TH key
265,265,284,釘,钉,n.,nail,nail,dīng,dīng|dìng,nail,ding1/ding4,0.00%,2267,8,2106,2116,RTH1-L12,RTH1-L12,RSH1-L12,RSH1-L12,SH <> TH,SH key = TH key
1577,1577,1602,旺,旺,,thriving,thriving,wàng,wàng,prosperous/flourishing/to prosper/to flourish,wang4,0.00%,2198,8,2107,2118,RTH2-L12,RTH1-L12,RSH2-L12,RSH1-L12,SH = TH,SH key = TH key
1578,1578,1603,碧,碧,,green jade,green jade,bì,bì,green jade/bluish green/blue/jade,bi4,0.00%,2165,8,2108,2119,RTH2-L12,RTH1-L12,RSH2-L12,RSH1-L12,SH = TH,SH key = TH key
1587,1587,1925,鉤,钩,n./v.,hook,hook,gōu,gōu,entice/hook,gou1,0.00%,2254,8,2109,2168,RTH2-L12,RTH1-L12,RSH2-L22,RSH1-L22,SH <> TH,SH key = TH key
278,278,304,剪,剪,,shears,shears,jiǎn,jiǎn,cut with scissors/scissors,jian3,0.00%,2227,8,2110,2120,RTH1-L13,RTH1-L13,RSH1-L13,RSH1-L13,SH = TH,SH key = TH key
1601,1601,1628,喻,喻,,figure of speech,figure of speech,yù,yù,allegory,yu4,0.00%,2273,8,2111,2121,RTH2-L13,RTH1-L13,RSH2-L13,RSH1-L13,SH = TH,SH key = TH key
295,295,323,坑,坑,n.,pit,pit,kēng,kēng,pit/to defraud,keng1,0.00%,2242,8,2112,2123,RTH1-L14,RTH1-L14,RSH1-L14,RSH1-L14,SH = TH,SH key = TH key
1604,1604,1634,暈,晕,,dizzy,dizzy,yūn,yūn|yùn,"confused/dizzy/giddy/faint/swoon/lose consciousness/pass out, dizzy/ring around moon or sun",yun1/yun4,0.00%,2215,8,2113,2125,RTH2-L14,RTH1-L14,RSH2-L14,RSH1-L14,SH <> TH,SH key = TH key
1607,1607,1638,亨,亨,,go smoothly,go smoothly,hēng,hēng,prosperous,heng1,0.00%,2146,8,2114,2126,RTH2-L14,RTH1-L14,RSH2-L14,RSH1-L14,SH = TH,SH key = TH key
1614,1614,1550,釐,厘,,smidgen,smidgen,lí,xǐ|lí,one thousandth,li2,0.00%,2262,8,2115,2106,RTH2-L15,RTH1-L15,RSH2-L09,RSH1-L09,SH <> TH,SH key = TH key
1617,1617,1645,玫,玫,,rose,rose,méi,méi,rose,mei2,0.00%,2303,8,2116,2127,RTH2-L15,RTH1-L15,RSH2-L15,RSH1-L15,SH = TH,SH key = TH key
1625,1625,1657,諜,谍,,espionage,espionage,dié,dié,to spy,die2,0.00%,2391,8,2117,2130,RTH2-L15,RTH1-L15,RSH2-L16,RSH1-L16,SH <> TH,SH key = TH key
1627,1627,1654,諒,谅,,forgive,forgive,liàng,liàng,forgive,liang4,0.00%,2120,8,2118,2128,RTH2-L15,RTH1-L15,RSH2-L15,RSH1-L15,SH <> TH,SH key = TH key
340,340,367,茂,茂,,lush,lush,mào,mào,luxuriant,mao4,0.00%,2309,8,2119,2129,RTH1-L16,RTH1-L16,RSH1-L16,RSH1-L16,SH = TH,SH key = TH key
1636,1636,1664,戚,戚,,kin,kin,qī,qī,"ashamed/grief, (surname)/relative",qi1,0.00%,2316,8,2120,2131,RTH2-L16,RTH1-L16,RSH2-L16,RSH1-L16,SH = TH,SH key = TH key
382,382,410,巾,巾,,towel,towel,jīn,jīn,towel,jin1,0.00%,2281,8,2121,2132,RTH1-L18,RTH1-L18,RSH1-L18,RSH1-L18,SH = TH,SH key = TH key
391,391,422,滯,滞,,stagnant,stagnant,zhì,zhì,sluggish,zhi4,0.00%,2302,8,2122,2134,RTH1-L18,RTH1-L18,RSH1-L18,RSH1-L18,SH <> TH,SH key = TH key
407,407,443,嬌,娇,,attractive,attractive,jiāo,jiāo,lovable/pampered/tender/delicate/frail,jiao1,0.00%,2158,8,2123,2135,RTH1-L18,RTH1-L18,RSH1-L18,RSH1-L18,SH <> TH,SH key = TH key
430,430,464,脂,脂,n.,grease,grease,zhī,zhī,fat,zhi1,0.00%,2206,8,2124,2136,RTH1-L18,RTH1-L18,RSH1-L18,RSH1-L18,SH = TH,SH key = TH key
1652,1652,1679,衷,衷,,innermost feelings,innermost feelings,zhōng,zhōng,inner feelings,zhong1,0.00%,2157,8,2125,2137,RTH2-L18,RTH1-L18,RSH2-L18,RSH1-L18,SH = TH,SH key = TH key
1653,1653,2276,禪,禅,,meditation,meditation,chán,chán|shàn,"meditation/abstraction/(Zen) Buddhism, abdicate",chan2/shan4,0.00%,2196,8,2126,2235,RTH2-L18,RTH1-L18,RSH2-L32,RSH1-L32,SH <> TH,SH key = TH key
1654,1654,1680,猿,猿,,ape,ape,yuán,yuán,ape,yuan2,0.00%,2312,8,2127,2138,RTH2-L18,RTH1-L18,RSH2-L18,RSH1-L18,SH = TH,SH key = TH key
1680,1680,1709,棍,棍,n.,club,club,gùn,gùn,stick,gun4,0.00%,2255,8,2128,2139,RTH2-L18,RTH1-L18,RSH2-L18,RSH1-L18,SH = TH,SH key = TH key
1686,1686,1716,砍,砍,v.,chop,chop,kǎn,kǎn,to chop,kan3,0.00%,2217,8,2129,2140,RTH2-L18,RTH1-L18,RSH2-L18,RSH1-L18,SH = TH,SH key = TH key
1689,1689,1719,欽,钦,,think highly of,think highly of,qīn,qīn,royal,qin1,0.00%,2147,8,2130,2141,RTH2-L18,RTH1-L18,RSH2-L18,RSH1-L18,SH <> TH,SH key = TH key
472,472,504,贈,赠,,make a present of,make a present of,zèng,zèng,give present,zeng4,0.00%,2123,8,2131,2142,RTH1-L19,RTH1-L19,RSH1-L19,RSH1-L19,SH <> TH,SH key = TH key
475,475,1251,凍,冻,v.,freeze,freeze,dòng,dòng,to freeze,dong4,0.00%,2127,8,2132,2288,RTH1-L19,RTH1-L19,RSH1-L40,RSH1-L40,SH <> TH,SH key = TH key
1691,1691,1721,菩,菩,,bodhisattva,bodhisattva,pú,pú,Bodhisattva,pu2,0.00%,2209,8,2133,2143,RTH2-L19,RTH1-L19,RSH2-L19,RSH1-L19,SH = TH,SH key = TH key
1692,1692,1724,芒,芒,,mango,mango,máng,máng,Miscanthus sinensis,mang2,0.00%,2251,8,2134,2144,RTH2-L19,RTH1-L19,RSH2-L19,RSH1-L19,SH = TH,SH key = TH key
1694,1694,1726,謊,谎,n.,lie,lie,huǎng,huǎng,lies/to lie,huang3,0.00%,2207,8,2135,2145,RTH2-L19,RTH1-L19,RSH2-L19,RSH1-L19,SH <> TH,SH key = TH key
484,484,1171,諷,讽,v.,mock,mock,fěng,fěng,satirize,feng4/feng3,0.00%,2322,8,2136,2271,RTH1-L20,RTH1-L20,RSH1-L38,RSH1-L38,SH <> TH,SH key = TH key
513,513,546,翔,翔,,soar,soar,xiáng,xiáng,soar,xiang2,0.00%,2184,8,2137,2146,RTH1-L20,RTH1-L20,RSH1-L20,RSH1-L20,SH = TH,SH key = TH key
1707,1707,1737,虹,虹,,rainbow,rainbow,hóng,hóng|jiàng,"rainbow, rainbow",hong2/jiang4,0.00%,2176,8,2138,2147,RTH2-L20,RTH1-L20,RSH2-L20,RSH1-L20,SH = TH,SH key = TH key
1715,1715,1747,袍,袍,n.,robe,robe,páo,páo,gown (lined),pao2,0.00%,2324,8,2139,2148,RTH2-L20,RTH1-L20,RSH2-L20,RSH1-L20,SH = TH,SH key = TH key
1740,1740,1764,雀,雀,,sparrow,sparrow,què,qiāo|què|qiǎo,"lentigo, bird, bird",qiao1/qiao3/que4,0.00%,2331,8,2140,2151,RTH2-L20,RTH1-L20,RSH2-L20,RSH1-L20,SH = TH,SH key = TH key
541,541,577,憾,憾,n.,regret,regret,hàn,hàn,regret,han4,0.00%,2269,8,2141,2153,RTH1-L21,RTH1-L21,RSH1-L21,RSH1-L21,SH = TH,SH key = TH key
1753,1753,1631,廈,厦,v.,skyscraper,skyscraper,shà,shà|Xià,"tall building, tall building",sha4/xia4,0.00%,2264,8,2142,2122,RTH2-L21,RTH1-L21,RSH2-L13,RSH1-L13,SH <> TH,SH key = TH key
1759,1759,1791,恕,恕,v.,pardon,pardon,shù,shù,forgive,shu4,0.00%,2314,8,2143,2154,RTH2-L21,RTH1-L21,RSH2-L21,RSH1-L21,SH = TH,SH key = TH key
1767,1767,1805,惶,惶,,fearful,fearful,huáng,huáng,frightened,huang2,0.00%,2320,8,2144,2156,RTH2-L21,RTH1-L21,RSH2-L21,RSH1-L21,SH = TH,SH key = TH key
1771,1771,1811,怔,怔,,terror-stricken,terror-stricken,zhèng,zhèng|zhēng,be startled,zheng1,0.00%,2191,8,2145,2157,RTH2-L21,RTH1-L21,RSH2-L21,RSH1-L21,SH = TH,SH key = TH key
1782,1782,1797,惹,惹,,provoke,provoke,rě,rě,to provoke/to exasperate/to annoy,re3,0.00%,2272,8,2146,2155,RTH2-L21,RTH1-L21,RSH2-L21,RSH1-L21,SH = TH,SH key = TH key
1785,1785,1821,媳,媳,,daughter-in-law,daughter-in-law,xí,xí,daughter in law,xi2,0.00%,2393,8,2147,2159,RTH2-L21,RTH1-L21,RSH2-L21,RSH1-L21,SH = TH,SH key = TH key
612,612,663,爪,爪,n.,claw,claw,zhǎo,zhuǎ|zhǎo,claw,zhua3/zhao3,0.00%,2363,8,2148,2161,RTH1-L22,RTH1-L22,RSH1-L22,RSH1-L22,SH = TH,SH key = TH key
1794,1794,2399,捐,捐,,contribute,contribute,juān,juān,to contribute/to donate/tax/to abandon,juan1,0.00%,2235,8,2149,2251,RTH2-L22,RTH1-L22,RSH2-L35,RSH1-L35,SH = TH,SH key = TH key
1802,1802,1839,抄,抄,v.,copy,copy,chāo,chāo,to copy/to plagiarize/to search and seize/to go/to transcribe/to take a shortcut/to search and confiscate,chao1,0.00%,2213,8,2150,2163,RTH2-L22,RTH1-L22,RSH2-L22,RSH1-L22,SH = TH,SH key = TH key
1803,1803,1834,拓,拓,v.,pioneer,pioneer,tuò,tuò|tà,"make rubbing, expand/support on palm/to develop/to open up",ta4/tuo4,0.00%,2238,8,2151,2162,RTH2-L22,RTH1-L22,RSH2-L22,RSH1-L22,SH = TH,SH key = TH key
1825,1825,1866,擅,擅,,act without authority,act without authority,shàn,shàn,usurp/without authority,shan4,0.00%,2377,8,2152,2164,RTH2-L22,RTH1-L22,RSH2-L22,RSH1-L22,SH = TH,SH key = TH key
1834,1834,2713,墳,坟,,tomb,tomb,fén,fén,a grave,fen2,0.00%,2370,8,2153,2312,RTH2-L22,RTH1-L22,RSH2-L44,RSH1-L44,SH <> TH,SH key = TH key
1840,1840,1883,叉,叉,n.,fork,fork,chā,chā|chǎ|chà|chá,"fork/pitchfork/prong/pick/cross/intersect, to cross/be stuck, to diverge/to open (as legs)",cha1/cha2/cha3,0.00%,2231,8,2154,2166,RTH2-L22,RTH1-L22,RSH2-L22,RSH1-L22,SH = TH,SH key = TH key
1848,1848,1890,肢,肢,,limb,limb,zhī,zhī,limb,zhi1,0.00%,2335,8,2155,2167,RTH2-L22,RTH1-L22,RSH2-L22,RSH1-L22,SH = TH,SH key = TH key
646,646,699,浴,浴,,bathe,bathe,yù,yù,bath/to bathe,yu4,0.00%,2290,8,2156,2169,RTH1-L23,RTH1-L23,RSH1-L23,RSH1-L23,SH = TH,SH key = TH key
650,650,702,溶,溶,,dissolve,dissolve,róng,róng,dissolve,rong2,0.00%,2278,8,2157,2170,RTH1-L23,RTH1-L23,RSH1-L23,RSH1-L23,SH = TH,SH key = TH key
1878,1878,1926,崩,崩,,crumble,crumble,bēng,bēng,collapse/fall into ruins,beng1,0.00%,2178,8,2158,2171,RTH2-L23,RTH1-L23,RSH2-L23,RSH1-L23,SH = TH,SH key = TH key
1881,1881,1930,崖,崖,,cliff,cliff,yá,yá,precipice,yai2/ya2,0.00%,2247,8,2159,2172,RTH2-L23,RTH1-L23,RSH2-L23,RSH1-L23,SH = TH,SH key = TH key
1882,1882,1932,炭,炭,,charcoal,charcoal,tàn,tàn,carbon/charcoal,tan4,0.00%,2369,8,2160,2173,RTH2-L23,RTH1-L23,RSH2-L23,RSH1-L23,SH = TH,SH key = TH key
1884,1884,1942,盼,盼,,await hopefully,await hopefully,pàn,pàn,to hope for/to long for/to expect,pan4,0.00%,2174,8,2161,2175,RTH2-L23,RTH1-L23,RSH2-L23,RSH1-L23,SH = TH,SH key = TH key
1885,1885,1943,頒,颁,,promulgate,promulgate,bān,bān,promulgate/send out/issue/to grant or confer,ban1,0.00%,2319,8,2162,2176,RTH2-L23,RTH1-L23,RSH2-L23,RSH1-L23,SH <> TH,SH key = TH key
1891,1891,1950,翁,翁,,elderly man,elderly man,wēng,wēng,(surname)/elderly person,weng1,0.00%,2112,8,2163,2177,RTH2-L23,RTH1-L23,RSH2-L23,RSH1-L23,SH = TH,SH key = TH key
690,690,740,拐,拐,v.,turn,turn,guǎi,guǎi,kidnap/to turn,guai3,0.00%,2232,8,2164,2178,RTH1-L24,RTH1-L24,RSH1-L24,RSH1-L24,SH = TH,SH key = TH key
1914,1914,1972,恥,耻,n.,shame,shame,chǐ,chǐ,shame/disgrace,chi3,0.00%,2169,8,2165,2180,RTH2-L24,RTH1-L24,RSH2-L24,RSH1-L24,SH <> TH,SH key = TH key
1920,1920,2267,腎,肾,,kidneys,kidneys,shèn,shèn,kidney,shen4,0.00%,2361,8,2166,2231,RTH2-L24,RTH1-L24,RSH2-L32,RSH1-L32,SH <> TH,SH key = TH key
1924,1924,1983,勳,勋,n.,merit,merit,xūn,xūn,medal/merit,xun1,0.00%,2349,8,2167,2181,RTH2-L24,RTH1-L24,RSH2-L24,RSH1-L24,SH <> TH,SH key = TH key
1940,1940,2002,銜,衔,,title,title,xián,xián,"hold in mouth, hold in mouth/nominal office",xian2,0.00%,2328,8,2168,2182,RTH2-L24,RTH1-L24,RSH2-L24,RSH1-L24,SH <> TH,SH key = TH key
715,715,769,愁,愁,,gloomy,gloomy,chóu,chóu,worry about,chou2,0.00%,2113,8,2169,2183,RTH1-L25,RTH1-L25,RSH1-L25,RSH1-L25,SH = TH,SH key = TH key
1945,1945,2007,穌,稣,,rise again,rise again,sū,sū,revive,su1,0.00%,2292,8,2170,2184,RTH2-L25,RTH1-L25,RSH2-L25,RSH1-L25,SH <> TH,SH key = TH key
1950,1950,2026,漆,漆,,wall paint,wall paint,qī,qī,paint/lacquer,qi1,0.00%,2296,8,2171,2186,RTH2-L25,RTH1-L25,RSH2-L25,RSH1-L25,SH = TH,SH key = TH key
1951,1951,2025,膝,膝,,knees,knees,xī,xī,knee,xi1,0.00%,2307,8,2172,2185,RTH2-L25,RTH1-L25,RSH2-L25,RSH1-L25,SH = TH,SH key = TH key
1971,1971,2030,粘,粘,v.,glue,glue,zhān,zhān|nián,"sticky, to stick/paste",nian2/zhan1,0.00%,2240,8,2173,2187,RTH2-L25,RTH1-L25,RSH2-L25,RSH1-L25,SH = TH,SH key = TH key
1981,1981,2041,蔽,蔽,n.,shelter,shelter,bì,bì,to cover/to shield/to screen/to conceal,bi4,0.00%,2121,8,2174,2189,RTH2-L25,RTH1-L25,RSH2-L25,RSH1-L25,SH = TH,SH key = TH key
1983,1983,2044,弊,弊,,fraud,fraud,bì,bì,detriment/fraud/harm/defeat,bi4,0.00%,2348,8,2175,2190,RTH2-L25,RTH1-L25,RSH2-L25,RSH1-L25,SH = TH,SH key = TH key
1987,1987,2049,笨,笨,,stupid,stupid,bèn,bèn,stupid/foolish/silly/slow-witted/clumsy,ben4,0.00%,2323,8,2176,2191,RTH2-L25,RTH1-L25,RSH2-L25,RSH1-L25,SH = TH,SH key = TH key
1989,1989,2053,筋,筋,,tendon,tendon,jīn,jīn,muscle,jin1,0.00%,2252,8,2177,2192,RTH2-L25,RTH1-L25,RSH2-L25,RSH1-L25,SH = TH,SH key = TH key
768,768,827,俯,俯,,bow one's head,bow one's head,fǔ,fǔ,look down/stoop,fu3,0.00%,2261,8,2178,2193,RTH1-L26,RTH1-L26,RSH1-L26,RSH1-L26,SH = TH,SH key = TH key
779,779,324,畝,亩,,Chinese acre,Chinese acre,mǔ,mǔ,about 1/6 acre (M),mu3,0.00%,2360,8,2179,2124,RTH1-L26,RTH1-L26,RSH1-L14,RSH1-L14,SH <> TH,SH key = TH key
781,781,843,柄,柄,n.,handle,handle,bǐng,bǐng,authority/handle/hilt,bing3,0.00%,2241,8,2180,2194,RTH1-L26,RTH1-L26,RSH1-L26,RSH1-L26,SH = TH,SH key = TH key
1992,1992,2056,倡,倡,v.,start,start,chàng,chàng|chāng,initiate/instigate/introduce/lead/initiate,chang4,0.00%,2185,8,2181,2196,RTH2-L26,RTH1-L26,RSH2-L26,RSH1-L26,SH = TH,SH key = TH key
2003,2003,2073,倘,倘,,if,if,tǎng,tǎng,if,tang3,0.00%,2118,8,2182,2197,RTH2-L26,RTH1-L26,RSH2-L26,RSH1-L26,SH = TH,SH key = TH key
2015,2015,2081,僑,侨,,live abroad,live abroad,qiáo,qiáo,emigrant/reside abroad,qiao2,0.00%,2340,8,2183,2198,RTH2-L26,RTH1-L26,RSH2-L26,RSH1-L26,SH <> TH,SH key = TH key
2036,2036,1938,摧,摧,v.,wreck,wreck,cuī,cuī,break/destroy/devastate/ravage/repress,cui1,0.00%,2166,8,2184,2174,RTH2-L26,RTH1-L26,RSH2-L23,RSH1-L23,SH = TH,SH key = TH key
2049,2049,1598,傘,伞,,umbrella,umbrella,sǎn,sǎn,umbrella/parasol,san3,0.00%,2202,8,2185,2117,RTH2-L26,RTH1-L26,RSH2-L12,RSH1-L12,SH <> TH,SH key = TH key
2063,2063,2113,淫,淫,,promiscuous,promiscuous,yín,yín,excessive/wanton/lewd/kinky/obscene,yin2,0.00%,2297,8,2186,2200,RTH2-L27,RTH1-L27,RSH2-L27,RSH1-L27,SH = TH,SH key = TH key
2066,2066,2118,瓷,瓷,,porcelain,porcelain,cí,cí,chinaware/porcelain,ci2,0.00%,2285,8,2187,2201,RTH2-L27,RTH1-L27,RSH2-L27,RSH1-L27,SH = TH,SH key = TH key
2085,2085,2142,屁,屁,n.,fart,fart,pì,pì,to break wind/to fart,pi4,0.00%,2295,8,2188,2202,RTH2-L28,RTH1-L28,RSH2-L28,RSH1-L28,SH = TH,SH key = TH key
2090,2090,2144,掘,掘,,excavate,excavate,jué,jué,dig,jue2,0.00%,2212,8,2189,2203,RTH2-L28,RTH1-L28,RSH2-L28,RSH1-L28,SH = TH,SH key = TH key
2093,2093,2150,媚,媚,,flatter,flatter,mèi,mèi,flatter/charm,mei4,0.00%,2291,8,2190,2204,RTH2-L28,RTH1-L28,RSH2-L28,RSH1-L28,SH = TH,SH key = TH key
2115,2115,2178,暢,畅,,smooth,smooth,chàng,chàng,smooth/fluent/joyful/happy,chang4,0.00%,2122,8,2191,2205,RTH2-L29,RTH1-L29,RSH2-L29,RSH1-L29,SH <> TH,SH key = TH key
2117,2117,2179,巢,巢,n.,nest,nest,cháo,cháo,nest,chao2,0.00%,2298,8,2192,2206,RTH2-L29,RTH1-L29,RSH2-L29,RSH1-L29,SH = TH,SH key = TH key
2118,2118,2180,棵,棵,,flora,flora,kē,kē,M for plants,ke1,0.00%,2108,8,2193,2207,RTH2-L29,RTH1-L29,RSH2-L29,RSH1-L29,SH = TH,SH key = TH key
2119,2119,2181,裸,裸,,naked,naked,luǒ,luǒ,naked,luo3,0.00%,2164,8,2194,2208,RTH2-L29,RTH1-L29,RSH2-L29,RSH1-L29,SH = TH,SH key = TH key
2120,2120,2182,裹,裹,,envelop,envelop,guǒ,guǒ,wrap around,guo3,0.00%,2387,8,2195,2209,RTH2-L29,RTH1-L29,RSH2-L29,RSH1-L29,SH = TH,SH key = TH key
2122,2122,2184,晰,晰,,distinct,distinct,xī,xī,understanding,xi1,0.00%,2220,8,2196,2211,RTH2-L30,RTH1-L30,RSH2-L30,RSH1-L30,SH = TH,SH key = TH key
2126,2126,934,逝,逝,,pass away,pass away,shì,shì,depart/die,shi4,0.00%,2102,8,2197,2210,RTH2-L30,RTH1-L30,RSH1-L30,RSH1-L30,SH = TH,SH key = TH key
2137,2137,2210,淒,凄,,miserable,miserable,qī,qī|qiàn,"intense cold/mournful, sorrowful",qi1,0.00%,2352,8,2198,2215,RTH2-L30,RTH1-L30,RSH2-L30,RSH1-L30,SH <> TH,SH key = TH key
2139,2139,2198,煞,煞,,goblin,goblin,shà,shā|shà,"decrease/tighten, baleful/bring to a stop/very",sha1/sha4,0.00%,2280,8,2199,2213,RTH2-L30,RTH1-L30,RSH2-L30,RSH1-L30,SH = TH,SH key = TH key
2145,2145,2216,賺,赚,,earn,earn,zhuàn,zhuàn|zuàn,"earn/make a profit, cheat/swindle",zhuan4/zuan4,0.00%,2182,8,2200,2217,RTH2-L30,RTH1-L30,RSH2-L30,RSH1-L30,SH <> TH,SH key = TH key
2147,2147,2218,謙,谦,,unassuming,unassuming,qiān,qiān,modest,qian1,0.00%,2345,8,2201,2218,RTH2-L30,RTH1-L30,RSH2-L30,RSH1-L30,SH <> TH,SH key = TH key
2148,2148,2219,歉,歉,,apology,apology,qiàn,qiàn,apologize/deficient/to regret,qian4,0.00%,2149,8,2202,2219,RTH2-L30,RTH1-L30,RSH2-L30,RSH1-L30,SH = TH,SH key = TH key
2156,2156,2227,逮,逮,v.,arrest,arrest,dài,dǎi|dài,"arrest/catch/seize/until, catch/seize/until",dai3/dai4,0.00%,2216,8,2203,2220,RTH2-L30,RTH1-L30,RSH2-L30,RSH1-L30,SH = TH,SH key = TH key
2160,2160,2231,耍,耍,,mess around,mess around,shuǎ,shuǎ,play with/to juggle,shua3,0.00%,2260,8,2204,2221,RTH2-L30,RTH1-L30,RSH2-L30,RSH1-L30,SH = TH,SH key = TH key
2168,2168,2778,庸,庸,,mediocre,mediocre,yōng,yōng,ordinary/to use,yong1,0.00%,2148,8,2205,2322,RTH2-L30,RTH1-L30,RSH2-L47,RSH1-L47,SH = TH,SH key = TH key
897,897,973,昔,昔,,times past,times past,xī,xī,past/former,xi1,0.00%,2388,8,2206,2222,RTH1-L31,RTH1-L31,RSH1-L31,RSH1-L31,SH = TH,SH key = TH key
923,923,992,眨,眨,v.,blink,blink,zhǎ,zhǎ,wink,zha3,0.00%,2371,8,2207,2223,RTH1-L31,RTH1-L31,RSH1-L31,RSH1-L31,SH = TH,SH key = TH key
2175,2175,2245,遮,遮,v.,screen,screen,zhē,zhē,cover up (a shortcoming)/screen off/to hide/to conceal,zhe1,0.00%,2135,8,2208,2224,RTH2-L31,RTH1-L31,RSH2-L31,RSH1-L31,SH = TH,SH key = TH key
2180,2180,2250,藤,藤,,rattan,rattan,téng,téng,rattan/cane,teng2,0.00%,2200,8,2209,2225,RTH2-L31,RTH1-L31,RSH2-L31,RSH1-L31,SH = TH,SH key = TH key
2183,2183,2251,鼎,鼎,,old cooking pot,old cooking pot,dǐng,dǐng,tripod,ding3,0.00%,2356,8,2210,2226,RTH2-L31,RTH1-L31,RSH2-L31,RSH1-L31,SH = TH,SH key = TH key
2186,2186,2201,浸,浸,,immerse,immerse,jìn,jìn,immerse/soak/steep,jin4,0.00%,2354,8,2211,2214,RTH2-L31,RTH1-L31,RSH2-L30,RSH1-L30,SH = TH,SH key = TH key
2194,2194,2035,淵,渊,,abyss,abyss,yuān,yuān,abyss,yuan1,0.00%,2192,8,2212,2188,RTH2-L31,RTH1-L31,RSH2-L25,RSH1-L25,SH <> TH,SH key = TH key
2196,2196,2213,嘯,啸,v.,howl,howl,xiào,xiào,to hiss/to whistle,xiao4,0.00%,2301,8,2213,2216,RTH2-L31,RTH1-L31,RSH2-L30,RSH1-L30,SH <> TH,SH key = TH key
2199,2199,2252,芝,芝,,sesame,sesame,zhī,zhī,Zoysia pungens,zhi1,0.00%,2150,8,2214,2227,RTH2-L31,RTH1-L31,RSH2-L31,RSH1-L31,SH = TH,SH key = TH key
2202,2202,2255,歪,歪,,askew,askew,wāi,wāi,askew,wai1,0.00%,2239,8,2215,2228,RTH2-L31,RTH1-L31,RSH2-L31,RSH1-L31,SH = TH,SH key = TH key
941,941,1015,弓,弓,n.,bow,bow,gōng,gōng,a bow (weapon),gong1,0.00%,2229,8,2216,2229,RTH1-L32,RTH1-L32,RSH1-L32,RSH1-L32,SH = TH,SH key = TH key
2209,2209,2262,茅,茅,n.,thatch,thatch,máo,máo,(surname)/thatch,mao2,0.00%,2339,8,2217,2230,RTH2-L32,RTH1-L32,RSH2-L32,RSH1-L32,SH = TH,SH key = TH key
2213,2213,2270,夷,夷,,barbarian,barbarian,yí,yí,a barbarian,yi2,0.00%,2337,8,2218,2232,RTH2-L32,RTH1-L32,RSH2-L32,RSH1-L32,SH = TH,SH key = TH key
2214,2214,2271,姨,姨,,maternal aunt,maternal aunt,yí,yí,one's mother's sister/aunt,yi2,0.00%,2287,8,2219,2233,RTH2-L32,RTH1-L32,RSH2-L32,RSH1-L32,SH = TH,SH key = TH key
2216,2216,2273,僵,僵,adj.,stiff,stiff,jiāng,jiāng,"rigid/deadlock/stiff (corpse), stiff (corpse)",jiang1,0.00%,2333,8,2220,2234,RTH2-L32,RTH1-L32,RSH2-L32,RSH1-L32,SH = TH,SH key = TH key
2217,2217,1758,薑,姜,,ginger,ginger,jiāng,jiāng,"(surname)/ginger, ginger",jiang1,0.00%,2394,8,2221,2149,RTH2-L32,RTH1-L32,RSH2-L20,RSH1-L20,SH <> TH,SH key = TH key
2225,2225,2284,聘,聘,v.,employ,employ,pìn,pìn,betrothed/engage (teacher)/hire,pin4,0.00%,2253,8,2222,2236,RTH2-L32,RTH1-L32,RSH2-L32,RSH1-L32,SH = TH,SH key = TH key
2227,2227,2285,姊,姊,,elder sister,elder sister,zǐ,zǐ,older sister,zi3,0.00%,2236,8,2223,2237,RTH2-L32,RTH1-L32,RSH2-L32,RSH1-L32,SH = TH,SH key = TH key
957,957,1037,孝,孝,,filial piety,filial piety,xiào,xiào,filial,xiao4,0.00%,2116,8,2224,2238,RTH1-L33,RTH1-L33,RSH1-L33,RSH1-L33,SH = TH,SH key = TH key
965,965,413,獅,狮,,lion,lion,shī,shī,lion,shi1,0.00%,2211,8,2225,2133,RTH1-L33,RTH1-L33,RSH1-L18,RSH1-L18,SH <> TH,SH key = TH key
2237,2237,2306,堵,堵,,stop up,stop up,dǔ,dǔ,stop up,du3,0.00%,2284,8,2226,2239,RTH2-L33,RTH1-L33,RSH2-L33,RSH1-L33,SH = TH,SH key = TH key
2241,2241,2310,屠,屠,,slaughter,slaughter,tú,tú,slaughter/slaughter man,tu2,0.00%,2171,8,2227,2240,RTH2-L33,RTH1-L33,RSH2-L33,RSH1-L33,SH = TH,SH key = TH key
2277,2277,2338,陌,陌,,footpath,footpath,mò,mò,raised path/street,mo4,0.00%,2243,8,2228,2243,RTH2-L34,RTH1-L34,RSH2-L34,RSH1-L34,SH = TH,SH key = TH key
2279,2279,2340,陡,陡,,steep,steep,dǒu,dǒu,steep,dou3,0.00%,2362,8,2229,2244,RTH2-L34,RTH1-L34,RSH2-L34,RSH1-L34,SH = TH,SH key = TH key
2283,2283,1070,墜,坠,v.,plunge,plunge,zhuì,zhuì,fall,zhui4,0.00%,2279,8,2230,2242,RTH2-L34,RTH1-L34,RSH1-L34,RSH1-L34,SH <> TH,SH key = TH key
2286,2286,2880,窯,窑,,kiln,kiln,yáo,yáo,kiln/oven,yao2,0.00%,2342,8,2231,2341,RTH2-L34,RTH1-L34,RSH2-L52,RSH1-L52,SH <> TH,SH key = TH key
2289,2289,2358,窄,窄,adj.,strait,strait,zhǎi,zhǎi,narrow,zhai3,0.00%,2244,8,2232,2247,RTH2-L34,RTH1-L34,RSH2-L34,RSH1-L34,SH = TH,SH key = TH key
2296,2296,2419,螺,螺,,spiral shell,spiral shell,luó,luó,screw/snail,luo2,0.00%,2386,8,2233,2255,RTH2-L35,RTH1-L35,RSH2-L35,RSH1-L35,SH = TH,SH key = TH key
2303,2303,2381,綿,绵,,continuous,continuous,mián,mián,cotton/incessant/soft/downy,mian2,0.00%,2186,8,2234,2249,RTH2-L35,RTH1-L35,RSH2-L35,RSH1-L35,SH <> TH,SH key = TH key
2329,2329,2424,脖,脖,,head-hinge,head-hinge,bó,bó,neck,bo2,0.00%,2175,8,2235,2256,RTH2-L35,RTH1-L35,RSH2-L35,RSH1-L35,SH = TH,SH key = TH key
2338,2338,2404,頸,颈,n.,neck,neck,jǐng,jǐng|gěng,neck,jing3,0.00%,2117,8,2236,2252,RTH2-L35,RTH1-L35,RSH2-L35,RSH1-L35,SH <> TH,SH key = TH key
2342,2342,2409,溪,溪,,creek,creek,xī,xī,"creek, creek",qi1/xi1,0.00%,2194,8,2237,2253,RTH2-L35,RTH1-L35,RSH2-L35,RSH1-L35,SH = TH,SH key = TH key
2350,2350,2412,弦,弦,,bowstring,bowstring,xián,xián,"bow string/string of mus. instr., string of mus. instr.",xian2,0.00%,2258,8,2238,2254,RTH2-L35,RTH1-L35,RSH2-L35,RSH1-L35,SH = TH,SH key = TH key
2375,2375,2440,嶺,岭,,mountain range,mountain range,lǐng,lǐng,mountain range,ling3,0.00%,2214,8,2239,2257,RTH2-L36,RTH1-L36,RSH2-L36,RSH1-L36,SH <> TH,SH key = TH key
2383,2383,2448,倦,倦,,worn out,worn out,juàn,juàn,tired,juan4,0.00%,2329,8,2240,2258,RTH2-L36,RTH1-L36,RSH2-L36,RSH1-L36,SH = TH,SH key = TH key
2391,2391,2458,跪,跪,,kneel,kneel,guì,guì,kneel,gui4,0.00%,2128,8,2241,2259,RTH2-L36,RTH1-L36,RSH2-L36,RSH1-L36,SH = TH,SH key = TH key
2392,2392,2459,輿,舆,,popular,popular,yú,yú,carriage/sedan chair/world,yu2,0.00%,2341,8,2242,2260,RTH2-L36,RTH1-L36,RSH2-L36,RSH1-L36,SH <> TH,SH key = TH key
1073,1073,1135,廚,厨,,kitchen,kitchen,chú,chú,kitchen,chu2,0.00%,2132,8,2243,2261,RTH1-L37,RTH1-L37,RSH1-L37,RSH1-L37,SH <> TH,SH key = TH key
1081,1081,1142,籃,篮,,basket,basket,lán,lán,basket/goal,lan2,0.00%,2357,8,2244,2262,RTH1-L37,RTH1-L37,RSH1-L37,RSH1-L37,SH <> TH,SH key = TH key
2400,2400,2472,翠,翠,,emerald green,emerald green,cuì,cuì,bluish-green/green jade,cui4,0.00%,2177,8,2245,2263,RTH2-L37,RTH1-L37,RSH2-L37,RSH1-L37,SH = TH,SH key = TH key
2426,2426,2494,盈,盈,,replete,replete,yíng,yíng,full/filled/surplus,ying2,0.00%,2111,8,2246,2264,RTH2-L37,RTH1-L37,RSH2-L37,RSH1-L37,SH = TH,SH key = TH key
2430,2430,2498,濫,滥,,indiscriminate,indiscriminate,làn,làn,excessive/indiscriminate,lan4,0.00%,2282,8,2247,2265,RTH2-L37,RTH1-L37,RSH2-L37,RSH1-L37,SH <> TH,SH key = TH key
2444,2444,2507,懇,恳,,wholeheartedly,wholeheartedly,kěn,kěn,earnest,ken3,0.00%,2265,8,2248,2266,RTH2-L37,RTH1-L37,RSH2-L37,RSH1-L37,SH <> TH,SH key = TH key
2451,2451,2517,飢,饥,,starving,starving,jī,jī,hungry,ji1,0.00%,2173,8,2249,2267,RTH2-L37,RTH1-L37,RSH2-L37,RSH1-L37,SH <> TH,SH key = TH key
2452,2452,2518,饒,饶,v.,spare,spare,ráo,ráo,(surname)/to spare,rao2,0.00%,2266,8,2250,2268,RTH2-L37,RTH1-L37,RSH2-L37,RSH1-L37,SH <> TH,SH key = TH key
2458,2458,2524,餅,饼,,cookie,cookie,bǐng,bǐng,round flat cake/cookie/cake/pastry,bing3,0.00%,2359,8,2251,2269,RTH2-L37,RTH1-L37,RSH2-L37,RSH1-L37,SH <> TH,SH key = TH key
2464,2464,2528,慨,慨,,incensed,incensed,kǎi,kǎi,generous/sad,kai3,0.00%,2208,8,2252,2270,RTH2-L37,RTH1-L37,RSH2-L37,RSH1-L37,SH = TH,SH key = TH key
1124,1124,1192,薪,薪,,fuel,fuel,xīn,xīn,fuel/salary,xin1,0.00%,2167,8,2253,2273,RTH1-L38,RTH1-L38,RSH1-L38,RSH1-L38,SH = TH,SH key = TH key
2465,2465,2530,萍,萍,,duckweed,duckweed,píng,píng,duckweed,ping2,0.00%,2180,8,2254,2274,RTH2-L38,RTH1-L38,RSH2-L38,RSH1-L38,SH = TH,SH key = TH key
2469,2469,2534,哎,哎,,Good grief!,Good grief!,āi,āi|ēi,an interjection/hey/lookout/why etc,ai1,0.00%,2294,8,2255,2275,RTH2-L38,RTH1-L38,RSH2-L38,RSH1-L38,SH = TH,SH key = TH key
2499,2499,2561,咳,咳,v.,cough,cough,ké,hāi|ké,"sound of sighing, cough",hai1/ke2,0.00%,2373,8,2256,2277,RTH2-L38,RTH1-L38,RSH2-L38,RSH1-L38,SH = TH,SH key = TH key
2500,2500,2537,剎,刹,v.,brake,brake,shā,chà|shā,"Buddhist monastery or temple/a brief moment, to brake (car)",cha4/sha1,0.00%,2249,8,2257,2276,RTH2-L38,RTH1-L38,RSH2-L38,RSH1-L38,SH <> TH,SH key = TH key
2501,2501,2562,嚷,嚷,,cry out,cry out,rǎng,rǎng|rāng,blurt out/to shout,rang3,0.00%,2256,8,2258,2278,RTH2-L38,RTH1-L38,RSH2-L38,RSH1-L38,SH = TH,SH key = TH key
2504,2504,2565,寨,寨,,stockade,stockade,zhài,zhài,stronghold/stockade,zhai4,0.00%,2313,8,2259,2279,RTH2-L38,RTH1-L38,RSH2-L38,RSH1-L38,SH = TH,SH key = TH key
1174,1174,1235,棒,棒,n.,cudgel,cudgel,bàng,bàng,a stick/club or cudgel/smart/capable/strong,bang4,0.00%,2288,8,2260,2280,RTH1-L39,RTH1-L39,RSH1-L39,RSH1-L39,SH = TH,SH key = TH key
1180,1180,645,攤,摊,,vendor's stand,vendor's stand,tān,tān,spread out/vendor's stand,tan1,0.00%,2154,8,2261,2160,RTH1-L39,RTH1-L39,RSH1-L22,RSH1-L22,SH <> TH,SH key = TH key
2516,2516,2590,瞎,瞎,,visionless,visionless,xiā,xiā,blind,xia1,0.00%,2395,8,2262,2283,RTH2-L39,RTH1-L39,RSH2-L39,RSH1-L39,SH = TH,SH key = TH key
2524,2524,2584,逢,逢,,chance upon,chance upon,féng,féng,every time/meet by chance,feng2,0.00%,2181,8,2263,2281,RTH2-L39,RTH1-L39,RSH2-L39,RSH1-L39,SH = TH,SH key = TH key
2525,2525,2586,蓬,蓬,,disheveled,disheveled,péng,pēng|péng,(grass)/disheveled,peng2,0.00%,2398,8,2264,2282,RTH2-L39,RTH1-L39,RSH2-L39,RSH1-L39,SH = TH,SH key = TH key
2528,2528,2597,湊,凑,,gather together,gather together,còu,còu,assemble/put together/press near/come together,cou4,0.00%,2193,8,2265,2284,RTH2-L39,RTH1-L39,RSH2-L39,RSH1-L39,SH <> TH,SH key = TH key
2530,2530,2599,蠢,蠢,,foolish,foolish,chǔn,chǔn,blunt/stupid/to wiggle (of worms)/sluggish,chun3,0.00%,2195,8,2266,2285,RTH2-L39,RTH1-L39,RSH2-L39,RSH1-L39,SH = TH,SH key = TH key
2531,2531,2603,捧,捧,,carry in both hands,carry in both hands,pěng,pěng,hold or offer with both hands,peng3,0.00%,2353,8,2267,2286,RTH2-L39,RTH1-L39,RSH2-L39,RSH1-L39,SH = TH,SH key = TH key
2550,2550,2622,擱,搁,,put aside,put aside,gē,gē|gé,to place,ge1,0.00%,2380,8,2268,2290,RTH2-L41,RTH1-L41,RSH2-L41,RSH1-L41,SH <> TH,SH key = TH key
2551,2551,2630,闡,阐,,explicate,explicate,chǎn,chǎn,to express/disclose/enlighten/open,chan3,0.00%,2197,8,2269,2291,RTH2-L41,RTH1-L41,RSH2-L41,RSH1-L41,SH <> TH,SH key = TH key
2557,2557,1187,闢,辟,,repudiate,repudiate,pì,pì,"king/emperor/monarch/royal/ward off, law, dispel/open up/refute",bi4/pi4,0.00%,2140,8,2270,2272,RTH2-L41,RTH1-L41,RSH1-L38,RSH1-L38,SH <> TH,SH key = TH key
2566,2566,2372,纖,纤,,fiber,fiber,xiān,xiān|qiàn,"boatman's tow-rope, fine/delicate/minute",qian4/xian1,0.00%,2106,8,2271,2248,RTH2-L41,RTH1-L41,RSH2-L35,RSH1-L35,SH <> TH,SH key = TH key
2568,2568,2637,猴,猴,,monkey,monkey,hóu,hóu,monkey,hou2,0.00%,2187,8,2272,2292,RTH2-L41,RTH1-L41,RSH2-L41,RSH1-L41,SH = TH,SH key = TH key
2573,2573,2644,罕,罕,,rarely,rarely,hǎn,hǎn,rare,han3,0.00%,2221,8,2273,2294,RTH2-L42,RTH1-L42,RSH2-L42,RSH1-L42,SH = TH,SH key = TH key
2574,2574,2643,軒,轩,,veranda,veranda,xuān,xuān,covered carriage/pavilion,xuan1,0.00%,2389,8,2274,2293,RTH2-L42,RTH1-L42,RSH2-L42,RSH1-L42,SH <> TH,SH key = TH key
2587,2587,2655,懶,懒,,lazy,lazy,lǎn,lǎn,lazy,lan3,0.00%,2230,8,2275,2296,RTH2-L42,RTH1-L42,RSH2-L42,RSH1-L42,SH <> TH,SH key = TH key
2602,2602,2667,痴,痴,,idiotic,idiotic,chī,chī,"imbecile/sentimental/stupid/foolish/silly, imbecile/sentimental",chi1,0.00%,2225,8,2276,2297,RTH2-L43,RTH1-L43,RSH2-L43,RSH1-L43,SH = TH,SH key = TH key
2603,2603,2668,瘤,瘤,,tumor,tumor,liú,liú,tumor,liu2,0.00%,2141,8,2277,2298,RTH2-L43,RTH1-L43,RSH2-L43,RSH1-L43,SH = TH,SH key = TH key
2612,2612,2683,渠,渠,,canal,canal,qú,qú,big/stream or canal/drain/ditch,qu2,0.00%,2315,8,2278,2302,RTH2-L43,RTH1-L43,RSH2-L43,RSH1-L43,SH = TH,SH key = TH key
2614,2614,2685,矩,矩,n.,square,square,jǔ,jū|jǔ,carpenter's square/rule,ju3,0.00%,2160,8,2279,2303,RTH2-L43,RTH1-L43,RSH2-L43,RSH1-L43,SH = TH,SH key = TH key
2616,2616,2674,框,框,,rectangular frame,rectangular frame,kuàng,kuàng,frame/door frame,kuang4,0.00%,2144,8,2280,2299,RTH2-L43,RTH1-L43,RSH2-L43,RSH1-L43,SH = TH,SH key = TH key
2620,2620,2677,匠,匠,,artisan,artisan,jiàng,jiàng,craftsman,jiang4,0.00%,2110,8,2281,2300,RTH2-L43,RTH1-L43,RSH2-L43,RSH1-L43,SH = TH,SH key = TH key
2621,2621,2678,匪,匪,,bandit,bandit,fěi,fěi,bandit,fei3,0.00%,2201,8,2282,2301,RTH2-L43,RTH1-L43,RSH2-L43,RSH1-L43,SH = TH,SH key = TH key
2626,2626,2689,軀,躯,,human body,human body,qū,qū,human body,qu1,0.00%,2310,8,2283,2304,RTH2-L43,RTH1-L43,RSH2-L43,RSH1-L43,SH <> TH,SH key = TH key
2630,2630,2696,僚,僚,,coworker,coworker,liáo,liáo,bureaucrat,liao2,0.00%,2234,8,2284,2305,RTH2-L43,RTH1-L43,RSH2-L43,RSH1-L43,SH = TH,SH key = TH key
2637,2637,2698,潑,泼,v.,splash,splash,pō,pō,splash/to spill,po1,0.00%,2327,8,2285,2306,RTH2-L43,RTH1-L43,RSH2-L43,RSH1-L43,SH <> TH,SH key = TH key
1276,1276,1323,摔,摔,v.,tumble,tumble,shuāi,shuāi,throw on ground/to fall,shuai1,0.00%,2270,8,2286,2307,RTH1-L44,RTH1-L44,RSH1-L44,RSH1-L44,SH = TH,SH key = TH key
2641,2641,2702,衫,衫,,shirt,shirt,shān,shān,Chinese gown (unlined),shan1,0.00%,2153,8,2287,2309,RTH2-L44,RTH1-L44,RSH2-L44,RSH1-L44,SH = TH,SH key = TH key
2644,2644,2707,趁,趁,,take advantage of,take advantage of,chèn,chèn,avail oneself of/take advantage of,chen4,0.00%,2109,8,2288,2310,RTH2-L44,RTH1-L44,RSH2-L44,RSH1-L44,SH = TH,SH key = TH key
2647,2647,2315,膠,胶,,gum,gum,jiāo,jiāo,glue/gum,jiao1,0.00%,2170,8,2289,2241,RTH2-L44,RTH1-L44,RSH2-L33,RSH1-L33,SH <> TH,SH key = TH key
2648,2648,2709,謬,谬,adj.,wrong,wrong,miù,miù,absurd/erroneous,miu4,0.00%,2390,8,2290,2311,RTH2-L44,RTH1-L44,RSH2-L44,RSH1-L44,SH <> TH,SH key = TH key
2654,2654,2719,脊,脊,,backbone,backbone,jǐ,jǐ,spine/back/ridge,ji3,0.00%,2228,8,2291,2313,RTH2-L44,RTH1-L44,RSH2-L44,RSH1-L44,SH = TH,SH key = TH key
2656,2656,2721,涵,涵,,culvert,culvert,hán,hán,contain,han2,0.00%,2330,8,2292,2314,RTH2-L44,RTH1-L44,RSH2-L44,RSH1-L44,SH = TH,SH key = TH key
2662,2662,1334,艷,艳,,gorgeous,gorgeous,yàn,yàn,glamorous,yan4,0.00%,2104,8,2293,2308,RTH2-L44,RTH1-L44,RSH1-L44,RSH1-L44,SH <> TH,SH key = TH key
2672,2672,2739,撕,撕,v.,rip,rip,sī,sī|xī,to tear,si1,0.00%,2334,8,2294,2315,RTH2-L45,RTH1-L45,RSH2-L45,RSH1-L45,SH = TH,SH key = TH key
2681,2681,2747,誼,谊,,friendship,friendship,yì,yì,friendship,yi4,0.00%,2136,8,2295,2317,RTH2-L45,RTH1-L45,RSH2-L46,RSH1-L46,SH <> TH,SH key = TH key
2685,2685,2753,疊,叠,v.,heap,heap,dié,dié,fold up/repeat,die2,0.00%,2271,8,2296,2318,RTH2-L45,RTH1-L45,RSH2-L46,RSH1-L46,SH <> TH,SH key = TH key
1309,1309,1358,巷,巷,,lane,lane,xiàng,xiàng|hàng,lane/alley,xiang4,0.00%,2399,8,2297,2316,RTH1-L46,RTH1-L46,RSH1-L46,RSH1-L46,SH = TH,SH key = TH key
2692,2692,2756,譜,谱,,musical score,musical score,pǔ,pǔ,chart/list/score (music)/spectrum (math.)(phys.),pu3,0.00%,2274,8,2298,2319,RTH2-L46,RTH1-L46,RSH2-L46,RSH1-L46,SH <> TH,SH key = TH key
2705,2705,2769,撰,撰,,compose,compose,zhuàn,zhuàn,"compose/compile, compose/compile/discourse in praise",zhuan4,0.00%,2300,8,2299,2321,RTH2-L46,RTH1-L46,RSH2-L46,RSH1-L46,SH = TH,SH key = TH key
2706,2706,2760,啞,哑,adj.,mute,mute,yǎ,yā|yǎ,"(onomat.), dumb/mute",ya1/ya3,0.00%,2368,8,2300,2320,RTH2-L47,RTH1-L47,RSH2-L46,RSH1-L46,SH <> TH,SH key = TH key
2713,2713,2647,籲,吁,,plead,plead,yù,yù,"sh/hush, implore",xu1/yu4,0.00%,2138,8,2301,2295,RTH2-L47,RTH1-L47,RSH2-L42,RSH1-L42,SH <> TH,SH key = TH key
1336,1336,1379,甫,甫,,Fu,Fu,fǔ,fǔ,just/just now,fu3,0.00%,2152,8,2302,2323,RTH1-L48,RTH1-L48,RSH1-L48,RSH1-L48,SH = TH,SH key = TH key
1339,1339,1382,搏,搏,,wrestle,wrestle,bó,bó,fight/combat/seize,bo2,0.00%,2372,8,2303,2324,RTH1-L48,RTH1-L48,RSH1-L48,RSH1-L48,SH = TH,SH key = TH key
2729,2729,2791,浦,浦,,river mouth,river mouth,pǔ,pǔ,beach,pu3,0.00%,2161,8,2304,2325,RTH2-L48,RTH1-L48,RSH2-L48,RSH1-L48,SH = TH,SH key = TH key
2730,2730,2792,蒲,蒲,,cattail,cattail,pú,pú,calamus,pu2,0.00%,2344,8,2305,2326,RTH2-L48,RTH1-L48,RSH2-L48,RSH1-L48,SH = TH,SH key = TH key
2740,2740,2810,郊,郊,,outskirts,outskirts,jiāo,jiāo,suburb,jiao1,0.00%,2351,8,2306,2327,RTH2-L48,RTH1-L48,RSH2-L48,RSH1-L48,SH = TH,SH key = TH key
1350,1350,1394,舟,舟,,boat,boat,zhōu,zhōu,boat,zhou1,0.00%,2224,8,2307,2328,RTH1-L49,RTH1-L49,RSH1-L49,RSH1-L49,SH = TH,SH key = TH key
2751,2751,2817,殷,殷,,ardent,ardent,yīn,yīn|yān,"dark red, (surname)/dynasty/flourishing, roll of thunder",yan1/yin1/yin3,0.00%,2365,8,2308,2329,RTH2-L49,RTH1-L49,RSH2-L49,RSH1-L49,SH = TH,SH key = TH key
2759,2759,2820,舶,舶,,liner,liner,bó,bó,sea-going vessels/ship,bo2,0.00%,2318,8,2309,2330,RTH2-L49,RTH1-L49,RSH2-L49,RSH1-L49,SH = TH,SH key = TH key
2766,2766,2828,狐,狐,,fox,fox,hú,hú,fox,hu2,0.00%,2321,8,2310,2331,RTH2-L49,RTH1-L49,RSH2-L49,RSH1-L49,SH = TH,SH key = TH key
1373,1373,1413,蒸,蒸,v.,steam,steam,zhēng,zhēng,to steam,zheng1,0.00%,2358,8,2311,2332,RTH1-L50,RTH1-L50,RSH1-L50,RSH1-L50,SH = TH,SH key = TH key
2775,2775,1513,鞏,巩,,strengthen,strengthen,gǒng,gǒng,secure/solid,gong3,0.00%,2384,8,2312,2098,RTH2-L50,RTH1-L50,RSH2-L05,RSH1-L05,SH <> TH,SH key = TH key
2781,2781,2840,鞭,鞭,n./v.,whip,whip,biān,biān,a whip or lash/to flog/slash or whip,bian1,0.00%,2250,8,2313,2333,RTH2-L50,RTH1-L50,RSH2-L50,RSH1-L50,SH = TH,SH key = TH key
2783,2783,2843,訝,讶,,surprised,surprised,yà,yà,astounded,ya4,0.00%,2162,8,2314,2334,RTH2-L51,RTH1-L51,RSH2-L51,RSH1-L51,SH <> TH,SH key = TH key
2784,2784,1957,撐,撑,,prop up,prop up,chēng,chēng,support/prop-up/to pole a boat/to open/to overfill,cheng1,0.00%,2183,8,2315,2179,RTH2-L51,RTH1-L51,RSH2-L24,RSH1-L24,SH <> TH,SH key = TH key
2791,2791,2353,竊,窃,,pilfer,pilfer,qiè,qiè,I beg to presume/steal,qie4,0.00%,2103,8,2316,2246,RTH2-L51,RTH1-L51,RSH2-L34,RSH1-L34,SH <> TH,SH key = TH key
1398,1398,1441,鴨,鸭,n.,duck,duck,yā,yā,duck,ya1,0.00%,2133,8,2317,2335,RTH1-L52,RTH1-L52,RSH1-L52,RSH1-L52,SH <> TH,SH key = TH key
1409,1409,1447,兔,兔,,rabbit,rabbit,tù,tù,rabbit,tu4,0.00%,2364,8,2318,2336,RTH1-L52,RTH1-L52,RSH1-L52,RSH1-L52,SH = TH,SH key = TH key
1410,1410,1448,逸,逸,,flee,flee,yì,yì,escape/leisurely/outstanding,yi4,0.00%,2338,8,2319,2337,RTH1-L52,RTH1-L52,RSH1-L52,RSH1-L52,SH = TH,SH key = TH key
2816,2816,2872,鴉,鸦,,raven,raven,yā,yā,crow,ya1,0.00%,2397,8,2320,2339,RTH2-L52,RTH1-L52,RSH2-L52,RSH1-L52,SH <> TH,SH key = TH key
2817,2817,2871,鵝,鹅,,goose,goose,é,é,goose,e2,0.00%,2172,8,2321,2338,RTH2-L52,RTH1-L52,RSH2-L52,RSH1-L52,SH <> TH,SH key = TH key
2821,2821,2876,寓,寓,,residence,residence,yù,yù,reside/residence,yu4,0.00%,2199,8,2322,2340,RTH2-L52,RTH1-L52,RSH2-L52,RSH1-L52,SH = TH,SH key = TH key
2837,2837,2885,掏,掏,,draw out,draw out,tāo,tāo,fish out (from pocket),tao1,0.00%,2218,8,2323,2342,RTH2-L52,RTH1-L52,RSH2-L52,RSH1-L52,SH = TH,SH key = TH key
2841,2841,2887,冤,冤,,injustice,injustice,yuān,yuān,injustice/to wrong,yuan1,0.00%,2396,8,2324,2343,RTH2-L52,RTH1-L52,RSH2-L52,RSH1-L52,SH = TH,SH key = TH key
2843,2843,2888,挽,挽,v.,tow,tow,wǎn,wǎn,draw/pull/send funeral ode,wan3,0.00%,2222,8,2325,2344,RTH2-L52,RTH1-L52,RSH2-L52,RSH1-L52,SH = TH,SH key = TH key
2852,2852,2897,驕,骄,,arrogant,arrogant,jiāo,jiāo,proud/arrogant,jiao1,0.00%,2248,8,2326,2345,RTH2-L53,RTH1-L53,RSH2-L53,RSH1-L53,SH <> TH,SH key = TH key
2857,2857,2901,騷,骚,,disturb,disturb,sāo,sāo,have sex appeal,sao1,0.00%,2237,8,2327,2346,RTH2-L53,RTH1-L53,RSH2-L53,RSH1-L53,SH <> TH,SH key = TH key
2861,2861,2907,闖,闯,v.,rush,rush,chuǎng,chuǎng,to rush/break through,chuang3,0.00%,2129,8,2328,2347,RTH2-L53,RTH1-L53,RSH2-L53,RSH1-L53,SH <> TH,SH key = TH key
2884,2884,1876,薦,荐,,recommend,recommend,jiàn,jiàn,recommend (a person),jian4,0.00%,2367,8,2329,2165,RTH2-L53,RTH1-L53,RSH2-L22,RSH1-L22,SH <> TH,SH key = TH key
2886,2886,2915,瞬,瞬,,instant,instant,shùn,shùn,to wink,shun4,0.00%,2114,8,2330,2349,RTH2-L53,RTH1-L53,RSH2-L54,RSH1-L54,SH = TH,SH key = TH key
2891,2891,2611,灑,洒,v.,spill,spill,sǎ,sǎ|xiǎn,spill/sprinkle,sa3,0.00%,2283,8,2331,2289,RTH2-L53,RTH1-L53,RSH2-L40,RSH1-L40,SH <> TH,SH key = TH key
1436,1436,1467,辰,辰,,sign of the dragon,sign of the dragon,chén,chén,5th earthly branch/7-9 a.m.,chen2,0.00%,2317,8,2332,2348,RTH1-L54,RTH1-L54,RSH1-L54,RSH1-L54,SH = TH,SH key = TH key
2903,2903,2929,愧,愧,,ashamed,ashamed,kuì,kuì,ashamed,kui4,0.00%,2275,8,2333,2350,RTH2-L54,RTH1-L54,RSH2-L54,RSH1-L54,SH = TH,SH key = TH key
2906,2906,2932,壟,垄,,raised path between fields,raised path between fields,lǒng,lǒng,monopolize,long3,0.00%,2336,8,2334,2351,RTH2-L54,RTH1-L54,RSH2-L54,RSH1-L54,SH <> TH,SH key = TH key
2909,2909,2935,攏,拢,,draw near,draw near,lǒng,lǒng,collect/draw near to,long3,0.00%,2374,8,2335,2352,RTH2-L54,RTH1-L54,RSH2-L54,RSH1-L54,SH <> TH,SH key = TH key
1460,1460,850,巫,巫,,witch,witch,wū,wū,witch,wu1,0.00%,2189,8,2336,2195,RTH1-L55,RTH1-L55,RSH1-L26,RSH1-L26,SH = TH,SH key = TH key
2914,2914,2961,舅,舅,,mother's brother,mother's brother,jiù,jiù,maternal uncle,jiu4,0.00%,2375,8,2337,2358,RTH2-L55,RTH1-L55,RSH2-L55,RSH1-L55,SH = TH,SH key = TH key
2923,2923,2965,嫂,嫂,,elder brother's wife,elder brother's wife,sǎo,sǎo,older brother's wife; sister-in-law,sao3,0.00%,2142,8,2338,2359,RTH2-L55,RTH1-L55,RSH2-L55,RSH1-L55,SH = TH,SH key = TH key
2930,2930,2969,焰,焰,n.,flame,flame,yàn,yàn,flame,yan4,0.00%,2259,8,2339,2360,RTH2-L55,RTH1-L55,RSH2-L55,RSH1-L55,SH = TH,SH key = TH key
2934,2934,2972,爽,爽,adj.,frank,frank,shuǎng,shuǎng,invigorating/straightforward/frank/open/bright/clear,shuang3,0.00%,2378,8,2340,2361,RTH2-L55,RTH1-L55,RSH2-L55,RSH1-L55,SH = TH,SH key = TH key
2937,2937,2938,挪,挪,v.,transfer,transfer,nuó,nuó,to shift/to move,nuo2,0.00%,2204,8,2341,2353,RTH2-L55,RTH1-L55,RSH2-L55,RSH1-L55,SH = TH,SH key = TH key
2942,2942,2604,磚,砖,,brick,brick,zhuān,zhuān,brick,zhuan1,0.00%,2355,8,2342,2287,RTH2-L55,RTH1-L55,RSH2-L39,RSH1-L39,SH <> TH,SH key = TH key
2957,2957,2956,囑,嘱,,admonish,admonish,zhǔ,zhǔ,enjoin,zhu3,0.00%,2156,8,2343,2357,RTH2-L55,RTH1-L55,RSH2-L55,RSH1-L55,SH <> TH,SH key = TH key
2958,2958,1761,欄,栏,,railing,railing,lán,lán,fence/railing/hurdle,lan2,0.00%,2101,8,2344,2150,RTH2-L55,RTH1-L55,RSH2-L20,RSH1-L20,SH <> TH,SH key = TH key
2961,2961,2105,聳,耸,v.,shrug,shrug,sǒng,sǒng,excite/raise up/to shrug/high/lofty/towering,song3,0.00%,2163,8,2345,2199,RTH2-L55,RTH1-L55,RSH2-L26,RSH1-L26,SH <> TH,SH key = TH key
2968,2968,2954,脾,脾,,spleen,spleen,pí,pí,spleen,pi2,0.00%,2223,8,2346,2355,RTH2-L55,RTH1-L55,RSH2-L55,RSH1-L55,SH = TH,SH key = TH key
2970,2970,2955,碑,碑,,stele,stele,bēi,bēi,a monument/an upright stone tablet/stele,bei1,0.00%,2203,8,2347,2356,RTH2-L55,RTH1-L55,RSH2-L55,RSH1-L55,SH = TH,SH key = TH key
2976,2976,2941,龜,龟,,tortoise,tortoise,guī,guī|jūn|Qiū,tortoise/turtle,gui1,0.00%,2392,8,2348,2354,RTH2-L55,RTH1-L55,RSH2-L55,RSH1-L55,SH <> TH,SH key = TH key
3008,3008,3003,譚,谭,,Tan,Tan,tán,tán,(surname),tan2,0.00%,2145,8,2349,2362,RTH2-Postscript 1,RTH1-Postscript 1,RSH2-Postscript 1,RSH1-Postscript 1,SH <> TH,SH key = TH key
3010,3010,3004,姚,姚,,Yao-2,Yao-2,yáo,Yáo,Yao (a surname),yao2,0.00%,2308,8,2350,2363,RTH2-Postscript 1,RTH1-Postscript 1,RSH2-Postscript 1,RSH1-Postscript 1,SH = TH,SH key = TH key
3023,3023,3011,湘,湘,,Hunan Province,Hunan Province,xiāng,Xiāng,name of a river,xiang1,0.00%,2245,8,2351,2364,RTH2-Postscript 1,RTH1-Postscript 1,RSH2-Postscript 1,RSH1-Postscript 1,SH = TH,SH key = TH key
3028,3028,3016,瓊,琼,,fine jade,fine jade,qióng,qióng,(red stone)/beautiful,qiong2,0.00%,2205,8,2352,2365,RTH2-Postscript 1,RTH1-Postscript 1,RSH2-Postscript 1,RSH1-Postscript 1,SH <> TH,SH key = TH key
3029,3029,3017,琳,琳,,gem,gem,lín,lín,gem,lin2,0.00%,2400,8,2353,2366,RTH2-Postscript 1,RTH1-Postscript 1,RSH2-Postscript 1,RSH1-Postscript 1,SH = TH,SH key = TH key
2980,2980,2976,蝶,蝶,,butterfly (back end),butterfly (back end),dié,dié,butterfly,die2,0.00%,2306,8,2354,2087,RTH2-Compounds,,RSH2-Compounds,,SH = TH,SH key = TH key
2993,2993,2991,咖,咖,,coffee (first drop),coffee (first drop),kā,gā|kā,coffee,ka1,0.00%,2379,8,2355,2088,RTH2-Compounds,,RSH2-Compounds,,SH = TH,SH key = TH key
2994,2994,2992,啡,啡,,coffee (last drop),coffee (last drop),fēi,fēi,coffee,fei1,0.00%,2326,8,2356,2089,RTH2-Compounds,,RSH2-Compounds,,SH = TH,SH key = TH key
2995,2995,2993,葡,葡,,grapes (A),grapes (A),pú,pú,grapes,pu2,0.00%,2130,8,2357,2090,RTH2-Compounds,,RSH2-Compounds,,SH = TH,SH key = TH key
2996,2996,2994,萄,萄,,grapes (B),grapes (B),táo,táo,grapes,tao2,0.00%,2210,8,2358,2091,RTH2-Compounds,,RSH2-Compounds,,SH = TH,SH key = TH key
2997,2997,2997,吩,吩,,in-,in-,fēn,fēn,leave instructions/to order,fen1,0.00%,2299,8,2359,2092,RTH2-Compounds,,RSH2-Compounds,,SH = TH,SH key = TH key
1502,1502,1502,咕,咕,,mutter,mutter,gū,gū,mutter,gu1,0.00%,2418,9,2360,2371,RTH2-L02,RTH1-L02,RSH2-L02,RSH1-L02,SH = TH,SH key = TH key
41,41,42,丸,丸,,pill,pill,wán,wán,pill,wan2,0.00%,2462,9,2361,2372,RTH1-L03,RTH1-L03,RSH1-L03,RSH1-L03,SH = TH,SH key = TH key
62,62,66,勻,匀,adj.,uniform,uniform,yún,yún,even/evenly (divided)/uniform,yun2,0.00%,2692,9,2362,2373,RTH1-L04,RTH1-L04,RSH1-L04,RSH1-L04,SH <> TH,SH key = TH key
76,76,80,賄,贿,n.,bribe,bribe,huì,huì,bribe/bribery,hui4,0.00%,2569,9,2363,2374,RTH1-L05,RTH1-L05,RSH1-L05,RSH1-L05,SH <> TH,SH key = TH key
80,80,84,刃,刃,,blade,blade,rèn,rèn,edge of blade,ren4,0.00%,2700,9,2364,2375,RTH1-L05,RTH1-L05,RSH1-L05,RSH1-L05,SH = TH,SH key = TH key
87,87,91,叮,叮,v.,sting,sting,dīng,dīng,sting (of mosquito)/to ask,ding1,0.00%,2611,9,2365,2376,RTH1-L05,RTH1-L05,RSH1-L05,RSH1-L05,SH = TH,SH key = TH key
133,133,143,泳,泳,v.,swim,swim,yǒng,yǒng,swimming/to swim,yong3,0.00%,2607,9,2366,2378,RTH1-L08,RTH1-L08,RSH1-L08,RSH1-L08,SH = TH,SH key = TH key
135,135,145,沼,沼,,marsh,marsh,zhǎo,zhǎo,pond/pool,zhao3,0.00%,2480,9,2367,2379,RTH1-L08,RTH1-L08,RSH1-L08,RSH1-L08,SH = TH,SH key = TH key
138,138,148,汁,汁,n.,juice,juice,zhī,zhī,juice,zhi1,0.00%,2540,9,2368,2380,RTH1-L08,RTH1-L08,RSH1-L08,RSH1-L08,SH = TH,SH key = TH key
152,152,165,哇,哇,,waaah!,waaah!,wa,wa|wā,sound of child's crying,wa1/wa,0.00%,2433,9,2369,2381,RTH1-L08,RTH1-L08,RSH1-L08,RSH1-L08,SH = TH,SH key = TH key
1523,1523,1533,沾,沾,,soak,soak,zhān,zhān,"infected by/moisten/receive favors, moisten",zhan1,0.00%,2402,9,2370,2382,RTH2-L08,RTH1-L08,RSH2-L08,RSH1-L08,SH = TH,SH key = TH key
1528,1528,1541,涯,涯,n.,bank,bank,yá,yá,border/horizon/shore,ya2,0.00%,2604,9,2371,2383,RTH2-L08,RTH1-L08,RSH2-L08,RSH1-L08,SH = TH,SH key = TH key
1532,1532,1547,炒,炒,v.,stir-fry,stir-fry,chǎo,chǎo,saute/pan-fry/to fry/fried,chao3,0.00%,2590,9,2372,2384,RTH2-L08,RTH1-L08,RSH2-L08,RSH1-L08,SH = TH,SH key = TH key
1536,1536,1552,嘿,嘿,,Hey!,Hey!,hēi,hēi,hey,hei1,0.00%,2423,9,2373,2386,RTH2-L09,RTH1-L09,RSH2-L09,RSH1-L09,SH = TH,SH key = TH key
1540,1540,2370,濱,滨,,water's edge,water's edge,bīn,bīn,shore/beach/coast/bank,bin1,0.00%,2474,9,2374,2517,RTH2-L09,RTH1-L09,RSH2-L34,RSH1-L34,SH <> TH,SH key = TH key
204,204,217,沫,沫,,foam,foam,mò,mò,foam/suds,mo4,0.00%,2495,9,2375,2387,RTH1-L10,RTH1-L10,RSH1-L10,RSH1-L10,SH = TH,SH key = TH key
222,222,236,瞄,瞄,v.,aim,aim,miáo,miáo,to aim,miao2,0.00%,2565,9,2376,2388,RTH1-L10,RTH1-L10,RSH1-L10,RSH1-L10,SH = TH,SH key = TH key
1542,1542,1561,棚,棚,n.,shed,shed,péng,péng,shed,peng2,0.00%,2448,9,2377,2389,RTH2-L10,RTH1-L10,RSH2-L10,RSH1-L10,SH = TH,SH key = TH key
1555,1555,1575,焚,焚,v.,burn,burn,fén,fén,burn,fen2,0.00%,2498,9,2378,2390,RTH2-L10,RTH1-L10,RSH2-L10,RSH1-L10,SH = TH,SH key = TH key
1558,1558,1579,株,株,,tree trunk,tree trunk,zhū,zhū,"(a measure word, use with plants)/trunk of tree",zhu1,0.00%,2482,9,2379,2392,RTH2-L10,RTH1-L10,RSH2-L10,RSH1-L10,SH = TH,SH key = TH key
1564,1564,1586,寞,寞,,solitary,solitary,mò,mò,lonesome,mo4,0.00%,2601,9,2380,2393,RTH2-L10,RTH1-L10,RSH2-L10,RSH1-L10,SH = TH,SH key = TH key
225,225,239,犬,犬,,pooch,pooch,quǎn,quǎn,dog,quan3,0.00%,2649,9,2381,2394,RTH1-L11,RTH1-L11,RSH1-L11,RSH1-L11,SH = TH,SH key = TH key
1588,1588,1613,鈔,钞,,paper money,paper money,chāo,chāo,money/paper money,chao1,0.00%,2647,9,2382,2397,RTH2-L12,RTH1-L12,RSH2-L12,RSH1-L12,SH <> TH,SH key = TH key
273,273,299,逛,逛,v.,stroll,stroll,guàng,guàng,to stroll/to visit,guang4,0.00%,2642,9,2383,2398,RTH1-L13,RTH1-L13,RSH1-L13,RSH1-L13,SH = TH,SH key = TH key
280,280,306,逾,逾,,exceed,exceed,yú,yú,"exceed/jump over, to exceed/to go beyond/to jump over",yu2,0.00%,2610,9,2384,2399,RTH1-L13,RTH1-L13,RSH1-L13,RSH1-L13,SH = TH,SH key = TH key
1599,1599,1625,輻,辐,,spokes,spokes,fú,fú,spoke of a wheel,fu2,0.00%,2428,9,2385,2400,RTH2-L13,RTH1-L13,RSH2-L13,RSH1-L13,SH <> TH,SH key = TH key
1606,1606,1636,膏,膏,,ointment,ointment,gāo,gāo|gào,ointment/paste,gao1,0.00%,2673,9,2386,2402,RTH2-L14,RTH1-L14,RSH2-L14,RSH1-L14,SH = TH,SH key = TH key
1610,1610,1640,鯨,鲸,,whale,whale,jīng,jīng,whale,jing1,0.00%,2618,9,2387,2403,RTH2-L14,RTH1-L14,RSH2-L14,RSH1-L14,SH <> TH,SH key = TH key
319,319,345,敞,敞,,spacious,spacious,chǎng,chǎng,spacious/uncovered,chang3,0.00%,2592,9,2388,2404,RTH1-L15,RTH1-L15,RSH1-L15,RSH1-L15,SH = TH,SH key = TH key
1612,1612,2151,晝,昼,,daylight,daylight,zhòu,zhòu,daytime,zhou4,0.00%,2651,9,2389,2478,RTH2-L15,RTH1-L15,RSH2-L28,RSH1-L28,SH <> TH,SH key = TH key
352,352,375,賤,贱,,cheap,cheap,jiàn,jiàn,inexpensive/lowly,jian4,0.00%,2589,9,2390,2406,RTH1-L16,RTH1-L16,RSH1-L16,RSH1-L16,SH <> TH,SH key = TH key
1635,1635,1663,栽,栽,v.,sow,sow,zāi,zāi,to force/to stick in/to plant,zai1,0.00%,2401,9,2391,2407,RTH2-L16,RTH1-L16,RSH2-L16,RSH1-L16,SH = TH,SH key = TH key
1637,1637,1665,蔑,蔑,,despise,despise,miè,miè,belittle/nothing,mie4,0.00%,2575,9,2392,2408,RTH2-L16,RTH1-L16,RSH2-L16,RSH1-L16,SH = TH,SH key = TH key
1642,1642,2529,蘋,苹,,apple,apple,píng,píng,"marsiliaceae/clover fern, (artemisia)/duckweed, apple",pin2/ping2,0.00%,2478,9,2393,2550,RTH2-L17,RTH1-L17,RSH2-L38,RSH1-L38,SH <> TH,SH key = TH key
1644,1644,1672,趟,趟,,trip,trip,tàng,tàng|tāng,a time/a trip,tang4,0.00%,2457,9,2394,2409,RTH2-L17,RTH1-L17,RSH2-L17,RSH1-L17,SH = TH,SH key = TH key
1645,1645,1673,堤,堤,,dike,dike,dī,dī,dike,di1,0.00%,2464,9,2395,2410,RTH2-L17,RTH1-L17,RSH2-L17,RSH1-L17,SH = TH,SH key = TH key
400,400,427,霜,霜,n.,frost,frost,shuāng,shuāng,frost,shuang1,0.00%,2631,9,2396,2412,RTH1-L18,RTH1-L18,RSH1-L18,RSH1-L18,SH = TH,SH key = TH key
409,409,445,泣,泣,,weep,weep,qì,qì,to sob,qi4,0.00%,2449,9,2397,2414,RTH1-L18,RTH1-L18,RSH1-L18,RSH1-L18,SH = TH,SH key = TH key
434,434,470,乞,乞,,beg,beg,qǐ,qǐ,beg,qi3,0.00%,2429,9,2398,2415,RTH1-L18,RTH1-L18,RSH1-L18,RSH1-L18,SH = TH,SH key = TH key
446,446,481,諮,咨,,consult with,consult with,zī,zī,consult,zi1,0.00%,2408,9,2399,2416,RTH1-L18,RTH1-L18,RSH1-L18,RSH1-L18,SH <> TH,SH key = TH key
1658,1658,1685,帆,帆,n.,sail,sail,fān,fān,sail,fan1,0.00%,2459,9,2400,2417,RTH2-L18,RTH1-L18,RSH2-L18,RSH1-L18,SH = TH,SH key = TH key
1670,1670,1699,轎,轿,,sedan chair,sedan chair,jiào,jiào,sedan chair,jiao4,0.00%,2447,9,2401,2418,RTH2-L18,RTH1-L18,RSH2-L18,RSH1-L18,SH <> TH,SH key = TH key
1671,1671,1700,垃,垃,,garbage,garbage,lā,lā|lè,,la1,0.00%,2628,9,2402,2419,RTH2-L18,RTH1-L18,RSH2-L18,RSH1-L18,SH = TH,SH key = TH key
1676,1676,1704,匙,匙,n.,spoon,spoon,chí,shi|chí,spoon,chi2/shi,0.00%,2476,9,2403,2420,RTH2-L18,RTH1-L18,RSH2-L18,RSH1-L18,SH = TH,SH key = TH key
1677,1677,1705,乖,乖,,well-behaved,well-behaved,guāi,guāi,"(of a child) obedient, well-behaved/clever",guai1,0.00%,2470,9,2404,2421,RTH2-L18,RTH1-L18,RSH2-L18,RSH1-L18,SH = TH,SH key = TH key
1681,1681,1710,諧,谐,,in accord,in accord,xié,xié,harmonious,xie2,0.00%,2416,9,2405,2422,RTH2-L18,RTH1-L18,RSH2-L18,RSH1-L18,SH <> TH,SH key = TH key
1684,1684,1714,霉,霉,n.,mildew,mildew,méi,méi,bacteria/fungi/moldy,mei2,0.00%,2425,9,2406,2423,RTH2-L18,RTH1-L18,RSH2-L18,RSH1-L18,SH = TH,SH key = TH key
1685,1685,1715,迄,迄,,so far,so far,qì,qì,as yet/until,qi4,0.00%,2549,9,2407,2424,RTH2-L18,RTH1-L18,RSH2-L18,RSH1-L18,SH = TH,SH key = TH key
1687,1687,1717,坎,坎,n.,hump,hump,kǎn,kǎn,pit/threshold,kan3,0.00%,2446,9,2408,2425,RTH2-L18,RTH1-L18,RSH2-L18,RSH1-L18,SH = TH,SH key = TH key
451,451,486,韻,韵,n.,rhyme,rhyme,yùn,yùn,rhyme,yun4,0.00%,2501,9,2409,2426,RTH1-L19,RTH1-L19,RSH1-L19,RSH1-L19,SH <> TH,SH key = TH key
467,467,499,兌,兑,v.,convert,convert,duì,duì,to cash,dui4,0.00%,2424,9,2410,2427,RTH1-L19,RTH1-L19,RSH1-L19,RSH1-L19,SH <> TH,SH key = TH key
1690,1690,1720,剖,剖,,cut open,cut open,pōu,pōu,to cut,pou1,0.00%,2484,9,2411,2428,RTH2-L19,RTH1-L19,RSH2-L19,RSH1-L19,SH = TH,SH key = TH key
1698,1698,1728,坊,坊,,workshop,workshop,fáng,fāng|fáng,subdivision of a city,fang1,0.00%,2542,9,2412,2429,RTH2-L19,RTH1-L19,RSH2-L19,RSH1-L19,SH = TH,SH key = TH key
1703,1703,1735,榜,榜,,roster,roster,bǎng,bǎng|bàng,a notice or announcement/a list of names/public roll of successful examinees,bang3,0.00%,2556,9,2413,2430,RTH2-L19,RTH1-L19,RSH2-L19,RSH1-L19,SH = TH,SH key = TH key
1745,1745,1775,塌,塌,,fall down,fall down,tā,tā,collapse,ta1,0.00%,2465,9,2414,2432,RTH2-L20,RTH1-L20,RSH2-L20,RSH1-L20,SH = TH,SH key = TH key
1750,1750,1576,廂,厢,,side room,side room,xiāng,xiāng,box (in theater)/side room,xiang1,0.00%,2467,9,2415,2391,RTH2-L21,RTH1-L21,RSH2-L10,RSH1-L10,SH <> TH,SH key = TH key
1761,1761,1808,恍,恍,,all of a sudden,all of a sudden,huǎng,huǎng,disappointed/flurried/indistinct,huang3,0.00%,2535,9,2416,2434,RTH2-L21,RTH1-L21,RSH2-L21,RSH1-L21,SH = TH,SH key = TH key
1777,1777,1816,憎,憎,,loathe,loathe,zēng,zēng,detest,zeng1,0.00%,2617,9,2417,2435,RTH2-L21,RTH1-L21,RSH2-L21,RSH1-L21,SH = TH,SH key = TH key
1788,1788,1823,泌,泌,,secrete,secrete,mì,mì,secrete/pour off,bi4/mi4,0.00%,2609,9,2418,2436,RTH2-L21,RTH1-L21,RSH2-L21,RSH1-L21,SH = TH,SH key = TH key
554,554,1184,蟻,蚁,,ant,ant,yǐ,yǐ,ant,yi3,0.00%,2517,9,2419,2548,RTH1-L22,RTH1-L22,RSH1-L38,RSH1-L38,SH <> TH,SH key = TH key
1804,1804,1842,捏,捏,v.,pinch,pinch,niē,niē,to pinch (with one's fingers)/to knead/to make up,nie1,0.00%,2472,9,2420,2439,RTH2-L22,RTH1-L22,RSH2-L22,RSH1-L22,SH = TH,SH key = TH key
1822,1822,1862,捆,捆,,lash together,lash together,kǔn,kǔn,a bunch/tie together/bundle,kun3,0.00%,2640,9,2421,2440,RTH2-L22,RTH1-L22,RSH2-L22,RSH1-L22,SH = TH,SH key = TH key
1839,1839,1880,圾,圾,n.,trash,trash,jī,jī|sè,,ji1,0.00%,2634,9,2422,2441,RTH2-L22,RTH1-L22,RSH2-L22,RSH1-L22,SH = TH,SH key = TH key
1842,1842,2752,嗓,嗓,,voicebox,voicebox,sǎng,sǎng,throat/voice,sang3,0.00%,2496,9,2423,2580,RTH2-L22,RTH1-L22,RSH2-L46,RSH1-L46,SH = TH,SH key = TH key
1843,1843,1885,寇,寇,n.,outlaw,outlaw,kòu,kòu,bandit,kou4,0.00%,2567,9,2424,2442,RTH2-L22,RTH1-L22,RSH2-L22,RSH1-L22,SH = TH,SH key = TH key
1852,1852,1894,淑,淑,,graceful,graceful,shū,shū,,shu1,0.00%,2643,9,2425,2443,RTH2-L22,RTH1-L22,RSH2-L22,RSH1-L22,SH = TH,SH key = TH key
1856,1856,1897,販,贩,,peddler,peddler,fàn,fàn,deal in/trade in/to peddle/to sell,fan4,0.00%,2466,9,2426,2444,RTH2-L22,RTH1-L22,RSH2-L22,RSH1-L22,SH <> TH,SH key = TH key
1889,1889,1947,頌,颂,,extol,extol,sòng,sòng,to praise,song4,0.00%,2414,9,2427,2450,RTH2-L23,RTH1-L23,RSH2-L23,RSH1-L23,SH <> TH,SH key = TH key
1913,1913,1970,耿,耿,,dedicated,dedicated,gěng,gěng,(surname)/bright,geng3,0.00%,2687,9,2428,2452,RTH2-L24,RTH1-L24,RSH2-L24,RSH1-L24,SH = TH,SH key = TH key
1917,1917,1975,娶,娶,,take a wife,take a wife,qǔ,qǔ,take a wife,qu3,0.00%,2494,9,2429,2453,RTH2-L24,RTH1-L24,RSH2-L24,RSH1-L24,SH = TH,SH key = TH key
1919,1919,1982,熙,熙,,splendid,splendid,xī,xī,prosperous/splendid,xi1,0.00%,2485,9,2430,2454,RTH2-L24,RTH1-L24,RSH2-L24,RSH1-L24,SH = TH,SH key = TH key
1921,1921,1985,募,募,v.,recruit,recruit,mù,mù,canvass for contributions/to recruit/to collect/to raise,mu4,0.00%,2657,9,2431,2455,RTH2-L24,RTH1-L24,RSH2-L24,RSH1-L24,SH = TH,SH key = TH key
1938,1938,2000,衍,衍,,develop,develop,yǎn,yǎn,to spread out/to develop/to overflow/to amplify,yan3,0.00%,2437,9,2432,2456,RTH2-L24,RTH1-L24,RSH2-L24,RSH1-L24,SH = TH,SH key = TH key
726,726,781,謎,谜,,riddle,riddle,mí,mí|mèi,riddle,mi2,0.00%,2471,9,2433,2457,RTH1-L25,RTH1-L25,RSH1-L25,RSH1-L25,SH <> TH,SH key = TH key
1941,1941,2003,禿,秃,,bald,bald,tū,tū,bald/blunt,tu1,0.00%,2521,9,2434,2458,RTH2-L25,RTH1-L25,RSH2-L25,RSH1-L25,SH <> TH,SH key = TH key
1954,1954,2010,穎,颖,,clever,clever,yǐng,yǐng,clever/gifted,ying3,0.00%,2514,9,2435,2459,RTH2-L25,RTH1-L25,RSH2-L25,RSH1-L25,SH <> TH,SH key = TH key
1969,1969,2040,糕,糕,,cake,cake,gāo,gāo,cake,gao1,0.00%,2413,9,2436,2461,RTH2-L25,RTH1-L25,RSH2-L25,RSH1-L25,SH = TH,SH key = TH key
1973,1973,2034,菊,菊,,chrysanthemum,chrysanthemum,jú,jú,chrysanthemum,ju2,0.00%,2509,9,2437,2460,RTH2-L25,RTH1-L25,RSH2-L25,RSH1-L25,SH = TH,SH key = TH key
1976,1976,1931,燦,灿,,brilliant,brilliant,càn,càn,glorious/bright/brilliant/lustrous/resplendent,can4,0.00%,2591,9,2438,2448,RTH2-L25,RTH1-L25,RSH2-L23,RSH1-L23,SH <> TH,SH key = TH key
1980,1980,1969,斃,毙,,die a violent death,die a violent death,bì,bì,die violently,bi4,0.00%,2534,9,2439,2451,RTH2-L25,RTH1-L25,RSH2-L24,RSH1-L24,SH <> TH,SH key = TH key
737,737,2089,囚,囚,,prisoner,prisoner,qiú,qiú,prisoner,qiu2,0.00%,2594,9,2440,2466,RTH1-L26,RTH1-L26,RSH2-L26,RSH1-L26,SH = TH,SH key = TH key
780,780,842,丙,丙,,third,third,bǐng,bǐng,the third of the ten heavenly stems/the third position/third/number three,bing3,0.00%,2645,9,2441,2463,RTH1-L26,RTH1-L26,RSH1-L26,RSH1-L26,SH = TH,SH key = TH key
2004,2004,2068,倚,倚,,count on,count on,yǐ,yǐ,to lean on/rely upon,yi3,0.00%,2620,9,2442,2464,RTH2-L26,RTH1-L26,RSH2-L26,RSH1-L26,SH = TH,SH key = TH key
2018,2018,2084,侮,侮,v.,insult,insult,wǔ,wǔ,insult,wu3,0.00%,2621,9,2443,2465,RTH2-L26,RTH1-L26,RSH2-L26,RSH1-L26,SH = TH,SH key = TH key
2026,2026,2091,侄,侄,,nephew,nephew,zhí,zhí,"nephew, nephew (of the same surname)",zhi2,0.00%,2664,9,2444,2467,RTH2-L26,RTH1-L26,RSH2-L26,RSH1-L26,SH = TH,SH key = TH key
2031,2031,2093,傍,傍,,close to,close to,bàng,bàng,"near (approaching), near/nestle",bang1/bang4,0.00%,2558,9,2445,2468,RTH2-L26,RTH1-L26,RSH2-L26,RSH1-L26,SH = TH,SH key = TH key
2033,2033,2944,淹,淹,,inundate,inundate,yān,yān,drown/submerge,yan1,0.00%,2580,9,2446,2616,RTH2-L26,RTH1-L26,RSH2-L55,RSH1-L55,SH = TH,SH key = TH key
2042,2042,2102,杖,杖,,cane,cane,zhàng,zhàng,"cane, walking stick",zhang4,0.00%,2435,9,2447,2469,RTH2-L26,RTH1-L26,RSH2-L26,RSH1-L26,SH = TH,SH key = TH key
2045,2045,1524,頰,颊,,cheek,cheek,jiá,jiá,cheeks,jia2,0.00%,2655,9,2448,2377,RTH2-L26,RTH1-L26,RSH2-L07,RSH1-L07,SH <> TH,SH key = TH key
2051,2051,2106,挫,挫,,frustrate,frustrate,cuò,cuò,be obstructed/fail/oppress/repress/lower the tone/bend back/dampen,cuo4,0.00%,2426,9,2449,2470,RTH2-L26,RTH1-L26,RSH2-L26,RSH1-L26,SH = TH,SH key = TH key
2059,2059,2109,褐,褐,,brown,brown,hè,hè,,he4,0.00%,2654,9,2450,2471,RTH2-L26,RTH1-L26,RSH2-L26,RSH1-L26,SH = TH,SH key = TH key
801,801,866,侶,侣,n.,associate,associate,lǚ,lǚ,companion,lu:3/lv3,0.00%,2661,9,2451,2472,RTH1-L27,RTH1-L27,RSH1-L27,RSH1-L27,SH <> TH,SH key = TH key
2070,2070,2124,瑩,莹,,lustrous,lustrous,yíng,yíng|yīng,luster of gems,ying2,0.00%,2668,9,2452,2473,RTH2-L27,RTH1-L27,RSH2-L27,RSH1-L27,SH <> TH,SH key = TH key
2072,2072,2127,撈,捞,,scoop up,scoop up,lāo,lāo,fish up,lao1,0.00%,2508,9,2453,2474,RTH2-L27,RTH1-L27,RSH2-L27,RSH1-L27,SH <> TH,SH key = TH key
815,815,877,勿,勿,,not,not,wù,wù,do not,wu4,0.00%,2563,9,2454,2475,RTH1-L28,RTH1-L28,RSH1-L28,RSH1-L28,SH = TH,SH key = TH key
2079,2079,2136,屑,屑,,bits,bits,xiè,xiè,crumbs/filings/worth while,xie4,0.00%,2516,9,2455,2476,RTH2-L28,RTH1-L28,RSH2-L28,RSH1-L28,SH = TH,SH key = TH key
2095,2095,2154,妒,妒,,jealous of,jealous of,dù,dù,jealous,du4,0.00%,2598,9,2456,2479,RTH2-L28,RTH1-L28,RSH2-L28,RSH1-L28,SH = TH,SH key = TH key
2110,2110,2169,軸,轴,,axle,axle,zhóu,zhóu|zhòu,"axis/axle, axis/axle",zhou2/zhu2,0.00%,2438,9,2457,2481,RTH2-L29,RTH1-L29,RSH2-L29,RSH1-L29,SH <> TH,SH key = TH key
2112,2112,2172,笛,笛,,flute,flute,dí,dí,flute,di2,0.00%,2561,9,2458,2482,RTH2-L29,RTH1-L29,RSH2-L29,RSH1-L29,SH = TH,SH key = TH key
859,859,928,斬,斩,,hew,hew,zhǎn,zhǎn,behead/chop,zhan3,0.00%,2463,9,2459,2483,RTH1-L30,RTH1-L30,RSH1-L30,RSH1-L30,SH <> TH,SH key = TH key
875,875,950,碌,碌,adj.,commonplace,commonplace,lù,lù|liù|lū,laborious/small stone/to record/to tape/to write down/to hire/to employ,lu4,0.00%,2548,9,2460,2484,RTH1-L30,RTH1-L30,RSH1-L30,RSH1-L30,SH = TH,SH key = TH key
885,885,960,裙,裙,n.,skirt,skirt,qún,qún,skirt,qun2,0.00%,2431,9,2461,2485,RTH1-L30,RTH1-L30,RSH1-L30,RSH1-L30,SH = TH,SH key = TH key
2129,2129,2188,掀,掀,,uncover,uncover,xiān,xiān,lift (cover),xian1,0.00%,2468,9,2462,2487,RTH2-L30,RTH1-L30,RSH2-L30,RSH1-L30,SH = TH,SH key = TH key
2130,2130,2186,祈,祈,,supplicate,supplicate,qí,qí,implore/pray/please,qi2,0.00%,2443,9,2463,2486,RTH2-L30,RTH1-L30,RSH2-L30,RSH1-L30,SH = TH,SH key = TH key
2135,2135,2195,詐,诈,,swindle,swindle,zhà,zhà,crafty/dishonest,zha4,0.00%,2403,9,2464,2488,RTH2-L30,RTH1-L30,RSH2-L30,RSH1-L30,SH <> TH,SH key = TH key
2138,2138,2612,棲,栖,v.,perch,perch,qī,qī|xī,"to roost/to inhabit/to stay/habitat, to roost/to inhabit/to stay/habitat",qi1/xi1,0.00%,2460,9,2465,2562,RTH2-L30,RTH1-L30,RSH2-L40,RSH1-L40,SH <> TH,SH key = TH key
2151,2151,2355,簾,帘,,drapes,drapes,lián,lián,wine shop sign,lian2,0.00%,2458,9,2466,2515,RTH2-L30,RTH1-L30,RSH2-L34,RSH1-L34,SH <> TH,SH key = TH key
2155,2155,2225,塘,塘,n.,pool,pool,táng,táng,pond,tang2,0.00%,2436,9,2467,2489,RTH2-L30,RTH1-L30,RSH2-L30,RSH1-L30,SH = TH,SH key = TH key
2169,2169,2776,傭,佣,,put to work,put to work,yōng,yōng|yòng,"hire/servant, commission (for middleman)",yong1/yong4,0.00%,2546,9,2468,2585,RTH2-L30,RTH1-L30,RSH2-L47,RSH1-L47,SH <> TH,SH key = TH key
2170,2170,2777,甩,甩,v.,fling,fling,shuǎi,shuǎi,fling,shuai3,0.00%,2603,9,2469,2586,RTH2-L30,RTH1-L30,RSH2-L47,RSH1-L47,SH = TH,SH key = TH key
916,916,243,妝,妆,,put on makeup,put on makeup,zhuāng,zhuāng,adornment/adorn,zhuang1,0.00%,2639,9,2470,2395,RTH1-L31,RTH1-L31,RSH1-L11,RSH1-L11,SH <> TH,SH key = TH key
2191,2191,2467,漿,浆,,thick liquid,thick liquid,jiāng,jiàng|jiāng,"broth/serum/to starch, starch paste",jiang1/jiang4,0.00%,2626,9,2471,2536,RTH2-L31,RTH1-L31,RSH2-L37,RSH1-L37,SH <> TH,SH key = TH key
2200,2200,2253,貶,贬,,devalue,devalue,biǎn,biǎn,to diminish/to demote/reduce or devaluate/disparage/censure/depreciate,bian3,0.00%,2536,9,2472,2491,RTH2-L31,RTH1-L31,RSH2-L31,RSH1-L31,SH <> TH,SH key = TH key
2212,2212,2269,弘,弘,,noble,noble,hóng,hóng,great/liberal,hong2,0.00%,2619,9,2473,2493,RTH2-L32,RTH1-L32,RSH2-L32,RSH1-L32,SH = TH,SH key = TH key
2219,2219,2277,沸,沸,,bring to a boil,bring to a boil,fèi,fèi,boil,fei4,0.00%,2698,9,2474,2494,RTH2-L32,RTH1-L32,RSH2-L32,RSH1-L32,SH = TH,SH key = TH key
2220,2220,2278,拂,拂,v.,caress,caress,fú,fú|bì,brush away,fu2,0.00%,2623,9,2475,2495,RTH2-L32,RTH1-L32,RSH2-L32,RSH1-L32,SH = TH,SH key = TH key
2224,2224,2283,朽,朽,,decayed,decayed,xiǔ,xiǔ,rotten,xiu3,0.00%,2544,9,2476,2496,RTH2-L32,RTH1-L32,RSH2-L32,RSH1-L32,SH = TH,SH key = TH key
956,956,1033,烤,烤,v.,roast,roast,kǎo,kǎo,to roast/bake/to broil,kao3,0.00%,2629,9,2477,2498,RTH1-L33,RTH1-L33,RSH1-L33,RSH1-L33,SH = TH,SH key = TH key
2230,2230,2295,躬,躬,v.,stoop,stoop,gōng,gōng,body/oneself/personally/to bow,gong1,0.00%,2650,9,2478,2499,RTH2-L33,RTH1-L33,RSH2-L33,RSH1-L33,SH = TH,SH key = TH key
2234,2234,2301,睹,睹,,behold,behold,dǔ,dǔ,observe/see,du3,0.00%,2568,9,2479,2501,RTH2-L33,RTH1-L33,RSH2-L33,RSH1-L33,SH = TH,SH key = TH key
2238,2238,2307,煮,煮,v.,boil,boil,zhǔ,zhǔ,to cook/to boil,zhu3,0.00%,2582,9,2480,2502,RTH2-L33,RTH1-L33,RSH2-L33,RSH1-L33,SH = TH,SH key = TH key
2246,2246,2311,棺,棺,,coffin,coffin,guān,guān,coffin,guan1,0.00%,2686,9,2481,2503,RTH2-L33,RTH1-L33,RSH2-L33,RSH1-L33,SH = TH,SH key = TH key
2250,2250,2316,狡,狡,,sly,sly,jiǎo,jiǎo,crafty/cunning/sly,jiao3,0.00%,2670,9,2482,2504,RTH2-L33,RTH1-L33,RSH2-L33,RSH1-L33,SH = TH,SH key = TH key
2254,2254,2323,蹄,蹄,,hoof,hoof,tí,tí,hoof/pork shoulder,ti2,0.00%,2648,9,2483,2505,RTH2-L33,RTH1-L33,RSH2-L33,RSH1-L33,SH = TH,SH key = TH key
2256,2256,2324,踩,踩,,step on,step on,cǎi,cǎi,step upon/tread on/stamp,cai3,0.00%,2570,9,2484,2506,RTH2-L33,RTH1-L33,RSH2-L33,RSH1-L33,SH = TH,SH key = TH key
2260,2260,2327,踢,踢,v.,kick,kick,tī,tī,kick/play (football or soccer),ti1,0.00%,2444,9,2485,2507,RTH2-L33,RTH1-L33,RSH2-L33,RSH1-L33,SH = TH,SH key = TH key
2261,2261,2330,躁,躁,,impetuous,impetuous,zào,zào,hot-tempered/impatient,zao4,0.00%,2451,9,2486,2508,RTH2-L33,RTH1-L33,RSH2-L33,RSH1-L33,SH = TH,SH key = TH key
2263,2263,2332,澡,澡,,bath,bath,zǎo,zǎo,bath,zao3,0.00%,2695,9,2487,2509,RTH2-L33,RTH1-L33,RSH2-L33,RSH1-L33,SH = TH,SH key = TH key
2264,2264,2333,藻,藻,,algae,algae,zǎo,zǎo,(aquatic grasses)/elegant,zao3,0.00%,2652,9,2488,2510,RTH2-L33,RTH1-L33,RSH2-L33,RSH1-L33,SH = TH,SH key = TH key
2266,2266,2334,燥,燥,,parched,parched,zào,zào,dry/parched/impatient,zao4,0.00%,2613,9,2489,2511,RTH2-L33,RTH1-L33,RSH2-L33,RSH1-L33,SH = TH,SH key = TH key
2278,2278,2339,隙,隙,n.,rift,rift,xì,xì,crack/occasion for dislike,xi4,0.00%,2419,9,2490,2513,RTH2-L34,RTH1-L34,RSH2-L34,RSH1-L34,SH = TH,SH key = TH key
2284,2284,2344,陋,陋,,undesirable,undesirable,lòu,lòu,low/humble/plain/ugly/mean/vulgar,lou4,0.00%,2660,9,2491,2514,RTH2-L34,RTH1-L34,RSH2-L34,RSH1-L34,SH = TH,SH key = TH key
2297,2297,2375,紗,纱,,yarn,yarn,shā,shā,cotton yarn/muslin,sha1,0.00%,2430,9,2492,2518,RTH2-L35,RTH1-L35,RSH2-L35,RSH1-L35,SH <> TH,SH key = TH key
2306,2306,2377,綢,绸,,silk fabric,silk fabric,chóu,chóu,(light) silk,chou2,0.00%,2635,9,2493,2519,RTH2-L35,RTH1-L35,RSH2-L35,RSH1-L35,SH <> TH,SH key = TH key
2307,2307,2378,絨,绒,n.,down,down,róng,róng,velvet/woolen,rong2,0.00%,2678,9,2494,2520,RTH2-L35,RTH1-L35,RSH2-L35,RSH1-L35,SH <> TH,SH key = TH key
2308,2308,2382,締,缔,,conclude,conclude,dì,dì,closely joined/connection/knot,di4,0.00%,2688,9,2495,2521,RTH2-L35,RTH1-L35,RSH2-L35,RSH1-L35,SH <> TH,SH key = TH key
2311,2311,2383,紡,纺,v.,spin,spin,fǎng,fǎng,spin,fang3,0.00%,2409,9,2496,2522,RTH2-L35,RTH1-L35,RSH2-L35,RSH1-L35,SH <> TH,SH key = TH key
2320,2320,2392,紳,绅,,gentry,gentry,shēn,shēn,member of gentry,shen1,0.00%,2554,9,2497,2524,RTH2-L35,RTH1-L35,RSH2-L35,RSH1-L35,SH <> TH,SH key = TH key
2323,2323,2394,絞,绞,,wring,wring,jiǎo,jiǎo,hang (a criminal)/to turn/to twist/to wind,jiao3,0.00%,2672,9,2498,2525,RTH2-L35,RTH1-L35,RSH2-L35,RSH1-L35,SH <> TH,SH key = TH key
2332,2332,2387,繡,绣,,embroidery,embroidery,xiù,xiù,to embroider,xiu4,0.00%,2434,9,2499,2523,RTH2-L35,RTH1-L35,RSH2-L35,RSH1-L35,SH <> TH,SH key = TH key
2339,2339,2405,莖,茎,,plant stem,plant stem,jīng,jīng,stalk/stem,jing1,0.00%,2675,9,2500,2527,RTH2-L35,RTH1-L35,RSH2-L35,RSH1-L35,SH <> TH,SH key = TH key
2357,2357,2426,卸,卸,,unload,unload,xiè,xiè,unload/take off,xie4,0.00%,2479,9,2501,2528,RTH2-L36,RTH1-L36,RSH2-L36,RSH1-L36,SH = TH,SH key = TH key
2367,2367,2433,榴,榴,,pomegranate,pomegranate,liú,liú,pomegranate,liu2,0.00%,2644,9,2502,2529,RTH2-L36,RTH1-L36,RSH2-L36,RSH1-L36,SH = TH,SH key = TH key
2376,2376,2443,桶,桶,,bucket,bucket,tǒng,tǒng,pail/bucket/bin/barrel,tong3,0.00%,2411,9,2503,2530,RTH2-L36,RTH1-L36,RSH2-L36,RSH1-L36,SH = TH,SH key = TH key
2377,2377,2444,誦,诵,,read aloud,read aloud,sòng,sòng,read aloud,song4,0.00%,2557,9,2504,2531,RTH2-L36,RTH1-L36,RSH2-L36,RSH1-L36,SH <> TH,SH key = TH key
2386,2386,2451,宛,宛,adj.,winding,winding,wǎn,wǎn|yuān,(surname)/similar/winding,wan3,0.00%,2528,9,2505,2532,RTH2-L36,RTH1-L36,RSH2-L36,RSH1-L36,SH = TH,SH key = TH key
2387,2387,2452,腕,腕,,wrist,wrist,wàn,wàn,wrist,wan4,0.00%,2581,9,2506,2533,RTH2-L36,RTH1-L36,RSH2-L36,RSH1-L36,SH = TH,SH key = TH key
2390,2390,2457,詭,诡,,deceitful,deceitful,guǐ,guǐ,sly/crafty,gui3,0.00%,2578,9,2507,2534,RTH2-L36,RTH1-L36,RSH2-L36,RSH1-L36,SH <> TH,SH key = TH key
2396,2396,2463,醇,醇,,mellow wine,mellow wine,chún,chún,rich/pure/good wine/sterols,chun2,0.00%,2560,9,2508,2535,RTH2-L37,RTH1-L37,RSH2-L37,RSH1-L37,SH = TH,SH key = TH key
2403,2403,2475,梭,梭,n.,shuttle,shuttle,suō,suō,shuttle,suo1,0.00%,2681,9,2509,2537,RTH2-L37,RTH1-L37,RSH2-L37,RSH1-L37,SH = TH,SH key = TH key
2404,2404,2476,峻,峻,,lofty,lofty,jùn,jùn,steep,,0.00%,2506,9,2510,2538,RTH2-L37,RTH1-L37,RSH2-L37,RSH1-L37,SH = TH,SH key = TH key
2409,2409,2478,奠,奠,v.,found,found,diàn,diàn,libation,dian4,0.00%,2656,9,2511,2539,RTH2-L37,RTH1-L37,RSH2-L37,RSH1-L37,SH = TH,SH key = TH key
2410,2410,2479,蹲,蹲,v.,squat,squat,dūn,dūn,crouch/squat,dun1,0.00%,2497,9,2512,2540,RTH2-L37,RTH1-L37,RSH2-L37,RSH1-L37,SH = TH,SH key = TH key
2411,2411,2480,逗,逗,v.,tease,tease,dòu,dòu,linger,dou4,0.00%,2587,9,2513,2541,RTH2-L37,RTH1-L37,RSH2-L37,RSH1-L37,SH = TH,SH key = TH key
2414,2414,2268,豎,竖,,perpendicular,perpendicular,shù,shù,(straight down character stroke)/to erect/vertical,shu4,0.00%,2505,9,2514,2492,RTH2-L37,RTH1-L37,RSH2-L32,RSH1-L32,SH <> TH,SH key = TH key
2416,2416,2482,嘻,嘻,,giggling,giggling,xī,xī,laugh/giggle,xi1,0.00%,2432,9,2515,2542,RTH2-L37,RTH1-L37,RSH2-L37,RSH1-L37,SH = TH,SH key = TH key
2429,2429,2496,蘊,蕴,,amass,amass,yùn,yùn,bring together/collect,yun4,0.00%,2633,9,2516,2543,RTH2-L37,RTH1-L37,RSH2-L37,RSH1-L37,SH <> TH,SH key = TH key
2435,2435,2503,耽,耽,,indulge in,indulge in,dān,dān,indulge/delay,dan1,0.00%,2658,9,2517,2545,RTH2-L37,RTH1-L37,RSH2-L37,RSH1-L37,SH = TH,SH key = TH key
2436,2436,2502,枕,枕,,pillow,pillow,zhěn,zhěn,pillow,zhen3,0.00%,2605,9,2518,2544,RTH2-L37,RTH1-L37,RSH2-L37,RSH1-L37,SH = TH,SH key = TH key
2446,2446,1902,豹,豹,,leopard,leopard,bào,bào,leopard/panther,bao4,0.00%,2507,9,2519,2445,RTH2-L37,RTH1-L37,RSH2-L22,RSH1-L22,SH = TH,SH key = TH key
2455,2455,2521,蝕,蚀,,eat away,eat away,shí,shí,eat up slowly/eclipse,shi2,0.00%,2625,9,2520,2546,RTH2-L37,RTH1-L37,RSH2-L37,RSH1-L37,SH <> TH,SH key = TH key
1112,1112,601,攪,搅,v.,stir,stir,jiǎo,jiǎo,to disturb/to annoy/to mix/to stir,jiao3,0.00%,2679,9,2521,2437,RTH1-L38,RTH1-L38,RSH1-L22,RSH1-L22,SH <> TH,SH key = TH key
1117,1117,1181,禽,禽,,fowl,fowl,qín,qín,birds/fowl,qin2,0.00%,2562,9,2522,2547,RTH1-L38,RTH1-L38,RSH1-L38,RSH1-L38,SH = TH,SH key = TH key
1126,1126,407,襯,衬,,inner garments,inner garments,chèn,chèn,give alms/underwear/to line/lining/contrast/assist,chen4,0.00%,2502,9,2523,2411,RTH1-L38,RTH1-L38,RSH1-L18,RSH1-L18,SH <> TH,SH key = TH key
1146,1146,1204,壤,壤,,territory,territory,rǎng,rǎng,soil/earth,rang3,0.00%,2412,9,2524,2549,RTH1-L38,RTH1-L38,RSH1-L38,RSH1-L38,SH = TH,SH key = TH key
2471,2471,2536,攀,攀,v.,climb,climb,pān,pān,climb up/pull,pan1,0.00%,2439,9,2525,2551,RTH2-L38,RTH1-L38,RSH2-L38,RSH1-L38,SH = TH,SH key = TH key
2482,2482,2551,辜,辜,,crime,crime,gū,gū,(surname)/crime/sin,gu1,0.00%,2596,9,2526,2552,RTH2-L38,RTH1-L38,RSH2-L38,RSH1-L38,SH = TH,SH key = TH key
2487,2487,2557,劈,劈,v.,split,split,pǐ,pī|pǐ,"hack/chop/split open, split in two/divide",pi1/pi3,0.00%,2487,9,2527,2553,RTH2-L38,RTH1-L38,RSH2-L38,RSH1-L38,SH = TH,SH key = TH key
2488,2488,2558,譬,譬,,analogy,analogy,pì,pì,give an example,pi4,0.00%,2441,9,2528,2554,RTH2-L38,RTH1-L38,RSH2-L38,RSH1-L38,SH = TH,SH key = TH key
2493,2493,1840,墊,垫,n./v.,pad,pad,diàn,diàn,pad/cushion/mat,dian4,0.00%,2597,9,2529,2438,RTH2-L38,RTH1-L38,RSH2-L22,RSH1-L22,SH <> TH,SH key = TH key
1182,1182,832,嘩,哗,n.,clamor,clamor,huá,huā|huá,"crashing sound, cat-calling sound/clamor/noise, clamor/noise",hua1/hua2,0.00%,2486,9,2530,2462,RTH1-L39,RTH1-L39,RSH1-L26,RSH1-L26,SH <> TH,SH key = TH key
2508,2508,2568,靖,靖,,pacify,pacify,jìng,jìng,pacify/quiet,jing4,0.00%,2545,9,2531,2555,RTH2-L39,RTH1-L39,RSH2-L39,RSH1-L39,SH = TH,SH key = TH key
1190,1190,1062,蔭,荫,,shady,shady,yìn,yìn|yīn,shade,yin4/yin1,0.00%,2669,9,2532,2512,RTH1-L40,RTH1-L40,RSH1-L34,RSH1-L34,SH <> TH,SH key = TH key
2540,2540,2613,栗,栗,,chestnut,chestnut,lì,lì,"afraid/trembling, (surname)/chestnut",li4,0.00%,2595,9,2533,2563,RTH2-L40,RTH1-L40,RSH2-L40,RSH1-L40,SH = TH,SH key = TH key
2555,2555,2628,閥,阀,,valve,valve,fá,fá,clique/valve,fa2,0.00%,2671,9,2534,2564,RTH2-L41,RTH1-L41,RSH2-L41,RSH1-L41,SH <> TH,SH key = TH key
2571,2571,2595,緯,纬,,latitude,latitude,wěi,wěi,latitude,wei3,0.00%,2697,9,2535,2560,RTH2-L41,RTH1-L41,RSH2-L39,RSH1-L39,SH <> TH,SH key = TH key
1228,1228,1281,旱,旱,,drought,drought,hàn,hàn,drought,han4,0.00%,2523,9,2536,2565,RTH1-L42,RTH1-L42,RSH1-L42,RSH1-L42,SH = TH,SH key = TH key
1238,1238,1290,辣,辣,,spicy hot,spicy hot,là,là|lā,hot (spicy)/pungent,la4,0.00%,2420,9,2537,2566,RTH1-L42,RTH1-L42,RSH1-L42,RSH1-L42,SH = TH,SH key = TH key
2584,2584,2652,喇,喇,,flared horn,flared horn,lǎ,lǎ|lā|lá,"(onomat.), (phonetic)",la1/la3,0.00%,2677,9,2538,2567,RTH2-L42,RTH1-L42,RSH2-L42,RSH1-L42,SH = TH,SH key = TH key
2588,2588,2656,嫩,嫩,adj.,tender,tender,nèn,nèn,tender/soft,nen4,0.00%,2500,9,2539,2568,RTH2-L42,RTH1-L42,RSH2-L42,RSH1-L42,SH = TH,SH key = TH key
1252,1252,1298,樞,枢,,hub,hub,shū,shū,hinge/pivot,shu1,0.00%,2616,9,2540,2569,RTH1-L43,RTH1-L43,RSH1-L43,RSH1-L43,SH <> TH,SH key = TH key
2605,2605,2662,癢,痒,v.,itch,itch,yǎng,yǎng,to itch/to tickle,yang3,0.00%,2646,9,2541,2570,RTH2-L43,RTH1-L43,RSH2-L43,RSH1-L43,SH <> TH,SH key = TH key
2618,2618,2676,砸,砸,v.,smash,smash,zá,zá,smash/smashed,za2,0.00%,2456,9,2542,2571,RTH2-L43,RTH1-L43,RSH2-L43,RSH1-L43,SH = TH,SH key = TH key
2623,2623,2680,兜,兜,,pocket,pocket,dōu,dōu,pocket,dou1,0.00%,2512,9,2543,2572,RTH2-L43,RTH1-L43,RSH2-L43,RSH1-L43,SH = TH,SH key = TH key
2635,2635,2694,凳,凳,,bench,bench,dèng,dèng,bench/stool,deng4,0.00%,2680,9,2544,2573,RTH2-L43,RTH1-L43,RSH2-L43,RSH1-L43,SH = TH,SH key = TH key
1272,1272,1315,彥,彦,,erudite,erudite,yàn,yàn,accomplished/elegant,yan4,0.00%,2559,9,2545,2574,RTH1-L44,RTH1-L44,RSH1-L44,RSH1-L44,SH <> TH,SH key = TH key
2643,2643,2704,膨,膨,,puffy,puffy,péng,péng,swollen,peng2,0.00%,2415,9,2546,2575,RTH2-L44,RTH1-L44,RSH2-L44,RSH1-L44,SH = TH,SH key = TH key
2646,2646,2705,滲,渗,,seep,seep,shèn,shèn,to seep/to ooze/to horrify,shen4,0.00%,2520,9,2547,2576,RTH2-L44,RTH1-L44,RSH2-L44,RSH1-L44,SH <> TH,SH key = TH key
2674,2674,2741,勘,勘,v.,survey,survey,kān,kān,to investigate/to survey/to collate,kan1,0.00%,2585,9,2548,2578,RTH2-L45,RTH1-L45,RSH2-L45,RSH1-L45,SH = TH,SH key = TH key
2676,2676,2743,譴,谴,v.,censure,censure,qiǎn,qiǎn,punishment/scold,qian3,0.00%,2527,9,2549,2579,RTH2-L45,RTH1-L45,RSH2-L45,RSH1-L45,SH <> TH,SH key = TH key
2686,2686,1907,壘,垒,,baseball base,baseball base,lěi,lěi,rampart,lei3,0.00%,2417,9,2550,2446,RTH2-L45,RTH1-L45,RSH2-L22,RSH1-L22,SH <> TH,SH key = TH key
2693,2693,2762,哄,哄,v.,fool,fool,hǒng,hòng|hǒng|hōng,"resound with laughter, deceive/coax, have a hilarious time/riot",hong1/hong3/hong4,0.00%,2513,9,2551,2583,RTH2-L46,RTH1-L46,RSH2-L46,RSH1-L46,SH = TH,SH key = TH key
2697,2697,2768,拱,拱,n./v.,arch,arch,gǒng,gǒng,fold hands in salute/to arch,gong3,0.00%,2573,9,2552,2584,RTH2-L46,RTH1-L46,RSH2-L46,RSH1-L46,SH = TH,SH key = TH key
2707,2707,2757,壺,壶,,kettle,kettle,hú,hú,pot/(a measure word),hu2,0.00%,2518,9,2553,2581,RTH2-L47,RTH1-L47,RSH2-L46,RSH1-L46,SH <> TH,SH key = TH key
2709,2709,2781,懈,懈,,lax,lax,xiè,xiè,lax/negligent,xie4,0.00%,2689,9,2554,2587,RTH2-L47,RTH1-L47,RSH2-L47,RSH1-L47,SH = TH,SH key = TH key
2712,2712,1611,鑰,钥,,key,key,yào,yào|yuè,"key, key",yao4/yue4,0.00%,2481,9,2555,2396,RTH2-L47,RTH1-L47,RSH2-L12,RSH1-L12,SH <> TH,SH key = TH key
2717,2717,2785,珊,珊,,coral,coral,shān,shān,coral,shan1,0.00%,2555,9,2556,2588,RTH2-L47,RTH1-L47,RSH2-L47,RSH1-L47,SH = TH,SH key = TH key
2734,2734,2799,縛,缚,,bind fast,bind fast,fù,fù,to bind/to tie,fu2/fu4,0.00%,2577,9,2557,2590,RTH2-L48,RTH1-L48,RSH2-L48,RSH1-L48,SH <> TH,SH key = TH key
2737,2737,2805,鄙,鄙,,despicable,despicable,bǐ,bǐ,rustic/low/base/mean,bi3,0.00%,2510,9,2558,2591,RTH2-L48,RTH1-L48,RSH2-L48,RSH1-L48,SH = TH,SH key = TH key
2742,2742,2809,綁,绑,v.,truss,truss,bǎng,bǎng,to tie/bind or fasten together,bang3,0.00%,2421,9,2559,2592,RTH2-L48,RTH1-L48,RSH2-L48,RSH1-L48,SH <> TH,SH key = TH key
2745,2745,2923,擲,掷,,hurl,hurl,zhì,zhì,toss,zhi4,0.00%,2614,9,2560,2609,RTH2-L48,RTH1-L48,RSH2-L54,RSH1-L54,SH <> TH,SH key = TH key
1346,1346,1389,鍛,锻,v.,forge,forge,duàn,duàn,forge/wrought/to discipline,duan4,0.00%,2531,9,2561,2593,RTH1-L49,RTH1-L49,RSH1-L49,RSH1-L49,SH <> TH,SH key = TH key
2754,2754,2578,鑄,铸,v.,cast,cast,zhù,zhù,cast metals/to coin (money),zhu4,0.00%,2530,9,2562,2557,RTH2-L49,RTH1-L49,RSH2-L39,RSH1-L39,SH <> TH,SH key = TH key
2755,2755,2579,禱,祷,,pray,pray,dǎo,dǎo,prayer/pray/supplication,dao3,0.00%,2483,9,2563,2558,RTH2-L49,RTH1-L49,RSH2-L39,RSH1-L39,SH <> TH,SH key = TH key
2765,2765,2827,鉛,铅,n.,lead,lead,qiān,qiān,lead (metal),qian1,0.00%,2641,9,2564,2594,RTH2-L49,RTH1-L49,RSH2-L49,RSH1-L49,SH <> TH,SH key = TH key
1367,1367,1410,馨,馨,,fragrant,fragrant,xīn,xīn,fragrant,xin1,0.00%,2586,9,2565,2595,RTH1-L50,RTH1-L50,RSH1-L50,RSH1-L50,SH = TH,SH key = TH key
1370,1370,438,娛,娱,,amusement,amusement,yú,yú,amuse,yu2,0.00%,2493,9,2566,2413,RTH1-L50,RTH1-L50,RSH1-L18,RSH1-L18,SH <> TH,SH key = TH key
2768,2768,2830,溢,溢,,brim over,brim over,yì,yì,overflow,yi4,0.00%,2454,9,2567,2596,RTH2-L50,RTH1-L50,RSH2-L50,RSH1-L50,SH = TH,SH key = TH key
2774,2774,2836,氫,氢,,hydrogen,hydrogen,qīng,qīng,hydrogen,qing1,0.00%,2637,9,2568,2597,RTH2-L50,RTH1-L50,RSH2-L50,RSH1-L50,SH <> TH,SH key = TH key
2805,2805,2957,肆,肆,,IV,IV,sì,sì,four (fraud-proof)/market,si4,0.00%,2445,9,2569,2618,RTH2-L51,RTH1-L51,RSH2-L55,RSH1-L55,SH = TH,SH key = TH key
1394,1394,1431,雁,雁,,wild goose,wild goose,yàn,yàn,wild goose,yan4,0.00%,2553,9,2570,2599,RTH1-L52,RTH1-L52,RSH1-L52,RSH1-L52,SH = TH,SH key = TH key
2811,2811,2867,鴿,鸽,,pigeon,pigeon,gē,gē,pigeon/dove,ge1,0.00%,2694,9,2571,2600,RTH2-L52,RTH1-L52,RSH2-L52,RSH1-L52,SH <> TH,SH key = TH key
2812,2812,2868,鶴,鹤,,crane,crane,hè,hè,crane,he4,0.00%,2624,9,2572,2601,RTH2-L52,RTH1-L52,RSH2-L52,RSH1-L52,SH <> TH,SH key = TH key
2819,2819,2874,嗚,呜,,zoom-zoom,zoom-zoom,wū,wū,(onomat. for humming),wu1,0.00%,2572,9,2573,2602,RTH2-L52,RTH1-L52,RSH2-L52,RSH1-L52,SH <> TH,SH key = TH key
2833,2833,2881,罐,罐,,jar,jar,guàn,guàn,can/jar/pot,guan4,0.00%,2410,9,2574,2603,RTH2-L52,RTH1-L52,RSH2-L52,RSH1-L52,SH = TH,SH key = TH key
2836,2836,372,鹹,咸,,salty,salty,xián,xián,"all/in all cases/salty, salty",xian2,0.00%,2525,9,2575,2405,RTH2-L52,RTH1-L52,RSH1-L16,RSH1-L16,SH <> TH,SH key = TH key
2838,2838,2884,淘,淘,,wash in a container,wash in a container,táo,táo,cleanse/eliminate/to clean out/to wash,tao2,0.00%,2499,9,2576,2604,RTH2-L52,RTH1-L52,RSH2-L52,RSH1-L52,SH = TH,SH key = TH key
2840,2840,2886,謠,谣,,rumor,rumor,yáo,yáo,popular ballad/rumor,yao2,0.00%,2600,9,2577,2605,RTH2-L52,RTH1-L52,RSH2-L52,RSH1-L52,SH <> TH,SH key = TH key
2866,2866,2912,虜,虏,,take captive,take captive,lǔ,lǔ,take captive,lu3,0.00%,2475,9,2578,2607,RTH2-L53,RTH1-L53,RSH2-L53,RSH1-L53,SH <> TH,SH key = TH key
2867,2867,2913,虐,虐,,despotic,despotic,nüè,nüè,oppressive/tyrannical,nue4,0.00%,2665,9,2579,2608,RTH2-L53,RTH1-L53,RSH2-L53,RSH1-L53,SH = TH,SH key = TH key
2871,2871,2156,蘆,芦,,reeds,reeds,lú,lú,rush/reed/Phragmites communis,lu2,0.00%,2477,9,2580,2480,RTH2-L53,RTH1-L53,RSH2-L28,RSH1-L28,SH <> TH,SH key = TH key
2872,2872,2903,驢,驴,,donkey,donkey,lǘ,lǘ,donkey,lu:2/lv2,0.00%,2543,9,2581,2606,RTH2-L53,RTH1-L53,RSH2-L53,RSH1-L53,SH <> TH,SH key = TH key
2877,2877,2289,垮,垮,v.,collapse,collapse,kuǎ,kuǎ,collapse,kua3,0.00%,2674,9,2582,2497,RTH2-L53,RTH1-L53,RSH2-L32,RSH1-L32,SH = TH,SH key = TH key
2890,2890,2610,曬,晒,,bask,bask,shài,shài,to sun,shai4,0.00%,2630,9,2583,2561,RTH2-L53,RTH1-L53,RSH2-L40,RSH1-L40,SH <> TH,SH key = TH key
2898,2898,2924,魄,魄,,vigor,vigor,pò,pò,soul,po4,0.00%,2511,9,2584,2610,RTH2-L54,RTH1-L54,RSH2-L54,RSH1-L54,SH = TH,SH key = TH key
2900,2900,2926,魅,魅,,enchant,enchant,mèi,mèi,demon/magic/to charm,mei4,0.00%,2662,9,2585,2611,RTH2-L54,RTH1-L54,RSH2-L54,RSH1-L54,SH = TH,SH key = TH key
2901,2901,2927,瑰,瑰,,marvelous,marvelous,guī,guī,(semi-precious stone)/extraordinary,gui1,0.00%,2492,9,2586,2612,RTH2-L54,RTH1-L54,RSH2-L54,RSH1-L54,SH = TH,SH key = TH key
2904,2904,2930,魁,魁,,leader,leader,kuí,kuí,chief/head,kui2,0.00%,2599,9,2587,2613,RTH2-L54,RTH1-L54,RSH2-L54,RSH1-L54,SH = TH,SH key = TH key
2907,2907,2933,寵,宠,,dote on,dote on,chǒng,chǒng,to love/to pamper/to spoil/to favor,chong3,0.00%,2422,9,2588,2614,RTH2-L54,RTH1-L54,RSH2-L54,RSH1-L54,SH <> TH,SH key = TH key
2915,2915,1789,樁,桩,n.,stake,stake,zhuāng,zhuāng,item/stump/stake/pile,zhuang1,0.00%,2491,9,2589,2433,RTH2-L55,RTH1-L55,RSH2-L21,RSH1-L21,SH <> TH,SH key = TH key
2916,2916,2758,鑿,凿,,bore a hole,bore a hole,záo,záo|zuò,"chisel, chisel",zao2/zuo4,0.00%,2696,9,2590,2582,RTH2-L55,RTH1-L55,RSH2-L46,RSH1-L46,SH <> TH,SH key = TH key
2918,2918,2362,竄,窜,,scurry,scurry,cuàn,cuàn,flee/escape/run away/leap,cuan4,0.00%,2461,9,2591,2516,RTH2-L55,RTH1-L55,RSH2-L34,RSH1-L34,SH <> TH,SH key = TH key
2920,2920,2242,蠟,蜡,n.,wax,wax,là,là,candle/wax,la4,0.00%,2593,9,2592,2490,RTH2-L55,RTH1-L55,RSH2-L31,RSH1-L31,SH <> TH,SH key = TH key
2926,2926,2963,稻,稻,,unhulled rice,unhulled rice,dào,dào,paddy/rice,dao4,0.00%,2529,9,2593,2619,RTH2-L55,RTH1-L55,RSH2-L55,RSH1-L55,SH = TH,SH key = TH key
2927,2927,2964,蹈,蹈,v.,tread,tread,dǎo,dǎo,tread on/trample/stamp/fulfill,dao3,0.00%,2659,9,2594,2620,RTH2-L55,RTH1-L55,RSH2-L55,RSH1-L55,SH = TH,SH key = TH key
2933,2933,2940,瞞,瞒,,dissemble,dissemble,mán,mán,conceal from,man2,0.00%,2405,9,2595,2615,RTH2-L55,RTH1-L55,RSH2-L55,RSH1-L55,SH <> TH,SH key = TH key
2940,2940,2299,嶼,屿,,islet,islet,yǔ,yǔ,islet,yu3,0.00%,2636,9,2596,2500,RTH2-L55,RTH1-L55,RSH2-L33,RSH1-L33,SH <> TH,SH key = TH key
2953,2953,2147,屢,屡,,time and again,time and again,lǚ,lǚ,time and again,lu:3/lv3,0.00%,2450,9,2597,2477,RTH2-L55,RTH1-L55,RSH2-L28,RSH1-L28,SH <> TH,SH key = TH key
2955,2955,1742,燭,烛,,candle,candle,zhú,zhú,candle,zhu2,0.00%,2537,9,2598,2431,RTH2-L55,RTH1-L55,RSH2-L20,RSH1-L20,SH <> TH,SH key = TH key
2963,2963,2715,齋,斋,,abstain from food,abstain from food,zhāi,zhāi,a fast/studio,zhai1,0.00%,2404,9,2599,2577,RTH2-L55,RTH1-L55,RSH2-L44,RSH1-L44,SH <> TH,SH key = TH key
2965,2965,2946,鈕,钮,n.,push button,push button,niǔ,niǔ,(surname)/button,niu3,0.00%,2685,9,2600,2617,RTH2-L55,RTH1-L55,RSH2-L55,RSH1-L55,SH <> TH,SH key = TH key
3001,3001,1937,崔,崔,,Cui,Cui,cuī,cuī,(surname)/high mountain/precipitous,cui1,0.00%,2552,9,2601,2449,RTH2-Postscript 1,RTH1-Postscript 1,RSH2-L23,RSH1-L23,SH = TH,SH key = TH key
3024,3024,3012,甸,甸,,outlying areas,outlying areas,diàn,diān|diàn,imperial domain/suburb,dian4,0.00%,2588,9,2602,2621,RTH2-Postscript 1,RTH1-Postscript 1,RSH2-Postscript 1,RSH1-Postscript 1,SH = TH,SH key = TH key
3030,3030,3018,鈞,钧,,30 catties,30 catties,jūn,jūn,30 catties/great/your (hon.),,0.00%,2504,9,2603,2622,RTH2-Postscript 1,RTH1-Postscript 1,RSH2-Postscript 1,RSH1-Postscript 1,SH <> TH,SH key = TH key
3031,3031,2403,喲,哟,,Oh!,Oh!,yō,yo|yō,"(interj) Oh, sound made when expressing surprise/(idiom) used at end of sentence as an exclamation",yo/yo1,0.00%,2524,9,2604,2526,RTH2-Postscript 1,RTH1-Postscript 1,RSH2-L35,RSH1-L35,SH <> TH,SH key = TH key
3034,3034,2989,芙,芙,,hibiscus (A),hibiscus (A),fú,fú,lotus,fu2,0.00%,2627,9,2605,2370,RTH2-Postscript 1,RTH1-Postscript 1,RSH2-Compounds,RSH1-Compounds,SH = TH,SH key = TH key
2982,2982,2978,蛛,蛛,,spider (back end),spider (back end),zhū,zhū,spider,zhu1,0.00%,2653,9,2606,2367,RTH2-Compounds,,RSH2-Compounds,,SH = TH,SH key = TH key
2984,2984,2980,駝,驼,,camel (back end),camel (back end),tuó,tuó,humpback,tuo2,0.00%,2638,9,2607,2368,RTH2-Compounds,,RSH2-Compounds,,SH <> TH,SH key = TH key
2988,2988,2984,凰,凰,,female phoenix,female phoenix,huáng,huáng,phoenix,huang2,0.00%,2453,9,2608,2369,RTH2-Compounds,,RSH2-Compounds,,SH = TH,SH key = TH key
1501,1501,1501,叭,叭,n.,trumpet,trumpet,bā,ba|bā,"denote a sound or sharp noise (gunfire, etc.)",ba1,0.00%,2704,10,2609,2626,RTH2-L01,RTH1-L01,RSH2-L01,RSH1-L01,SH = TH,SH key = TH key
30,30,31,凹,凹,,concave,concave,āo,āo|wā,a depression/indentation/concave/hollow,ao1,0.00%,2862,10,2610,2627,RTH1-L02,RTH1-L02,RSH1-L02,RSH1-L02,SH = TH,SH key = TH key
31,31,32,凸,凸,,convex,convex,tū,tū,(adj) convex; stick out,tu1,0.00%,2857,10,2611,2628,RTH1-L02,RTH1-L02,RSH1-L02,RSH1-L02,SH = TH,SH key = TH key
26,26,27,旭,旭,,rising sun,rising sun,xù,xù,dawn/rising sun,xu4,0.00%,2846,10,2612,2629,RTH1-L02,RTH1-L02,RSH1-L02,RSH1-L02,SH = TH,SH key = TH key
1506,1506,1510,囂,嚣,,hubbub,hubbub,xiāo,xiāo,clamor,xiao1,0.00%,2982,10,2613,2630,RTH2-L04,RTH1-L04,RSH2-L04,RSH1-L04,SH <> TH,SH key = TH key
1508,1508,1514,叨,叨,,talkative,talkative,dāo,dāo|tāo,"grumble/garrulous, be in receipt of",dao1/tao1,0.00%,2844,10,2614,2631,RTH2-L05,RTH1-L05,RSH2-L05,RSH1-L05,SH = TH,SH key = TH key
115,115,126,砂,砂,,gravel,gravel,shā,shā,sand/gravel/granule,sha1,0.00%,2713,10,2615,2632,RTH1-L07,RTH1-L07,RSH1-L07,RSH1-L07,SH = TH,SH key = TH key
1522,1522,1535,汰,汰,,get rid of,get rid of,tài,tài,to discard/to eliminate/too,tai4,0.00%,2969,10,2616,2635,RTH2-L08,RTH1-L08,RSH2-L08,RSH1-L08,SH = TH,SH key = TH key
1524,1524,1534,渺,渺,,insignificant,insignificant,miǎo,miǎo,vague/remote,miao3,0.00%,2966,10,2617,2634,RTH2-L08,RTH1-L08,RSH2-L08,RSH1-L08,SH = TH,SH key = TH key
1531,1531,1546,灼,灼,,scorch,scorch,zhuó,zhuó,brilliant/cauterize,zhuo2,0.00%,2867,10,2618,2637,RTH2-L08,RTH1-L08,RSH2-L08,RSH1-L08,SH = TH,SH key = TH key
1533,1533,1668,澆,浇,,sprinkle,sprinkle,jiāo,jiāo,to water,jiao1,0.00%,2866,10,2619,2665,RTH2-L08,RTH1-L08,RSH2-L16,RSH1-L16,SH <> TH,SH key = TH key
190,190,201,貯,贮,,store up,store up,zhù,zhù,to store/to save/stockpile,zhu4,0.00%,2824,10,2620,2638,RTH1-L09,RTH1-L09,RSH1-L09,RSH1-L09,SH <> TH,SH key = TH key
1538,1538,1560,喧,喧,,boisterous,boisterous,xuān,xuān,"clamor/noise, clamor/noise/deceitful",xuan1,0.00%,2778,10,2621,2643,RTH2-L09,RTH1-L09,RSH2-L09,RSH1-L09,SH = TH,SH key = TH key
195,195,208,杏,杏,,apricot,apricot,xìng,xìng,apricot,xing4,0.00%,2790,10,2622,2644,RTH1-L10,RTH1-L10,RSH1-L10,RSH1-L10,SH = TH,SH key = TH key
1550,1550,1567,櫻,樱,,cherry,cherry,yīng,yīng,cherry,ying1,0.00%,2781,10,2623,2645,RTH2-L10,RTH1-L10,RSH2-L10,RSH1-L10,SH <> TH,SH key = TH key
1551,1551,1568,梢,梢,,treetops,treetops,shāo,shāo,tip of branch,shao1,0.00%,2785,10,2624,2646,RTH2-L10,RTH1-L10,RSH2-L10,RSH1-L10,SH = TH,SH key = TH key
1552,1552,1571,桐,桐,,paulownia,paulownia,tóng,tóng,Aleurites cordata,tong2,0.00%,2712,10,2625,2647,RTH2-L10,RTH1-L10,RSH2-L10,RSH1-L10,SH = TH,SH key = TH key
1560,1560,1658,碟,碟,,saucer,saucer,dié,dié,dish/plate,die2,0.00%,2835,10,2626,2661,RTH2-L10,RTH1-L10,RSH2-L16,RSH1-L16,SH = TH,SH key = TH key
1561,1561,1580,萌,萌,v.,bud,bud,méng,méng,people/sprout,meng2,0.00%,2879,10,2627,2648,RTH2-L10,RTH1-L10,RSH2-L10,RSH1-L10,SH = TH,SH key = TH key
1565,1565,1585,暮,暮,,sunset,sunset,mù,mù,evening/sunset,mu4,0.00%,2768,10,2628,2651,RTH2-L10,RTH1-L10,RSH2-L10,RSH1-L10,SH = TH,SH key = TH key
1569,1569,1589,狸,狸,,raccoon dog,raccoon dog,lí,lí,(dog)/wild cat,li2,0.00%,2738,10,2629,2652,RTH2-L11,RTH1-L11,RSH2-L11,RSH1-L11,SH = TH,SH key = TH key
1570,1570,1593,嗅,嗅,v.,sniff,sniff,xiù,xiù,sense of smell,xiu4,0.00%,2703,10,2630,2653,RTH2-L11,RTH1-L11,RSH2-L11,RSH1-L11,SH = TH,SH key = TH key
1580,1580,1606,枉,枉,,crooked,crooked,wǎng,wǎng,in the wrong/in vain,wang3,0.00%,2918,10,2631,2655,RTH2-L12,RTH1-L12,RSH2-L12,RSH1-L12,SH = TH,SH key = TH key
1585,1585,1609,栓,栓,n.,plug,plug,shuān,shuān,bottle stopper/wooden pin/plug,shuan1,0.00%,2938,10,2632,2656,RTH2-L12,RTH1-L12,RSH2-L12,RSH1-L12,SH = TH,SH key = TH key
1600,1600,1627,煎,煎,v.,saute,saute,jiān,jiān,pan-fry,jian1,0.00%,2893,10,2633,2657,RTH2-L13,RTH1-L13,RSH2-L13,RSH1-L13,SH = TH,SH key = TH key
1611,1611,2116,贖,赎,,redeem,redeem,shú,shú,redeem/to ransom,shu2,0.00%,2863,10,2634,2726,RTH2-L14,RTH1-L14,RSH2-L27,RSH1-L27,SH <> TH,SH key = TH key
1630,1630,1660,膩,腻,,sick and tired of,sick and tired of,nì,nì,greasy/tired of,ni4,0.00%,2819,10,2635,2662,RTH2-L16,RTH1-L16,RSH2-L16,RSH1-L16,SH <> TH,SH key = TH key
1633,1633,1661,嘎,嘎,n.,caw,caw,gā,gā|gá|gǎ,cackling sound,ga2/ga1,0.00%,2852,10,2636,2663,RTH2-L16,RTH1-L16,RSH2-L16,RSH1-L16,SH = TH,SH key = TH key
1639,1639,1667,濺,溅,v.,splatter,splatter,jiàn,jiàn,splash,jian4,0.00%,2949,10,2637,2664,RTH2-L16,RTH1-L16,RSH2-L16,RSH1-L16,SH <> TH,SH key = TH key
1641,1641,1669,澀,涩,,astringent,astringent,sè,sè,grating (of surfaces)/tart/acerbic,se4,0.00%,2836,10,2638,2666,RTH2-L17,RTH1-L17,RSH2-L17,RSH1-L17,SH <> TH,SH key = TH key
1657,1657,1684,帖,帖,n.,note,note,tiě,tiē|tiě|tiè,"fit snugly, invitation card/notice, rubbing from incised inscription",tie1/tie3/tie4,0.00%,2892,10,2639,2668,RTH2-L18,RTH1-L18,RSH2-L18,RSH1-L18,SH = TH,SH key = TH key
1664,1664,1690,棘,棘,,thorn bushes,thorn bushes,jí,jí,thorns,ji2,0.00%,2870,10,2640,2669,RTH2-L18,RTH1-L18,RSH2-L18,RSH1-L18,SH = TH,SH key = TH key
1665,1665,1694,棗,枣,,jujube,jujube,zǎo,zǎo,jujube,zao3,0.00%,2851,10,2641,2670,RTH2-L18,RTH1-L18,RSH2-L18,RSH1-L18,SH <> TH,SH key = TH key
1672,1672,1701,啼,啼,,weep aloud,weep aloud,tí,tí,mourn/to cry/hoof,ti2,0.00%,2913,10,2642,2671,RTH2-L18,RTH1-L18,RSH2-L18,RSH1-L18,SH = TH,SH key = TH key
1675,1675,1703,頃,顷,,100 Chinese acres,100 Chinese acres,qǐng,qǐng,100 mu/a short while ago/a 'ching' (unit of area)/approx. (with dates)/a short while,qing3,0.00%,2724,10,2643,2672,RTH2-L18,RTH1-L18,RSH2-L18,RSH1-L18,SH <> TH,SH key = TH key
453,453,415,幟,帜,,streamer,streamer,zhì,zhì,flag,zhi4,0.00%,2813,10,2644,2667,RTH1-L19,RTH1-L19,RSH1-L18,RSH1-L18,SH <> TH,SH key = TH key
474,474,1250,棟,栋,,building,building,dòng,dòng,roof beam,dong4,0.00%,2710,10,2645,2790,RTH1-L19,RTH1-L19,RSH1-L40,RSH1-L40,SH <> TH,SH key = TH key
1701,1701,1732,熬,熬,v.,stew,stew,áo,áo|āo,"to boil/stew/to simmer, endure/to boil",ao1/ao2,0.00%,2705,10,2646,2675,RTH2-L19,RTH1-L19,RSH2-L19,RSH1-L19,SH = TH,SH key = TH key
1704,1704,1734,磅,磅,n.,pound,pound,bàng,bàng|páng|bāng,a measure word/pound (unit of measurement)/scale/weigh,bang4/pang2,0.00%,2941,10,2647,2676,RTH2-L19,RTH1-L19,RSH2-L19,RSH1-L19,SH = TH,SH key = TH key
1709,1709,1741,蛙,蛙,,frog,frog,wā,wā,frog,wa1,0.00%,2904,10,2648,2679,RTH2-L20,RTH1-L20,RSH2-L20,RSH1-L20,SH = TH,SH key = TH key
1720,1720,2126,朦,朦,adj.,dim,dim,méng,méng,deceive/indistinct,meng2,0.00%,2826,10,2649,2727,RTH2-L20,RTH1-L20,RSH2-L27,RSH1-L27,SH = TH,SH key = TH key
1723,1723,1751,琢,琢,v.,chisel,chisel,zhuó,zhuó|zuó,to cut (gems),zhuo2,0.00%,2921,10,2650,2681,RTH2-L20,RTH1-L20,RSH2-L20,RSH1-L20,SH = TH,SH key = TH key
1727,1727,1756,燙,烫,,scald,scald,tàng,tàng,to scald/to burn/to iron/hot,tang4,0.00%,2903,10,2651,2682,RTH2-L20,RTH1-L20,RSH2-L20,RSH1-L20,SH <> TH,SH key = TH key
1730,1730,1760,羨,羡,v.,envy,envy,xiàn,xiàn,to envy,xian4,0.00%,2732,10,2652,2683,RTH2-L20,RTH1-L20,RSH2-L20,RSH1-L20,SH <> TH,SH key = TH key
1735,1735,1772,礁,礁,,reef,reef,jiāo,jiāo,reef/shoal rock,jiao1,0.00%,2952,10,2653,2684,RTH2-L20,RTH1-L20,RSH2-L20,RSH1-L20,SH = TH,SH key = TH key
1744,1744,1774,翹,翘,,turn upward,turn upward,qiào,qiào|qiáo,outstanding/to raise,qiao2/qiao4,0.00%,2992,10,2654,2685,RTH2-L20,RTH1-L20,RSH2-L20,RSH1-L20,SH <> TH,SH key = TH key
1754,1754,1525,廁,厕,,toilet,toilet,cè,cè|si,rest-room/toilet/lavatory,ce4,0.00%,2920,10,2655,2633,RTH2-L21,RTH1-L21,RSH2-L07,RSH1-L07,SH <> TH,SH key = TH key
1757,1757,1800,悼,悼,,mourn,mourn,dào,dào,mourn/lament,dao4,0.00%,2963,10,2656,2688,RTH2-L21,RTH1-L21,RSH2-L21,RSH1-L21,SH = TH,SH key = TH key
1786,1786,1822,熄,熄,,put out,put out,xī,xī,(v) extinguish; quench/go out (of fire),xi1,0.00%,2858,10,2657,2689,RTH2-L21,RTH1-L21,RSH2-L21,RSH1-L21,SH = TH,SH key = TH key
633,633,685,梳,梳,n.,comb,comb,shū,shū,comb,shu1,0.00%,2717,10,2658,2690,RTH1-L22,RTH1-L22,RSH1-L22,RSH1-L22,SH = TH,SH key = TH key
1796,1796,1830,啪,啪,,clapping sound,clapping sound,pā,pā,syllable,pa1,0.00%,2812,10,2659,2691,RTH2-L22,RTH1-L22,RSH2-L22,RSH1-L22,SH = TH,SH key = TH key
1798,1798,1835,扛,扛,,carry over the shoulder,carry over the shoulder,káng,káng|gāng,"lift overhead with both hands, carry on one's shoulder",gang1/kang2,0.00%,2989,10,2660,2692,RTH2-L22,RTH1-L22,RSH2-L22,RSH1-L22,SH = TH,SH key = TH key
1805,1805,1855,撓,挠,,chafe,chafe,náo,náo,to scratch,nao2,0.00%,2794,10,2661,2693,RTH2-L22,RTH1-L22,RSH2-L22,RSH1-L22,SH <> TH,SH key = TH key
1823,1823,1864,撼,撼,v.,joggle,joggle,hàn,hàn,shake/to incite,han4,0.00%,2987,10,2662,2694,RTH2-L22,RTH1-L22,RSH2-L22,RSH1-L22,SH = TH,SH key = TH key
1828,1828,1871,莽,莽,,rude,rude,mǎng,mǎng,Illicium anisatum/rude,mang3,0.00%,2714,10,2663,2697,RTH2-L22,RTH1-L22,RSH2-L22,RSH1-L22,SH = TH,SH key = TH key
1831,1831,1870,誡,诫,,warn,warn,jiè,jiè,commandment/prohibit,jie4,0.00%,2770,10,2664,2696,RTH2-L22,RTH1-L22,RSH2-L22,RSH1-L22,SH <> TH,SH key = TH key
1849,1849,1891,妓,妓,,prostitute,prostitute,jì,jì,prostitute,ji4,0.00%,2777,10,2665,2699,RTH2-L22,RTH1-L22,RSH2-L22,RSH1-L22,SH = TH,SH key = TH key
1858,1858,1900,覓,觅,,try to find,try to find,mì,mì,seek,mi4,0.00%,2825,10,2666,2701,RTH2-L22,RTH1-L22,RSH2-L22,RSH1-L22,SH <> TH,SH key = TH key
1866,1866,1911,冶,冶,v.,smelt,smelt,yě,yě,smelt,ye3,0.00%,2792,10,2667,2702,RTH2-L22,RTH1-L22,RSH2-L22,RSH1-L22,SH = TH,SH key = TH key
1874,1874,1919,硫,硫,,sulfur,sulfur,liú,liú,sulfur,liu2,0.00%,2730,10,2668,2703,RTH2-L22,RTH1-L22,RSH2-L22,RSH1-L22,SH = TH,SH key = TH key
1875,1875,1920,琉,琉,n.,glaze,glaze,liú,liú,precious stone,liu2,0.00%,2962,10,2669,2704,RTH2-L22,RTH1-L22,RSH2-L22,RSH1-L22,SH = TH,SH key = TH key
1877,1877,1922,蔬,蔬,,veggies,veggies,shū,shū,vegetables,shu1,0.00%,2721,10,2670,2705,RTH2-L22,RTH1-L22,RSH2-L22,RSH1-L22,SH = TH,SH key = TH key
640,640,841,吶,呐,v.,holler,holler,nà,na|nà,"battle cry, (final part.)",na4/ne/na,0.00%,2899,10,2671,2723,RTH1-L23,RTH1-L23,RSH1-L26,RSH1-L26,SH <> TH,SH key = TH key
1880,1880,1929,崎,崎,,rugged,rugged,qí,qí,mountainous,qi2,0.00%,2751,10,2672,2707,RTH2-L23,RTH1-L23,RSH2-L23,RSH1-L23,SH = TH,SH key = TH key
1883,1883,1933,碳,碳,,carbon,carbon,tàn,tàn,carbon,tan4,0.00%,2740,10,2673,2708,RTH2-L23,RTH1-L23,RSH2-L23,RSH1-L23,SH = TH,SH key = TH key
661,661,712,歹,歹,,malicious,malicious,dǎi,dǎi,bad/wicked/evil,dai3,0.00%,2905,10,2674,2711,RTH1-L24,RTH1-L24,RSH1-L24,RSH1-L24,SH = TH,SH key = TH key
1899,1899,1958,膛,膛,,chest,chest,táng,táng,chest (of body)/hollow space/throat,tang2,0.00%,2865,10,2675,2713,RTH2-L24,RTH1-L24,RSH2-L24,RSH1-L24,SH = TH,SH key = TH key
1911,1911,1967,咧,咧,v.,grin,grin,liě,lie|liē|liě,"child's cry, draw back corners of mouth",lie1/lie3,0.00%,2741,10,2676,2714,RTH2-L24,RTH1-L24,RSH2-L24,RSH1-L24,SH = TH,SH key = TH key
1942,1942,2004,頹,颓,,decrepit,decrepit,tuí,tuí,become bald/decadent,tui2,0.00%,2996,10,2677,2716,RTH2-L25,RTH1-L25,RSH2-L25,RSH1-L25,SH <> TH,SH key = TH key
1947,1947,2022,萎,萎,,wilt,wilt,wěi,wēi|wěi,"spiritless/withered, wither",wei1/wei3,0.00%,2757,10,2678,2719,RTH2-L25,RTH1-L25,RSH2-L25,RSH1-L25,SH = TH,SH key = TH key
1956,1956,2011,稼,稼,,crops,crops,jià,jià,sow grain,jia4,0.00%,2800,10,2679,2717,RTH2-L25,RTH1-L25,RSH2-L25,RSH1-L25,SH = TH,SH key = TH key
1958,1958,2013,稚,稚,,immature,immature,zhì,zhì,infantile/young,zhi4,0.00%,2720,10,2680,2718,RTH2-L25,RTH1-L25,RSH2-L25,RSH1-L25,SH = TH,SH key = TH key
1978,1978,2028,瞇,眯,v.,squint,squint,mī,mī|mí,"to squint, blind (as with dust)",mi1/mi3,0.00%,2955,10,2681,2720,RTH2-L25,RTH1-L25,RSH2-L25,RSH1-L25,SH <> TH,SH key = TH key
1982,1982,2043,撇,撇,,cast aside,cast aside,piē,piē|piě,"cast away, (downwards-left curved character stroke)/throw",pie1/pie3,0.00%,2882,10,2682,2721,RTH2-L25,RTH1-L25,RSH2-L25,RSH1-L25,SH = TH,SH key = TH key
1999,1999,2063,佑,佑,,bless,bless,yòu,yòu,"bless/protect, protect",you4,0.00%,2775,10,2683,2724,RTH2-L26,RTH1-L26,RSH2-L26,RSH1-L26,SH = TH,SH key = TH key
2002,2002,2069,俏,俏,,comely,comely,qiào,qiào,smart,qiao4,0.00%,2880,10,2684,2725,RTH2-L26,RTH1-L26,RSH2-L26,RSH1-L26,SH = TH,SH key = TH key
2032,2032,2945,俺,俺,,we (exclusive),we (exclusive),ǎn,ǎn,I (northern dialects),an3,0.00%,2749,10,2685,2833,RTH2-L26,RTH1-L26,RSH2-L55,RSH1-L55,SH = TH,SH key = TH key
2047,2047,1865,挾,挟,,coerce,coerce,xié,xié,"hold between, clasp under the arm/coerce",jia1/xie2,0.00%,2816,10,2686,2695,RTH2-L26,RTH1-L26,RSH2-L22,RSH1-L22,SH <> TH,SH key = TH key
2053,2053,2859,斂,敛,,restrain,restrain,liǎn,liǎn,arrange/control oneself/gather,lian3,0.00%,2925,10,2687,2819,RTH2-L26,RTH1-L26,RSH2-L52,RSH1-L52,SH <> TH,SH key = TH key
2054,2054,2860,撿,捡,v.,pick up,pick up,jiǎn,jiǎn,pick up/collect/gather,jian3,0.00%,2753,10,2688,2820,RTH2-L26,RTH1-L26,RSH2-L52,RSH1-L52,SH <> TH,SH key = TH key
2056,2056,2861,儉,俭,,thrifty,thrifty,jiǎn,jiǎn,frugal/to be in need,jian3,0.00%,2891,10,2689,2821,RTH2-L26,RTH1-L26,RSH2-L52,RSH1-L52,SH <> TH,SH key = TH key
2073,2073,2725,煥,焕,,glowing,glowing,huàn,huàn,brilliant/lustrous,huan4,0.00%,2773,10,2690,2803,RTH2-L27,RTH1-L27,RSH2-L44,RSH1-L44,SH <> TH,SH key = TH key
2078,2078,2133,惕,惕,,watchful,watchful,tì,tì,fearful/respectful,ti4,0.00%,2742,10,2691,2729,RTH2-L28,RTH1-L28,RSH2-L28,RSH1-L28,SH = TH,SH key = TH key
839,839,907,襟,襟,,front of a garment,front of a garment,jīn,jīn,overlapping part of Chinese gown,jin1,0.00%,2843,10,2692,2730,RTH1-L29,RTH1-L29,RSH1-L29,RSH1-L29,SH = TH,SH key = TH key
2108,2108,2167,棕,棕,,palm tree,palm tree,zōng,zōng,palm,zong1,0.00%,2774,10,2693,2731,RTH2-L29,RTH1-L29,RSH2-L29,RSH1-L29,SH = TH,SH key = TH key
2113,2113,2175,坤,坤,,female,female,kūn,kūn,the earth-/female-principle,kun1,0.00%,2910,10,2694,2733,RTH2-L29,RTH1-L29,RSH2-L29,RSH1-L29,SH = TH,SH key = TH key
2114,2114,2174,呻,呻,,groan,groan,shēn,shēn,groan,shen1,0.00%,2929,10,2695,2732,RTH2-L29,RTH1-L29,RSH2-L29,RSH1-L29,SH = TH,SH key = TH key
865,865,937,乍,乍,,for the first time,for the first time,zhà,zhà,for the first time/suddenly,zha4,0.00%,2914,10,2696,2735,RTH1-L30,RTH1-L30,RSH1-L30,RSH1-L30,SH = TH,SH key = TH key
882,882,957,尹,尹,,overseer,overseer,yǐn,yǐn,(surname)/to rule,yin3,0.00%,2885,10,2697,2736,RTH1-L30,RTH1-L30,RSH1-L30,RSH1-L30,SH = TH,SH key = TH key
2131,2131,2189,慚,惭,,conscience-stricken,conscience-stricken,cán,cán,ashamed,can2,0.00%,2943,10,2698,2737,RTH2-L30,RTH1-L30,RSH2-L30,RSH1-L30,SH <> TH,SH key = TH key
2141,2141,2208,秉,秉,,wield,wield,bǐng,bǐng,(surname)/to grasp/hold/maintain,bing3,0.00%,2809,10,2699,2739,RTH2-L30,RTH1-L30,RSH2-L30,RSH1-L30,SH = TH,SH key = TH key
2158,2158,2228,慷,慷,,generous,generous,kāng,kāng,generous/magnanimous,kang1,0.00%,2935,10,2700,2740,RTH2-L30,RTH1-L30,RSH2-L30,RSH1-L30,SH = TH,SH key = TH key
2166,2166,2235,槽,槽,,trough,trough,cáo,cáo,manger/trough/groove,cao2,0.00%,2993,10,2701,2741,RTH2-L30,RTH1-L30,RSH2-L30,RSH1-L30,SH = TH,SH key = TH key
911,911,986,眷,眷,,dependents,dependents,juàn,juàn,concern/wife and children,juan4,0.00%,2967,10,2702,2742,RTH1-L31,RTH1-L31,RSH1-L31,RSH1-L31,SH = TH,SH key = TH key
2176,2176,2246,畔,畔,n.,littoral,littoral,pàn,pàn,bank/field-path,pan4,0.00%,2833,10,2703,2743,RTH2-L31,RTH1-L31,RSH2-L31,RSH1-L31,SH = TH,SH key = TH key
2184,2184,2202,寢,寝,,get some shuteye,get some shuteye,qǐn,qǐn,lie down,qin3,0.00%,2806,10,2704,2738,RTH2-L31,RTH1-L31,RSH2-L30,RSH1-L30,SH <> TH,SH key = TH key
2192,2192,2468,槳,桨,,oar,oar,jiǎng,jiǎng,oar/paddle,jiang3,0.00%,2939,10,2705,2774,RTH2-L31,RTH1-L31,RSH2-L37,RSH1-L37,SH <> TH,SH key = TH key
927,927,1000,矢,矢,n.,dart,dart,shǐ,shǐ,arrow/dart,shi3,0.00%,2811,10,2706,2744,RTH1-L32,RTH1-L32,RSH1-L32,RSH1-L32,SH = TH,SH key = TH key
933,933,1006,揉,揉,,knead,knead,róu,róu,knead/massage/rub,rou2,0.00%,2818,10,2707,2745,RTH1-L32,RTH1-L32,RSH1-L32,RSH1-L32,SH = TH,SH key = TH key
2203,2203,2256,矯,矫,,rectify,rectify,jiǎo,jiǎo|jiáo,dissemble/rectify,jiao3,0.00%,2916,10,2708,2746,RTH2-L32,RTH1-L32,RSH2-L32,RSH1-L32,SH <> TH,SH key = TH key
2208,2208,2261,簇,簇,n.,cluster,cluster,cù,cù,crowded/frame work for silkworms/gather foliage/a measure word/bunch,cu4,0.00%,2896,10,2709,2747,RTH2-L32,RTH1-L32,RSH2-L32,RSH1-L32,SH = TH,SH key = TH key
2231,2231,2296,嗜,嗜,,hanker,hanker,shì,shì,addicted to/fond of,shi4,0.00%,2988,10,2710,2751,RTH2-L33,RTH1-L33,RSH2-L33,RSH1-L33,SH = TH,SH key = TH key
2233,2233,2300,暑,暑,,summer heat,summer heat,shǔ,shǔ,heat/hot weather/summer heat,shu3,0.00%,2743,10,2711,2753,RTH2-L33,RTH1-L33,RSH2-L33,RSH1-L33,SH = TH,SH key = TH key
2236,2236,2305,奢,奢,,extravagant,extravagant,shē,shē,extravagant,she1,0.00%,2708,10,2712,2754,RTH2-L33,RTH1-L33,RSH2-L33,RSH1-L33,SH = TH,SH key = TH key
2248,2248,2313,斧,斧,,axe,axe,fǔ,fǔ,hatchet,fu3,0.00%,2771,10,2713,2755,RTH2-L33,RTH1-L33,RSH2-L33,RSH1-L33,SH = TH,SH key = TH key
2251,2251,2319,趴,趴,,prostrate oneself,prostrate oneself,pā,pā,to lie on one's stomach,pa1,0.00%,2977,10,2714,2756,RTH2-L33,RTH1-L33,RSH2-L33,RSH1-L33,SH = TH,SH key = TH key
2257,2257,2325,蹦,蹦,v.,hop,hop,bèng,bèng,to jump/bounce or hop,beng4,0.00%,2839,10,2715,2757,RTH2-L33,RTH1-L33,RSH2-L33,RSH1-L33,SH = TH,SH key = TH key
2262,2262,2331,噪,噪,n.,chirping,chirping,zào,zào,"chirp/mixture of voices/noise/buzzing/clamor, disturbance/noise of crowd",zao4,0.00%,2799,10,2716,2758,RTH2-L33,RTH1-L33,RSH2-L33,RSH1-L33,SH = TH,SH key = TH key
2268,2268,1778,戳,戳,v.,jab,jab,chuō,chuō,poke/pierce/prick/wooden or rubber stamp or seal,chuo1,0.00%,2944,10,2717,2686,RTH2-L33,RTH1-L33,RSH2-L20,RSH1-L20,SH = TH,SH key = TH key
2271,2271,2337,髓,髓,,marrow,marrow,suǐ,suǐ,marrow,sui3,0.00%,2808,10,2718,2759,RTH2-L33,RTH1-L33,RSH2-L33,RSH1-L33,SH = TH,SH key = TH key
2273,2273,2365,渦,涡,,whirlpool,whirlpool,wō,wō,"name of a river, eddy/whirlpool",guo1/wo1,0.00%,2759,10,2719,2765,RTH2-L33,RTH1-L33,RSH2-L34,RSH1-L34,SH <> TH,SH key = TH key
2287,2287,2356,窺,窥,v.,peep,peep,kuī,kuī,peep/pry into,kui1,0.00%,2748,10,2720,2762,RTH2-L34,RTH1-L34,RSH2-L34,RSH1-L34,SH <> TH,SH key = TH key
2288,2288,2360,窟,窟,,den,den,kū,kū,cave/hole,ku1,0.00%,2924,10,2721,2763,RTH2-L34,RTH1-L34,RSH2-L34,RSH1-L34,SH = TH,SH key = TH key
2291,2291,2361,窘,窘,,poverty-stricken,poverty-stricken,jiǒng,jiǒng,distressed/embarrassed,jiong3,0.00%,2979,10,2722,2764,RTH2-L34,RTH1-L34,RSH2-L34,RSH1-L34,SH = TH,SH key = TH key
2298,2298,2373,綽,绰,,ample,ample,chuò,chuò,generous/ample/wide/spacious/well-off,chuo4/chao1,0.00%,2930,10,2723,2767,RTH2-L35,RTH1-L35,RSH2-L35,RSH1-L35,SH <> TH,SH key = TH key
2333,2333,1583,蘿,萝,,edible root,edible root,luó,luó,radish,luo2,0.00%,2745,10,2724,2650,RTH2-L35,RTH1-L35,RSH2-L10,RSH1-L10,SH <> TH,SH key = TH key
2354,2354,1651,譏,讥,,deride,deride,jī,jī,ridicule,ji1,0.00%,2922,10,2725,2660,RTH2-L35,RTH1-L35,RSH2-L15,RSH1-L15,SH <> TH,SH key = TH key
2355,2355,1899,爍,烁,,luminous,luminous,shuò,shuò,bright/luminous,shuo4,0.00%,2702,10,2726,2700,RTH2-L35,RTH1-L35,RSH2-L22,RSH1-L22,SH <> TH,SH key = TH key
2374,2374,2441,伶,伶,,actor,actor,líng,líng,clever,ling2,0.00%,2906,10,2727,2770,RTH2-L36,RTH1-L36,RSH2-L36,RSH1-L36,SH = TH,SH key = TH key
2388,2388,2453,婉,婉,,tactful,tactful,wǎn,wǎn,graceful/tactful,wan3,0.00%,2798,10,2728,2772,RTH2-L36,RTH1-L36,RSH2-L36,RSH1-L36,SH = TH,SH key = TH key
2394,2394,2460,酌,酌,,pour wine,pour wine,zhuó,zhuó,consider/pour wine,zhuo2,0.00%,2984,10,2729,2773,RTH2-L37,RTH1-L37,RSH2-L37,RSH1-L37,SH = TH,SH key = TH key
2421,2421,2491,盞,盏,,small cup,small cup,zhǎn,zhǎn,"M for lamp, wine cup",zhan3,0.00%,2803,10,2730,2775,RTH2-L37,RTH1-L37,RSH2-L37,RSH1-L37,SH <> TH,SH key = TH key
2432,2432,2499,尷,尴,,abashed,abashed,gān,gān,embarrassed/ill at ease,gan1,0.00%,2726,10,2731,2777,RTH2-L37,RTH1-L37,RSH2-L37,RSH1-L37,SH <> TH,SH key = TH key
2433,2433,2500,尬,尬,,embarrassed,embarrassed,gà,gà,in an embarrassing situation,ga4,0.00%,2729,10,2732,2778,RTH2-L37,RTH1-L37,RSH2-L37,RSH1-L37,SH = TH,SH key = TH key
2438,2438,2266,攬,揽,,take on,take on,lǎn,lǎn,monopolize/seize,lan3,0.00%,2807,10,2733,2748,RTH2-L37,RTH1-L37,RSH2-L32,RSH1-L32,SH <> TH,SH key = TH key
2439,2439,2402,纜,缆,n.,cable,cable,lǎn,lǎn,cable/hawser,lan4/lan3,0.00%,2821,10,2734,2769,RTH2-L37,RTH1-L37,RSH2-L35,RSH1-L35,SH <> TH,SH key = TH key
2443,2443,2510,嚼,嚼,v.,chew,chew,jiáo,jiáo|jué|jiào,"to chew, to chew",jiao2/jue2,0.00%,2731,10,2735,2779,RTH2-L37,RTH1-L37,RSH2-L37,RSH1-L37,SH = TH,SH key = TH key
2462,2462,1744,蠶,蚕,,silkworm,silkworm,cán,cán,silkworm,can2,0.00%,2787,10,2736,2680,RTH2-L37,RTH1-L37,RSH2-L20,RSH1-L20,SH <> TH,SH key = TH key
1105,1105,1164,坪,坪,,level ground,level ground,píng,píng,a plain,ping2,0.00%,2716,10,2737,2781,RTH1-L38,RTH1-L38,RSH1-L38,RSH1-L38,SH = TH,SH key = TH key
1144,1144,1203,襄,襄,v.,aid,aid,xiāng,xiāng,assist,xiang1,0.00%,2980,10,2738,2782,RTH1-L38,RTH1-L38,RSH1-L38,RSH1-L38,SH = TH,SH key = TH key
2472,2472,2542,屯,屯,v.,stockpile,stockpile,tún,tún,"to station (soldiers)/to store up, difficult/stingy",tun2/zhun1,0.00%,2864,10,2739,2783,RTH2-L38,RTH1-L38,RSH2-L38,RSH1-L38,SH = TH,SH key = TH key
2480,2480,2548,洶,汹,,turbulent,turbulent,xiōng,xiōng,"scared, nervous, torrential rush/tumultuous",xiong1,0.00%,2746,10,2740,2784,RTH2-L38,RTH1-L38,RSH2-L38,RSH1-L38,SH <> TH,SH key = TH key
2489,2489,2559,僻,僻,,out-of-the-way,out-of-the-way,pì,pì,low/rustic/secluded,pi4,0.00%,2827,10,2741,2785,RTH2-L38,RTH1-L38,RSH2-L38,RSH1-L38,SH = TH,SH key = TH key
2497,2497,2349,菱,菱,,water caltrop,water caltrop,líng,líng,Trapa natans/water caltrop,ling2,0.00%,2802,10,2742,2761,RTH2-L38,RTH1-L38,RSH2-L34,RSH1-L34,SH = TH,SH key = TH key
2502,2502,2516,釀,酿,v.,brew,brew,niàng,niàng,ferment/brew,niang4,0.00%,2764,10,2743,2780,RTH2-L38,RTH1-L38,RSH2-L37,RSH1-L37,SH <> TH,SH key = TH key
1184,1184,1244,錘,锤,n.,hammer,hammer,chuí,chuí,to hammer/weight of steel yard,chui2,0.00%,2937,10,2744,2787,RTH1-L39,RTH1-L39,RSH1-L39,RSH1-L39,SH <> TH,SH key = TH key
2513,2513,2572,腥,腥,,fishy smell,fishy smell,xīng,xīng,fishy (smell),xing1,0.00%,2747,10,2745,2788,RTH2-L39,RTH1-L39,RSH2-L39,RSH1-L39,SH = TH,SH key = TH key
2541,2541,2615,潭,潭,,deep pool,deep pool,tán,tán,(surname)/deep,tan2,0.00%,2750,10,2746,2792,RTH2-L40,RTH1-L40,RSH2-L40,RSH1-L40,SH = TH,SH key = TH key
1241,1241,1254,揀,拣,,opt for,opt for,jiǎn,jiǎn,choose/pick up,jian3,0.00%,2965,10,2747,2791,RTH1-L42,RTH1-L42,RSH1-L40,RSH1-L40,SH <> TH,SH key = TH key
2572,2572,2645,竿,竿,,pole,pole,gān,gān,pole,gan1,0.00%,2934,10,2748,2793,RTH2-L42,RTH1-L42,RSH2-L42,RSH1-L42,SH = TH,SH key = TH key
2585,2585,2653,嗽,嗽,v.,hack,hack,sòu,sòu,cough,sou4,0.00%,2815,10,2749,2794,RTH2-L42,RTH1-L42,RSH2-L42,RSH1-L42,SH = TH,SH key = TH key
2606,2606,2663,癱,瘫,,paralysis,paralysis,tān,tān,paralyzed,tan1,0.00%,2823,10,2750,2795,RTH2-L43,RTH1-L43,RSH2-L43,RSH1-L43,SH <> TH,SH key = TH key
2622,2622,2679,匿,匿,,keep out of sight,keep out of sight,nì,nì,to hide,ni4,0.00%,2804,10,2751,2796,RTH2-L43,RTH1-L43,RSH2-L43,RSH1-L43,SH = TH,SH key = TH key
2624,2624,2688,嘔,呕,v.,vomit,vomit,ǒu,òu|ǒu|ōu,vomit,ou3,0.00%,2855,10,2752,2797,RTH2-L43,RTH1-L43,RSH2-L43,RSH1-L43,SH <> TH,SH key = TH key
2636,2636,2695,澄,澄,,transparent,transparent,chéng,chéng|dèng,"clear and still water, clear/limpid/clarify/purify/(a surname), settle (liquid)",cheng2/deng4,0.00%,2756,10,2753,2798,RTH2-L43,RTH1-L43,RSH2-L43,RSH1-L43,SH = TH,SH key = TH key
1271,1271,1318,蚊,蚊,,mosquito,mosquito,wén,wén,mosquito,wen2,0.00%,2940,10,2754,2799,RTH1-L44,RTH1-L44,RSH1-L44,RSH1-L44,SH = TH,SH key = TH key
2639,2639,2700,杉,杉,,fir tree,fir tree,shān,shān|shā,"fir, (pine)",sha1/shan1,0.00%,2718,10,2755,2800,RTH2-L44,RTH1-L44,RSH2-L44,RSH1-L44,SH = TH,SH key = TH key
2640,2640,2701,彬,彬,,well-mannered,well-mannered,bīn,bīn|Bīn,ornamental/refined,bin1,0.00%,2736,10,2756,2801,RTH2-L44,RTH1-L44,RSH2-L44,RSH1-L44,SH = TH,SH key = TH key
2642,2642,2703,彰,彰,adj.,manifest,manifest,zhāng,zhāng,manifest,zhang1,0.00%,2953,10,2757,2802,RTH2-L44,RTH1-L44,RSH2-L44,RSH1-L44,SH = TH,SH key = TH key
2671,2671,2738,嘶,嘶,,hoarse,hoarse,sī,sī,hiss/neigh,si1,0.00%,2776,10,2758,2805,RTH2-L45,RTH1-L45,RSH2-L45,RSH1-L45,SH = TH,SH key = TH key
2704,2704,2770,糞,粪,,dung,dung,fèn,fèn,manure/dung,fen4,0.00%,2884,10,2759,2806,RTH2-L46,RTH1-L46,RSH2-L46,RSH1-L46,SH <> TH,SH key = TH key
2715,2715,2783,刪,删,,delete,delete,shān,shān,to delete,shan1,0.00%,2780,10,2760,2807,RTH2-L47,RTH1-L47,RSH2-L47,RSH1-L47,SH <> TH,SH key = TH key
2716,2716,2784,柵,栅,,palisade,palisade,zhà,zhà|shān,fence,zha4/shan1,0.00%,2995,10,2761,2808,RTH2-L47,RTH1-L47,RSH2-L47,RSH1-L47,SH <> TH,SH key = TH key
2720,2720,1712,淪,沦,v.,sink,sink,lún,lún,perish,lun2,0.00%,2733,10,2762,2673,RTH2-L47,RTH1-L47,RSH2-L18,RSH1-L18,SH <> TH,SH key = TH key
2724,2724,2790,哺,哺,,breastfeed,breastfeed,bǔ,bǔ,"evening meal, feed",bu1/bu3,0.00%,2810,10,2763,2809,RTH2-L48,RTH1-L48,RSH2-L48,RSH1-L48,SH = TH,SH key = TH key
2728,2728,2796,敷,敷,,apply,apply,fū,fū,announce/apply,fu1,0.00%,2788,10,2764,2810,RTH2-L48,RTH1-L48,RSH2-L48,RSH1-L48,SH = TH,SH key = TH key
2732,2732,2800,簿,簿,n.,register,register,bù,bù,a book/a register/account-book,bu4,0.00%,2848,10,2765,2811,RTH2-L48,RTH1-L48,RSH2-L48,RSH1-L48,SH = TH,SH key = TH key
2736,2736,2803,廓,廓,,limitless,limitless,kuò,kuò,big/empty/open,kuo4,0.00%,2911,10,2766,2812,RTH2-L48,RTH1-L48,RSH2-L48,RSH1-L48,SH = TH,SH key = TH key
2757,2757,2818,伺,伺,,attend to,attend to,sì,cì|sì,"wait on, to watch/to wait/to examine/to spy",ci4/si4,0.00%,2782,10,2767,2814,RTH2-L49,RTH1-L49,RSH2-L49,RSH1-L49,SH = TH,SH key = TH key
2767,2767,2829,瓣,瓣,,petal,petal,bàn,bàn,petal/section,ban4,0.00%,2915,10,2768,2815,RTH2-L49,RTH1-L49,RSH2-L49,RSH1-L49,SH = TH,SH key = TH key
1359,1359,510,蝦,虾,,shrimp,shrimp,xiā,xiā|há,shrimp/prawn,xia1,0.00%,2847,10,2769,2677,RTH1-L50,RTH1-L50,RSH1-L20,RSH1-L20,SH <> TH,SH key = TH key
2769,2769,1403,暇,暇,,spare time,spare time,xiá,xiá,leisure,xia2,0.00%,2761,10,2770,2816,RTH2-L50,RTH1-L50,RSH1-L50,RSH1-L50,SH = TH,SH key = TH key
2777,2777,1540,壩,坝,n.,dam,dam,bà,bà,dam/dyke/embankment,ba4,0.00%,2786,10,2771,2636,RTH2-L50,RTH1-L50,RSH2-L08,RSH1-L08,SH <> TH,SH key = TH key
2782,2782,2842,芽,芽,n.,sprout,sprout,yá,yá,bud/sprout,ya2,0.00%,2737,10,2772,2817,RTH2-L51,RTH1-L51,RSH2-L51,RSH1-L51,SH = TH,SH key = TH key
2793,2793,2177,嬸,婶,,auntie,auntie,shěn,shěn,wife of father's younger brother,shen3,0.00%,2971,10,2773,2734,RTH2-L51,RTH1-L51,RSH2-L29,RSH1-L29,SH <> TH,SH key = TH key
2794,2794,2847,毯,毯,n.,blanket,blanket,tǎn,tǎn,blanket/rug,tan3,0.00%,2711,10,2774,2818,RTH2-L51,RTH1-L51,RSH2-L51,RSH1-L51,SH = TH,SH key = TH key
2813,2813,2866,鶯,莺,,oriole,oriole,yīng,yīng,golden oriole,ying1,0.00%,2902,10,2775,2822,RTH2-L52,RTH1-L52,RSH2-L52,RSH1-L52,SH <> TH,SH key = TH key
2820,2820,2875,搗,捣,,pound with a pestle,pound with a pestle,dǎo,dǎo,pound/beat/hull/attack/disturb/stir,dao3,0.00%,2723,10,2776,2823,RTH2-L52,RTH1-L52,RSH2-L52,RSH1-L52,SH <> TH,SH key = TH key
2830,2830,1940,溯,溯,,go upstream,go upstream,sù,sù,go upstream/trace the source,su4,0.00%,2762,10,2777,2709,RTH2-L52,RTH1-L52,RSH2-L23,RSH1-L23,SH = TH,SH key = TH key
2832,2832,2879,缸,缸,,vat,vat,gāng,gāng,jar/vat,gang1,0.00%,2817,10,2778,2824,RTH2-L52,RTH1-L52,RSH2-L52,RSH1-L52,SH = TH,SH key = TH key
2845,2845,2891,橡,橡,,rubber tree,rubber tree,xiàng,xiàng,oak/Quercus serrata,xiang4,0.00%,2871,10,2779,2825,RTH2-L52,RTH1-L52,RSH2-L52,RSH1-L52,SH = TH,SH key = TH key
2849,2849,2894,馴,驯,adj./v.,tame,tame,xùn,xùn,attain gradually/tame,xun2/xun4,0.00%,2820,10,2780,2826,RTH2-L53,RTH1-L53,RSH2-L53,RSH1-L53,SH <> TH,SH key = TH key
2854,2854,2899,螞,蚂,,leech-hopper,leech-hopper,mà,mǎ|mà|mā,"dragonfly, ant, grasshopper",ma1/ma3/ma4,0.00%,2888,10,2781,2827,RTH2-L53,RTH1-L53,RSH2-L53,RSH1-L53,SH <> TH,SH key = TH key
2875,2875,2292,愕,愕,,stunned,stunned,è,è,startled,e4,0.00%,2766,10,2782,2749,RTH2-L53,RTH1-L53,RSH2-L32,RSH1-L32,SH = TH,SH key = TH key
2887,2887,2916,麟,麟,,Chinese unicorn,Chinese unicorn,lín,lín,female unicorn,lin2,0.00%,2752,10,2783,2828,RTH2-L53,RTH1-L53,RSH2-L54,RSH1-L54,SH = TH,SH key = TH key
2910,2910,2936,聾,聋,,deaf,deaf,lóng,lóng,deaf,long2,0.00%,2873,10,2784,2831,RTH2-L54,RTH1-L54,RSH2-L54,RSH1-L54,SH <> TH,SH key = TH key
1449,1449,1036,瀉,泻,,diarrhea,diarrhea,xiè,xiè,to flow (out) swiftly/diarrhea,xie4,0.00%,2715,10,2785,2750,RTH1-L55,RTH1-L55,RSH1-L33,RSH1-L33,SH <> TH,SH key = TH key
2928,2928,2962,滔,滔,,surging,surging,tāo,tāo,overflow/torrent-dash,tao1,0.00%,2760,10,2786,2835,RTH2-L55,RTH1-L55,RSH2-L55,RSH1-L55,SH = TH,SH key = TH key
2945,2945,1782,曠,旷,,expansive,expansive,kuàng,kuàng,waste/wilderness,kuang4,0.00%,2735,10,2787,2687,RTH2-L55,RTH1-L55,RSH2-L21,RSH1-L21,SH <> TH,SH key = TH key
2949,2949,2131,蔥,葱,,onion,onion,cōng,cōng,scallion/green onion,cong1,0.00%,2907,10,2788,2728,RTH2-L55,RTH1-L55,RSH2-L28,RSH1-L28,SH <> TH,SH key = TH key
2951,2951,1648,瞻,瞻,,look upward,look upward,zhān,zhān,gaze/view,zhan1,0.00%,2960,10,2789,2659,RTH2-L55,RTH1-L55,RSH2-L15,RSH1-L15,SH = TH,SH key = TH key
2952,2952,2046,摟,搂,,cuddle,cuddle,lǒu,lǒu|lōu,"graft (money)/solicit/to gather/to collect, to hug/to embrace",lou1/lou3,0.00%,2795,10,2790,2722,RTH2-L55,RTH1-L55,RSH2-L25,RSH1-L25,SH <> TH,SH key = TH key
2954,2954,1739,濁,浊,,turbid,turbid,zhuó,zhuó,impure/muddy,zhuo2,0.00%,2985,10,2791,2678,RTH2-L55,RTH1-L55,RSH2-L20,RSH1-L20,SH <> TH,SH key = TH key
2969,2969,2953,啤,啤,,beer,beer,pí,pí,beer,pi2,0.00%,2849,10,2792,2834,RTH2-L55,RTH1-L55,RSH2-L55,RSH1-L55,SH = TH,SH key = TH key
2978,2978,2942,蠅,蝇,,flies,flies,yíng,yíng,fly/musca,ying2,0.00%,2722,10,2793,2832,RTH2-L55,RTH1-L55,RSH2-L55,RSH1-L55,SH <> TH,SH key = TH key
3035,3035,2990,蓉,蓉,,cottonrose hibiscus (B),cottonrose hibiscus (B),róng,róng,lotus,rong2,0.00%,2779,10,2794,2625,RTH2-Postscript 1,RTH1-Postscript 1,RSH2-Compounds,RSH1-Compounds,SH = TH,SH key = TH key
2979,2979,2975,蝴,蝴,,butterfly (front end),butterfly (front end),hú,hú,butterfly,hu2,0.00%,2964,10,2795,2623,RTH2-Compounds,,RSH2-Compounds,,SH = TH,SH key = TH key
2983,2983,2979,駱,骆,,camel (front end),camel (front end),luò,luò,camel,luo4,0.00%,2856,10,2796,2624,RTH2-Compounds,,RSH2-Compounds,,SH <> TH,SH key = TH key
65,65,69,勺,勺,,ladle,ladle,sháo,sháo,spoon,shao2,0.00%,3275,11,2797,2838,RTH1-L04,RTH1-L04,RSH1-L04,RSH1-L04,SH = TH,SH key = TH key
35,35,36,皂,皂,,soap,soap,zào,zào,black,zao4,0.00%,3087,11,2798,2840,RTH1-L03,RTH1-L03,RSH1-L03,RSH1-L03,SH = TH,SH key = TH key
1516,1516,1521,兢,兢,,cautious,cautious,jīng,jīng,to be fearful/apprehensive,jing1,0.00%,3117,11,2799,2841,RTH2-L06,RTH1-L06,RSH2-L06,RSH1-L06,SH = TH,SH key = TH key
1518,1518,1527,砌,砌,,lay brick,lay brick,qì,qì|qiè,to build by laying bricks or stones,qi4,0.00%,3221,11,2800,2842,RTH2-L07,RTH1-L07,RSH2-L07,RSH1-L07,SH = TH,SH key = TH key
166,166,376,堯,尧,,Yao,Yao,yáo,Yáo,(surname)/emperor Yao,yao2,0.00%,3264,11,2801,2856,RTH1-L08,RTH1-L08,RSH1-L16,RSH1-L16,SH <> TH,SH key = TH key
1530,1530,1543,肘,肘,n.,elbow,elbow,zhǒu,zhǒu,elbow/pork shoulder,zhou3,0.00%,3010,11,2802,2843,RTH2-L08,RTH1-L08,RSH2-L08,RSH1-L08,SH = TH,SH key = TH key
185,185,196,宵,宵,,nighttime,nighttime,xiāo,xiāo,night,xiao1,0.00%,3131,11,2803,2844,RTH1-L09,RTH1-L09,RSH1-L09,RSH1-L09,SH = TH,SH key = TH key
1535,1535,1551,鯉,鲤,n.,carp,carp,lǐ,lǐ,carp,li3,0.00%,3204,11,2804,2845,RTH2-L09,RTH1-L09,RSH2-L09,RSH1-L09,SH <> TH,SH key = TH key
208,208,221,渣,渣,,sediment,sediment,zhā,zhā,dregs,zha1,0.00%,3196,11,2805,2846,RTH1-L10,RTH1-L10,RSH1-L10,RSH1-L10,SH = TH,SH key = TH key
1544,1544,1565,槓,杠,,thick stick,thick stick,gàng,gàng,"footbridge, carrying pole/horizontal bar",gang1/gang4,0.00%,3066,11,2806,2847,RTH2-L10,RTH1-L10,RSH2-L10,RSH1-L10,SH <> TH,SH key = TH key
1562,1562,1582,苛,苛,,exacting,exacting,kē,kē,severe/exacting,ke1,0.00%,3095,11,2807,2848,RTH2-L10,RTH1-L10,RSH2-L10,RSH1-L10,SH = TH,SH key = TH key
1571,1571,1595,牡,牡,,dude,dude,mǔ,mǔ,male,mu3,0.00%,3001,11,2808,2849,RTH2-L11,RTH1-L11,RSH2-L11,RSH1-L11,SH = TH,SH key = TH key
1576,1576,1601,洽,洽,,in agreement,in agreement,qià,qià,accord/make contact,qia4,0.00%,3039,11,2809,2850,RTH2-L12,RTH1-L12,RSH2-L12,RSH1-L12,SH = TH,SH key = TH key
1595,1595,1622,逞,逞,,flaunt,flaunt,chěng,chěng,please oneself/presume on/boast,cheng3,0.00%,3175,11,2810,2852,RTH2-L13,RTH1-L13,RSH2-L13,RSH1-L13,SH = TH,SH key = TH key
1598,1598,1624,軋,轧,,flatten,flatten,yà,yà|zhá|gá,crush/in the first place,ya4/zha2,0.00%,3269,11,2811,2853,RTH2-L13,RTH1-L13,RSH2-L13,RSH1-L13,SH <> TH,SH key = TH key
1602,1602,1629,榆,榆,,elm,elm,yú,yú,elm,yu2,0.00%,3272,11,2812,2854,RTH2-L13,RTH1-L13,RSH2-L13,RSH1-L13,SH = TH,SH key = TH key
1609,1609,1637,淳,淳,,honest,honest,chún,chún,genuine/pure/honest,chun2,0.00%,3147,11,2813,2855,RTH2-L14,RTH1-L14,RSH2-L14,RSH1-L14,SH = TH,SH key = TH key
1647,1647,1676,婿,婿,,son-in-law,son-in-law,xù,xù,son-in-law,xu4,0.00%,3115,11,2814,2857,RTH2-L17,RTH1-L17,RSH2-L17,RSH1-L17,SH = TH,SH key = TH key
404,404,440,夭,夭,,die young,die young,yāo,yāo,tender/gentle/to die prematurely,yao1,0.00%,3079,11,2815,2858,RTH1-L18,RTH1-L18,RSH1-L18,RSH1-L18,SH = TH,SH key = TH key
419,419,453,匕,匕,,ancient spoon,ancient spoon,bǐ,bǐ,"an ancient type of spoon, dagger/ladle",bi1/bi3,0.00%,3252,11,2816,2859,RTH1-L18,RTH1-L18,RSH1-L18,RSH1-L18,SH = TH,SH key = TH key
1649,1649,1677,襪,袜,,socks,socks,wà,wà,socks/stockings,wa4,0.00%,3045,11,2817,2860,RTH2-L18,RTH1-L18,RSH2-L18,RSH1-L18,SH <> TH,SH key = TH key
1661,1661,1688,沛,沛,,copious,copious,pèi,pèi,copious/abundant,pei4,0.00%,3032,11,2818,2861,RTH2-L18,RTH1-L18,RSH2-L18,RSH1-L18,SH = TH,SH key = TH key
1710,1710,1740,蝗,蝗,,locust,locust,huáng,huáng,locust,huang2,0.00%,3271,11,2819,2862,RTH2-L20,RTH1-L20,RSH2-L20,RSH1-L20,SH = TH,SH key = TH key
1711,1711,2275,蟬,蝉,,cicada,cicada,chán,chán,cicada,chan2,0.00%,3048,11,2820,2894,RTH2-L20,RTH1-L20,RSH2-L32,RSH1-L32,SH <> TH,SH key = TH key
1712,1712,2538,楓,枫,,maple,maple,fēng,fēng,maple,feng1,0.00%,3229,11,2821,2910,RTH2-L20,RTH1-L20,RSH2-L38,RSH1-L38,SH <> TH,SH key = TH key
1736,1736,1773,蕉,蕉,,banana,banana,jiāo,jiāo,banana,jiao1,0.00%,3104,11,2822,2863,RTH2-L20,RTH1-L20,RSH2-L20,RSH1-L20,SH = TH,SH key = TH key
1792,1792,1827,扒,扒,v.,pick pockets,pick pockets,pá,bā|pá,"climb/pull (out)/to strip/hold on to/cling to/dig up/rake/push aside, climb/crawl/snatch",ba1/pa2,0.00%,3121,11,2823,2865,RTH2-L22,RTH1-L22,RSH2-L22,RSH1-L22,SH = TH,SH key = TH key
1800,1800,1837,拇,拇,,thumb,thumb,mǔ,mǔ,thumb,mu3,0.00%,3031,11,2824,2866,RTH2-L22,RTH1-L22,RSH2-L22,RSH1-L22,SH = TH,SH key = TH key
1810,1810,1850,拴,拴,v.,tether,tether,shuān,shuān,tie up,shuan1,0.00%,3170,11,2825,2869,RTH2-L22,RTH1-L22,RSH2-L22,RSH1-L22,SH = TH,SH key = TH key
1853,1853,1895,椒,椒,,spice plant,spice plant,jiāo,jiāo,pepper,jiao1,0.00%,3187,11,2826,2871,RTH2-L22,RTH1-L22,RSH2-L22,RSH1-L22,SH = TH,SH key = TH key
1857,1857,1898,扳,扳,v.,tug,tug,bān,pān|bān,"to pull or draw (up or out), climb up/pull",ban1/pan1,0.00%,3169,11,2827,2872,RTH2-L22,RTH1-L22,RSH2-L22,RSH1-L22,SH = TH,SH key = TH key
1860,1860,1904,睬,睬,v.,notice,notice,cǎi,cǎi,pay attention/take notice of/to care for,cai3,0.00%,3250,11,2828,2873,RTH2-L22,RTH1-L22,RSH2-L22,RSH1-L22,SH = TH,SH key = TH key
1868,1868,1909,怠,怠,,negligent,negligent,dài,dài,idle/lazy/negligent/careless,dai4,0.00%,3024,11,2829,2874,RTH2-L22,RTH1-L22,RSH2-L22,RSH1-L22,SH = TH,SH key = TH key
1888,1888,1946,岔,岔,,diverge,diverge,chà,chà,branch in a road/astray/diverge,cha4,0.00%,3134,11,2830,2875,RTH2-L23,RTH1-L23,RSH2-L23,RSH1-L23,SH = TH,SH key = TH key
1928,1928,1991,茄,茄,,eggplant,eggplant,qié,jiā|qié,eggplant,qie2,0.00%,3136,11,2831,2877,RTH2-L24,RTH1-L24,RSH2-L24,RSH1-L24,SH = TH,SH key = TH key
1932,1932,1996,徊,徊,,undecided,undecided,huái,huái|huí,irresolute/move back and forth,huai2,0.00%,3003,11,2832,2878,RTH2-L24,RTH1-L24,RSH2-L24,RSH1-L24,SH = TH,SH key = TH key
1965,1965,770,揪,揪,,hold tight,hold tight,jiū,jiū,to clutch,jiu1,0.00%,3065,11,2833,2879,RTH2-L25,RTH1-L25,RSH1-L25,RSH1-L25,SH = TH,SH key = TH key
1966,1966,2020,梨,梨,,pear,pear,lí,lí,pear,li2,0.00%,3004,11,2834,2880,RTH2-L25,RTH1-L25,RSH2-L25,RSH1-L25,SH = TH,SH key = TH key
1967,1967,2021,犁,犁,n.,plow,plow,lí,lí,plow,li2,0.00%,3176,11,2835,2881,RTH2-L25,RTH1-L25,RSH2-L25,RSH1-L25,SH = TH,SH key = TH key
1974,1974,2038,糙,糙,,rough,rough,cāo,cāo,rough/coarse (in texture),cao1,0.00%,3118,11,2836,2883,RTH2-L25,RTH1-L25,RSH2-L25,RSH1-L25,SH = TH,SH key = TH key
2068,2068,2122,鋁,铝,,aluminum,aluminum,lǚ,lǚ,aluminum,lu:3/lv3,0.00%,3217,11,2837,2886,RTH2-L27,RTH1-L27,RSH2-L27,RSH1-L27,SH <> TH,SH key = TH key
827,827,889,鋸,锯,n.,saw,saw,jù,jù|jū,"to mend (china) with staples, a saw/to saw",ju1/ju4,0.00%,3078,11,2838,2887,RTH1-L28,RTH1-L28,RSH1-L28,RSH1-L28,SH <> TH,SH key = TH key
2106,2106,2164,蔚,蔚,,luxuriant,luxuriant,wèi,wèi,"Artemisia japonica/luxuriant, (surname)/place name",wei4/yu4,0.00%,3188,11,2839,2890,RTH2-L29,RTH1-L29,RSH2-L29,RSH1-L29,SH = TH,SH key = TH key
2132,2132,2190,嶄,崭,,towering,towering,zhǎn,zhǎn,precipitous peak,zhan3,0.00%,3035,11,2840,2891,RTH2-L30,RTH1-L30,RSH2-L30,RSH1-L30,SH <> TH,SH key = TH key
2163,2163,2234,揣,揣,v.,conjecture,conjecture,chuǎi,chuāi|chuǎi|chuài,"put into, estimate/guess/figure/surmise",chuai1/chuai3,0.00%,3034,11,2841,2892,RTH2-L30,RTH1-L30,RSH2-L30,RSH1-L30,SH = TH,SH key = TH key
2187,2187,1788,贓,赃,,stolen goods,stolen goods,zāng,zāng,booty/spoils,zang1,0.00%,3296,11,2842,2864,RTH2-L31,RTH1-L31,RSH2-L21,RSH1-L21,SH <> TH,SH key = TH key
2218,2218,2274,粥,粥,,porridge,porridge,zhōu,zhōu,congee/gruel/porridge,zhou1,0.00%,3021,11,2843,2893,RTH2-L32,RTH1-L32,RSH2-L32,RSH1-L32,SH = TH,SH key = TH key
2221,2221,2279,剃,剃,v.,shave,shave,tì,tì,"shave, shave/to weed",ti4,0.00%,3289,11,2844,2895,RTH2-L32,RTH1-L32,RSH2-L32,RSH1-L32,SH = TH,SH key = TH key
2222,2222,2282,涕,涕,,snot,snot,tì,tì,nasal mucus/tears,ti4,0.00%,3006,11,2845,2896,RTH2-L32,RTH1-L32,RSH2-L32,RSH1-L32,SH = TH,SH key = TH key
2232,2232,2298,拷,拷,,flog,flog,kǎo,kǎo,to beat/to flog/to examine by torture,kao3,0.00%,3230,11,2846,2897,RTH2-L33,RTH1-L33,RSH2-L33,RSH1-L33,SH = TH,SH key = TH key
2270,2270,2336,猾,猾,,cunning,cunning,huá,huá,sly,hua2,0.00%,3083,11,2847,2898,RTH2-L33,RTH1-L33,RSH2-L33,RSH1-L33,SH = TH,SH key = TH key
2300,2300,2422,絮,絮,,long-winded,long-winded,xù,xù,line with cotton wadding,xu4,0.00%,3125,11,2848,2900,RTH2-L35,RTH1-L35,RSH2-L35,RSH1-L35,SH = TH,SH key = TH key
2334,2334,1616,鑼,锣,,gong,gong,luó,luó,gong,luo2,0.00%,3162,11,2849,2851,RTH2-L35,RTH1-L35,RSH2-L12,RSH1-L12,SH <> TH,SH key = TH key
2361,2361,2429,孵,孵,v.,hatch,hatch,fū,fū,hatch,fu1,0.00%,3256,11,2850,2901,RTH2-L36,RTH1-L36,RSH2-L36,RSH1-L36,SH = TH,SH key = TH key
2397,2397,2464,醋,醋,,vinegar,vinegar,cù,cù,vinegar,cu4,0.00%,3076,11,2851,2902,RTH2-L37,RTH1-L37,RSH2-L37,RSH1-L37,SH = TH,SH key = TH key
2406,2406,2504,釁,衅,n.,quarrel,quarrel,xìn,xìn,offer blood in sacrifice,xin4,0.00%,3146,11,2852,2906,RTH2-L37,RTH1-L37,RSH2-L37,RSH1-L37,SH <> TH,SH key = TH key
2407,2407,2465,醬,酱,,thick sauce,thick sauce,jiàng,jiàng,jam/thick sauce,jiang4,0.00%,3100,11,2853,2903,RTH2-L37,RTH1-L37,RSH2-L37,RSH1-L37,SH <> TH,SH key = TH key
2445,2445,2505,墾,垦,,reclaim,reclaim,kěn,kěn,reclaim (land),ken3,0.00%,3038,11,2854,2907,RTH2-L37,RTH1-L37,RSH2-L37,RSH1-L37,SH <> TH,SH key = TH key
1136,1136,1196,亥,亥,,sign of the hog,sign of the hog,hài,hài,12th earthly branch/9-11 p.m.,hai4,0.00%,3179,11,2855,2908,RTH1-L38,RTH1-L38,RSH1-L38,RSH1-L38,SH = TH,SH key = TH key
2467,2467,2532,淆,淆,,confuse,confuse,xiáo,xiáo,,xiao2,0.00%,3263,11,2856,2909,RTH2-L38,RTH1-L38,RSH2-L38,RSH1-L38,SH = TH,SH key = TH key
2481,2481,2549,籬,篱,,fence,fence,lí,lí,a fence,li2,0.00%,3158,11,2857,2911,RTH2-L38,RTH1-L38,RSH2-L38,RSH1-L38,SH <> TH,SH key = TH key
2485,2485,2555,辮,辫,n.,braid,braid,biàn,biàn,a braid or queue/to plait,bian4,0.00%,3240,11,2858,2912,RTH2-L38,RTH1-L38,RSH2-L38,RSH1-L38,SH <> TH,SH key = TH key
2494,2494,1841,摯,挚,,earnest,earnest,zhì,zhì,(surname)/sincere,zhi4,0.00%,3012,11,2859,2867,RTH2-L38,RTH1-L38,RSH2-L22,RSH1-L22,SH <> TH,SH key = TH key
2536,2536,2605,唾,唾,,saliva,saliva,tuò,tuò,saliva/spit at,tuo4,0.00%,3040,11,2860,2913,RTH2-L39,RTH1-L39,RSH2-L39,RSH1-L39,SH = TH,SH key = TH key
1220,1220,1278,筷,筷,,chopsticks,chopsticks,kuài,kuài,chopstick,kuai4,0.00%,3110,11,2861,2914,RTH1-L41,RTH1-L41,RSH1-L41,RSH1-L41,SH = TH,SH key = TH key
2556,2556,2629,閘,闸,,floodgate,floodgate,zhá,zhá,gear/watergate,zha2,0.00%,3280,11,2862,2915,RTH2-L41,RTH1-L41,RSH2-L41,RSH1-L41,SH <> TH,SH key = TH key
2563,2563,2635,徘,徘,,irresolute,irresolute,pái,pái,irresolute,pai2,0.00%,3084,11,2863,2916,RTH2-L41,RTH1-L41,RSH2-L41,RSH1-L41,SH = TH,SH key = TH key
2579,2579,2646,悍,悍,,bold,bold,hàn,hàn,violent,han4,0.00%,3073,11,2864,2917,RTH2-L42,RTH1-L42,RSH2-L42,RSH1-L42,SH = TH,SH key = TH key
2594,2594,2659,痰,痰,,phlegm,phlegm,tán,tán,phlegm/spittle,tan2,0.00%,3044,11,2865,2918,RTH2-L43,RTH1-L43,RSH2-L43,RSH1-L43,SH = TH,SH key = TH key
2607,2607,2669,瘡,疮,n.,sore,sore,chuāng,chuāng,sore/skin ulcer,chuang1,0.00%,3093,11,2866,2919,RTH2-L43,RTH1-L43,RSH2-L43,RSH1-L43,SH <> TH,SH key = TH key
2610,2610,2671,癮,瘾,,addiction,addiction,yǐn,yǐn,addiction/craving,yin3,0.00%,3258,11,2867,2920,RTH2-L43,RTH1-L43,RSH2-L43,RSH1-L43,SH <> TH,SH key = TH key
2649,2649,2708,寥,寥,,deserted,deserted,liáo,liáo,empty/lonesome/very few,liao2,0.00%,3116,11,2868,2921,RTH2-L44,RTH1-L44,RSH2-L44,RSH1-L44,SH = TH,SH key = TH key
2652,2652,2710,鏟,铲,,small shovel,small shovel,chǎn,chǎn,"level off/root up, spade/shovel",chan3,0.00%,3057,11,2869,2922,RTH2-L44,RTH1-L44,RSH2-L44,RSH1-L44,SH <> TH,SH key = TH key
2661,2661,2728,疤,疤,n.,scar,scar,bā,bā,scar,ba1,0.00%,3055,11,2870,2923,RTH2-L44,RTH1-L44,RSH2-L44,RSH1-L44,SH = TH,SH key = TH key
2695,2695,2764,烘,烘,,warm by a fire,warm by a fire,hōng,hōng,bake/heat by fire,hong1,0.00%,3266,11,2871,2924,RTH2-L46,RTH1-L46,RSH2-L46,RSH1-L46,SH = TH,SH key = TH key
2699,2699,2773,瀑,瀑,,waterfall,waterfall,pù,pù,"shower (rain), waterfall",bao4/pu4,0.00%,3195,11,2872,2925,RTH2-L46,RTH1-L46,RSH2-L46,RSH1-L46,SH = TH,SH key = TH key
2708,2708,2780,蟹,蟹,n.,crab,crab,xiè,xiè,crab,xie4,0.00%,3049,11,2873,2926,RTH2-L47,RTH1-L47,RSH2-L47,RSH1-L47,SH = TH,SH key = TH key
2723,2723,2789,氓,氓,,hoodlum,hoodlum,máng,máng|méng,"vagrant/ruffian, people",mang2/meng2,0.00%,3060,11,2874,2927,RTH2-L48,RTH1-L48,RSH2-L48,RSH1-L48,SH = TH,SH key = TH key
2748,2748,2813,緞,缎,,satin,satin,duàn,duàn,satin,duan4,0.00%,3108,11,2875,2928,RTH2-L49,RTH1-L49,RSH2-L49,RSH1-L49,SH <> TH,SH key = TH key
2773,2773,2837,氯,氯,,chlorine,chlorine,lǜ,lǜ,chlorine,lu:4/lv4,0.00%,3013,11,2876,2932,RTH2-L50,RTH1-L50,RSH2-L50,RSH1-L50,SH = TH,SH key = TH key
2779,2779,2841,鞠,鞠,,bow respectfully,bow respectfully,jū,jū,to bring up/to rear/Ju (a surname),ju1,0.00%,3037,11,2877,2934,RTH2-L50,RTH1-L50,RSH2-L50,RSH1-L50,SH = TH,SH key = TH key
2780,2780,2839,靴,靴,,boots,boots,xuē,xuē,boots,xue1,0.00%,3091,11,2878,2933,RTH2-L50,RTH1-L50,RSH2-L50,RSH1-L50,SH = TH,SH key = TH key
2789,2789,2033,懊,懊,,remorseful,remorseful,ào,ào,to regret,ao4,0.00%,3212,11,2879,2882,RTH2-L51,RTH1-L51,RSH2-L25,RSH1-L25,SH = TH,SH key = TH key
2882,2882,2914,濾,滤,v.,filter,filter,lǜ,lǜ,to strain/to filter,lu:4/lv4,0.00%,3249,11,2880,2936,RTH2-L53,RTH1-L53,RSH2-L53,RSH1-L53,SH <> TH,SH key = TH key
2899,2899,2925,槐,槐,,scholar tree,scholar tree,huái,huái,Sophora japonica,huai2,0.00%,3120,11,2881,2937,RTH2-L54,RTH1-L54,RSH2-L54,RSH1-L54,SH = TH,SH key = TH key
2935,2935,2973,綴,缀,,embellish,embellish,zhuì,zhuì|chuò,,zhui4,0.00%,3002,11,2882,2939,RTH2-L55,RTH1-L55,RSH2-L55,RSH1-L55,SH <> TH,SH key = TH key
2938,2938,2107,誣,诬,,charge falsely,charge falsely,wū,wū,accuse falsely,wu1,0.00%,3069,11,2883,2885,RTH2-L55,RTH1-L55,RSH2-L26,RSH1-L26,SH <> TH,SH key = TH key
2973,2973,2950,奕,奕,,radiating vitality,radiating vitality,yì,yì,abundant/graceful,yi4,0.00%,3026,11,2884,2938,RTH2-L55,RTH1-L55,RSH2-L55,RSH1-L55,SH = TH,SH key = TH key
3025,3025,3013,滄,沧,,dark blue,dark blue,cāng,cāng,blue/green(color of water)/cold/vast (of water),cang1,0.00%,3023,11,2885,2940,RTH2-Postscript 1,RTH1-Postscript 1,RSH2-Postscript 1,RSH1-Postscript 1,SH <> TH,SH key = TH key
2981,2981,2977,蜘,蜘,,spider (front end),spider (front end),zhī,zhī,spider,zhi1,0.00%,3043,11,2886,2836,RTH2-Compounds,,RSH2-Compounds,,SH = TH,SH key = TH key
1582,1582,1608,噩,噩,,shocking,shocking,è,è,startling,e4,0.00%,3408,12,2887,2946,RTH2-L12,RTH1-L12,RSH2-L12,RSH1-L12,SH = TH,SH key = TH key
1624,1624,1536,詠,咏,v.,chant,chant,yǒng,yǒng,sing,yong3,0.00%,3469,12,2888,2945,RTH2-L15,RTH1-L15,RSH2-L08,RSH1-L08,SH <> TH,SH key = TH key
1662,1662,1689,柿,柿,,persimmon,persimmon,shì,shì,persimmon,shi4,0.00%,3355,12,2889,2948,RTH2-L18,RTH1-L18,RSH2-L18,RSH1-L18,SH = TH,SH key = TH key
1666,1666,1691,蕾,蕾,,flower bud,flower bud,lěi,lěi,bud,lei3,0.00%,3329,12,2890,2949,RTH2-L18,RTH1-L18,RSH2-L18,RSH1-L18,SH = TH,SH key = TH key
1688,1688,1718,炊,炊,v.,cook,cook,chuī,chuī,dress food/to steam/to cook food,chui1,0.00%,3333,12,2891,2951,RTH2-L18,RTH1-L18,RSH2-L18,RSH1-L18,SH = TH,SH key = TH key
1708,1708,1738,蝠,蝠,n.,bat,bat,fú,fú,bat,fu2,0.00%,3335,12,2892,2953,RTH2-L20,RTH1-L20,RSH2-L20,RSH1-L20,SH = TH,SH key = TH key
1722,1722,1750,啄,啄,v.,peck,peck,zhuó,zhuó,to peck,zhuo2,0.00%,3449,12,2893,2954,RTH2-L20,RTH1-L20,RSH2-L20,RSH1-L20,SH = TH,SH key = TH key
1762,1762,1803,惰,惰,,indolent,indolent,duò,duò,lazy,duo4,0.00%,3310,12,2894,2955,RTH2-L21,RTH1-L21,RSH2-L21,RSH1-L21,SH = TH,SH key = TH key
1791,1791,1826,蛾,蛾,,moth,moth,é,é,moth,e2,0.00%,3398,12,2895,2956,RTH2-L22,RTH1-L22,RSH2-L22,RSH1-L22,SH = TH,SH key = TH key
1815,1815,1854,拭,拭,,wipe away,wipe away,shì,shì,wipe,shi4,0.00%,3337,12,2896,2957,RTH2-L22,RTH1-L22,RSH2-L22,RSH1-L22,SH = TH,SH key = TH key
1905,1905,2200,雛,雏,,chick,chick,chú,chú,chick/young bird,chu2,0.00%,3484,12,2897,2970,RTH2-L24,RTH1-L24,RSH2-L30,RSH1-L30,SH <> TH,SH key = TH key
710,710,762,禾,禾,,standing grain,standing grain,hé,hé,cereal/grain,he2,0.00%,3587,12,2898,2958,RTH1-L25,RTH1-L25,RSH1-L25,RSH1-L25,SH = TH,SH key = TH key
1952,1952,2009,稠,稠,,dense,dense,chóu,chóu,dense/crowded/thick/many,chou2,0.00%,3367,12,2899,2959,RTH2-L25,RTH1-L25,RSH2-L25,RSH1-L25,SH = TH,SH key = TH key
1984,1984,2230,筍,笋,,bamboo shoot,bamboo shoot,sǔn,sǔn,bamboo shoot,sun3,0.00%,3455,12,2900,2972,RTH2-L25,RTH1-L25,RSH2-L30,RSH1-L30,SH <> TH,SH key = TH key
2010,2010,2076,袱,袱,v.,wrapping cloth,wrapping cloth,fú,fú,bundle wrapped in cloth,fu2,0.00%,3352,12,2901,2964,RTH2-L26,RTH1-L26,RSH2-L26,RSH1-L26,SH = TH,SH key = TH key
2071,2071,2123,螢,萤,,firefly,firefly,yíng,yíng,firefly,ying2,0.00%,3434,12,2902,2965,RTH2-L27,RTH1-L27,RSH2-L27,RSH1-L27,SH <> TH,SH key = TH key
2082,2082,2138,犀,犀,,rhinoceros,rhinoceros,xī,xī,rhinoceros,xi1,0.00%,3490,12,2903,2966,RTH2-L28,RTH1-L28,RSH2-L28,RSH1-L28,SH = TH,SH key = TH key
2087,2087,2146,屎,屎,,excrement,excrement,shǐ,shǐ,stool/feces,shi3,0.00%,3336,12,2904,2967,RTH2-L28,RTH1-L28,RSH2-L28,RSH1-L28,SH = TH,SH key = TH key
2101,2101,2161,祟,祟,,evil spirit,evil spirit,suì,suì,evil spirit,sui4,0.00%,3414,12,2905,2968,RTH2-L29,RTH1-L29,RSH2-L29,RSH1-L29,SH = TH,SH key = TH key
2107,2107,2166,蒜,蒜,,garlic,garlic,suàn,suàn,garlic,suan4,0.00%,3444,12,2906,2969,RTH2-L29,RTH1-L29,RSH2-L29,RSH1-L29,SH = TH,SH key = TH key
2154,2154,2224,箏,筝,,Chinese zither,Chinese zither,zhēng,zhēng,(mus. instr.),zheng1,0.00%,3436,12,2907,2971,RTH2-L30,RTH1-L30,RSH2-L30,RSH1-L30,SH <> TH,SH key = TH key
903,903,978,廿,廿,,twenty,twenty,niàn,niàn,twenty,nian4,0.00%,3383,12,2908,2973,RTH1-L31,RTH1-L31,RSH1-L31,RSH1-L31,SH = TH,SH key = TH key
2177,2177,2247,拌,拌,v.,blend,blend,bàn,bàn,to mix/mix in/to toss (a salad),ban4,0.00%,3570,12,2909,2974,RTH2-L31,RTH1-L31,RSH2-L31,RSH1-L31,SH = TH,SH key = TH key
2198,2198,2027,鏽,锈,n./v.,rust,rust,xiù,xiù,rust,xiu4,0.00%,3366,12,2910,2961,RTH2-L31,RTH1-L31,RSH2-L25,RSH1-L25,SH <> TH,SH key = TH key
2243,2243,2303,薯,薯,,yam,yam,shǔ,shǔ,potato/yam,shu3,0.00%,3363,12,2911,2975,RTH2-L33,RTH1-L33,RSH2-L33,RSH1-L33,SH = TH,SH key = TH key
2245,2245,2052,篩,筛,,sift,sift,shāi,shāi,to filter/to sift/to sieve,shai1,0.00%,3388,12,2912,2963,RTH2-L33,RTH1-L33,RSH2-L25,RSH1-L25,SH <> TH,SH key = TH key
2282,2282,2343,隧,隧,n.,tunnel,tunnel,suì,suì,subterranean/underground passage,sui4,0.00%,3342,12,2913,2976,RTH2-L34,RTH1-L34,RSH2-L34,RSH1-L34,SH = TH,SH key = TH key
1063,1063,1130,酋,酋,,chieftain,chieftain,qiú,qiú,tribal chief,qiu2,0.00%,3403,12,2914,2977,RTH1-L37,RTH1-L37,RSH1-L37,RSH1-L37,SH = TH,SH key = TH key
2463,2463,2527,溉,溉,,irrigate,irrigate,gài,gài,irrigate,gai4,0.00%,3524,12,2915,2978,RTH2-L37,RTH1-L37,RSH2-L37,RSH1-L37,SH = TH,SH key = TH key
2617,2617,2675,筐,筐,,rectangular basket,rectangular basket,kuāng,kuāng,basket,kuang1,0.00%,3419,12,2916,2979,RTH2-L43,RTH1-L43,RSH2-L43,RSH1-L43,SH = TH,SH key = TH key
2625,2625,2687,毆,殴,v.,hit,hit,ōu,ōu,brawl,ou1,0.00%,3354,12,2917,2980,RTH2-L43,RTH1-L43,RSH2-L43,RSH1-L43,SH <> TH,SH key = TH key
2629,2629,2692,葵,葵,,large-flowered plants,large-flowered plants,kuí,kuí,sunflower,kui2,0.00%,3580,12,2918,2981,RTH2-L43,RTH1-L43,RSH2-L43,RSH1-L43,SH = TH,SH key = TH key
2658,2658,2723,殃,殃,,calamity,calamity,yāng,yāng,calamity,yang1,0.00%,3562,12,2919,2982,RTH2-L44,RTH1-L44,RSH2-L44,RSH1-L44,SH = TH,SH key = TH key
2664,2664,2731,鉗,钳,,pliers,pliers,qián,qián,pincers/pliers/tongs/claw (of animal)/to grasp with pincers/to pinch/to clamp/to restrain/to restrict/to gag,qian2,0.00%,3344,12,2920,2984,RTH2-L45,RTH1-L45,RSH2-L45,RSH1-L45,SH <> TH,SH key = TH key
2687,2687,2754,鋤,锄,n./v.,hoe,hoe,chú,chú,a hoe/to hoe or dig/to weed/get rid of,chu2,0.00%,3545,12,2921,2985,RTH2-L45,RTH1-L45,RSH2-L46,RSH1-L46,SH <> TH,SH key = TH key
2814,2814,2869,鵲,鹊,,magpie,magpie,què,què,magpie,que4,0.00%,3525,12,2922,2986,RTH2-L52,RTH1-L52,RSH2-L52,RSH1-L52,SH <> TH,SH key = TH key
2815,2815,2870,鷗,鸥,,gull,gull,ōu,ōu,common gull,ou1,0.00%,3371,12,2923,2987,RTH2-L52,RTH1-L52,RSH2-L52,RSH1-L52,SH <> TH,SH key = TH key
2859,2859,2905,騾,骡,,mule,mule,luó,luó,mule,luo2,0.00%,3377,12,2924,2988,RTH2-L53,RTH1-L53,RSH2-L53,RSH1-L53,SH <> TH,SH key = TH key
1434,1434,1465,寅,寅,,sign of the tiger,sign of the tiger,yín,yín,3-5 a.m./3rd earthly branch,yin2,0.00%,3422,12,2925,2989,RTH1-L54,RTH1-L54,RSH1-L54,RSH1-L54,SH = TH,SH key = TH key
2944,2944,2015,穗,穗,,ear of grain,ear of grain,suì,suì,ear of grain,sui4,0.00%,3378,12,2926,2960,RTH2-L55,RTH1-L55,RSH2-L25,RSH1-L25,SH = TH,SH key = TH key
2989,2989,2987,橄,橄,,olive (A),olive (A),gǎn,gǎn,olive,gan3,0.00%,3493,12,2927,2941,RTH2-Compounds,,RSH2-Compounds,,SH = TH,SH key = TH key
2999,2999,2999,乒,乒,,ping,ping,pīng,pīng,bing (onomat.),ping1,0.00%,3447,12,2928,2943,RTH2-Compounds,,RSH2-Compounds,,SH = TH,SH key = TH key
3000,3000,3000,乓,乓,,pong,pong,pāng,pāng,bang (onomat.),pang1,0.00%,3502,12,2929,2944,RTH2-Compounds,,RSH2-Compounds,,SH = TH,SH key = TH key
1583,1583,2291,鱷,鳄,,crocodile,crocodile,è,è,crocodile/alligator,e4,0.00%,3781,13,2930,2999,RTH2-L12,RTH1-L12,RSH2-L32,RSH1-L32,SH <> TH,SH key = TH key
288,288,318,冗,冗,,superfluous,superfluous,rǒng,rǒng,extraneous,rong3,0.00%,3642,13,2931,2991,RTH1-L14,RTH1-L14,RSH1-L14,RSH1-L14,SH = TH,SH key = TH key
1629,1629,1659,貳,贰,,II,II,èr,èr,two (fraud-proof),er4,0.00%,3894,13,2932,2992,RTH2-L16,RTH1-L16,RSH2-L16,RSH1-L16,SH <> TH,SH key = TH key
1948,1948,2023,黏,黏,,sticky,sticky,nián,nián,sticky,nian2,0.00%,3645,13,2933,2995,RTH2-L25,RTH1-L25,RSH2-L25,RSH1-L25,SH = TH,SH key = TH key
2123,2123,2185,芹,芹,,celery,celery,qín,qín,Chinese celery,qin2,0.00%,3740,13,2934,2996,RTH2-L30,RTH1-L30,RSH2-L30,RSH1-L30,SH = TH,SH key = TH key
2150,2150,2221,鐮,镰,,sickle,sickle,lián,lián,scythe/sickle,lian2,0.00%,3824,13,2935,2997,RTH2-L30,RTH1-L30,RSH2-L30,RSH1-L30,SH <> TH,SH key = TH key
2210,2210,2263,橘,橘,,tangerine,tangerine,jú,jú,tangerine,ju2,0.00%,3614,13,2936,2998,RTH2-L32,RTH1-L32,RSH2-L32,RSH1-L32,SH = TH,SH key = TH key
2275,2275,2368,蝸,蜗,,snail,snail,wō,wō,,wo1,0.00%,3723,13,2937,3001,RTH2-L33,RTH1-L33,RSH2-L34,RSH1-L34,SH <> TH,SH key = TH key
2290,2290,2359,榨,榨,v.,extract,extract,zhà,zhà,salted vegetable/to extract,zha4,0.00%,3657,13,2938,3000,RTH2-L34,RTH1-L34,RSH2-L34,RSH1-L34,SH = TH,SH key = TH key
2312,2312,1743,繭,茧,,cocoon,cocoon,jiǎn,jiǎn,cocoon,jian3,0.00%,3608,13,2939,2993,RTH2-L35,RTH1-L35,RSH2-L20,RSH1-L20,SH <> TH,SH key = TH key
2457,2457,2523,饅,馒,,bread,bread,mán,mán,steamed bread,man2,0.00%,3628,13,2940,3002,RTH2-L37,RTH1-L37,RSH2-L37,RSH1-L37,SH <> TH,SH key = TH key
2459,2459,2525,餃,饺,,dumpling,dumpling,jiǎo,jiǎo,dumplings with meat filling,jiao3,0.00%,3650,13,2941,3003,RTH2-L37,RTH1-L37,RSH2-L37,RSH1-L37,SH <> TH,SH key = TH key
2466,2466,2531,秤,秤,n.,scale,scale,chèng,chèng,"steel yard/scales, steelyard",cheng3/cheng4,0.00%,3737,13,2942,3004,RTH2-L38,RTH1-L38,RSH2-L38,RSH1-L38,SH = TH,SH key = TH key
2749,2749,2814,刁,刁,,wily,wily,diāo,diāo,artful/wicked,diao1,0.00%,3635,13,2943,3006,RTH2-L49,RTH1-L49,RSH2-L49,RSH1-L49,SH = TH,SH key = TH key
2750,2750,2815,叼,叼,,hold in the mouth,hold in the mouth,diāo,diāo,(v) hold sth in the mouth,diao1,0.00%,3703,13,2944,3007,RTH2-L49,RTH1-L49,RSH2-L49,RSH1-L49,SH = TH,SH key = TH key
2842,2842,2890,饞,馋,,gluttonous,gluttonous,chán,chán,gluttonous/greedy,chan2,0.00%,3844,13,2945,3008,RTH2-L52,RTH1-L52,RSH2-L52,RSH1-L52,SH <> TH,SH key = TH key
2931,2931,2970,餡,馅,,filling,filling,xiàn,xiàn,stuffing/forcemeat,xian4,0.00%,3765,13,2946,3009,RTH2-L55,RTH1-L55,RSH2-L55,RSH1-L55,SH <> TH,SH key = TH key
2990,2990,2988,欖,榄,,olive (B),olive (B),lǎn,lǎn,olive,lan3,0.00%,3607,13,2947,2990,RTH2-Compounds,,RSH2-Compounds,,SH <> TH,SH key = TH key
1716,1716,1748,雹,雹,,hail,hail,báo,báo,hail,bao2,0.00%,4037,14,2948,3012,RTH2-L20,RTH1-L20,RSH2-L20,RSH1-L20,SH = TH,SH key = TH key
1893,1893,1953,榕,榕,,banyan,banyan,róng,róng,banyan tree/Ficus wightiana,rong2,0.00%,4127,14,2949,3013,RTH2-L23,RTH1-L23,RSH2-L23,RSH1-L23,SH = TH,SH key = TH key
1964,1964,2019,鍬,锹,n.,shovel,shovel,qiāo,qiāo,shovel/to dig,qiao1,0.00%,4137,14,2950,3014,RTH2-L25,RTH1-L25,RSH2-L25,RSH1-L25,SH <> TH,SH key = TH key
2159,2159,2229,糠,糠,,chaff,chaff,kāng,kāng,husk,kang1,0.00%,4169,14,2951,3015,RTH2-L30,RTH1-L30,RSH2-L30,RSH1-L30,SH = TH,SH key = TH key
2985,2985,2981,蜻,蜻,,dragonfly (front end),dragonfly (front end),qīng,qīng,dragonfly,qing1,0.00%,4044,14,2952,3010,RTH2-Compounds,,RSH2-Compounds,,SH = TH,SH key = TH key
2986,2986,2982,蜓,蜓,,dragonfly (back end),dragonfly (back end),tíng,tíng,dragonfly,ting2,0.00%,4083,14,2953,3011,RTH2-Compounds,,RSH2-Compounds,,SH = TH,SH key = TH key
2336,2336,2048,籮,箩,,bamboo basket,bamboo basket,luó,luó,basket,luo2,0.00%,4446,15,2954,3017,RTH2-L35,RTH1-L35,RSH2-L25,RSH1-L25,SH <> TH,SH key = TH key
1907,1907,1962,菠,菠,,spinach,spinach,bō,bō,spinach,bo1,0.00%,4540,16,2955,3018,RTH2-L24,RTH1-L24,RSH2-L24,RSH1-L24,SH = TH,SH key = TH key
40,40,ch # 0041,昇,升,,rise up,,shēng,shēng,"to raise/to hoist/to promote/pint, ascend/peaceful, promoted",sheng1,0.02%,837,3,2956,,RTH1-L03,RTH1-L03,,,SH <> TH,RSH key missing
132,132,ch # 0432,沖,冲,,wash away,,chōng,chōng,"to rinse/to collide/to water/to rush/to dash (against)/to wash out/to charge/highway/public road, dash against, strong/powerful/forceful/dynamic/to punch, of great force/towards",chong1/chong4,0.03%,702,3,2957,,RTH1-L08,RTH1-L08,,,SH <> TH,RSH key missing
1529,1529,(c),吋,吋,,inch,inch,cùn,cùn|dòu,,,,,,2958,,RTH2-L08,RTH1-L08,,,SH = TH,SH key = TH key
1549,1549,(c),杰,杰,,hero,hero,jié,jié,hero/heroic,jie2,0.01%,1129,4,2959,,RTH2-L10,RTH1-L10,,,SH = TH,SH key = TH key
1584,1584,ch # 0968,鬥,斗,v.,fight,,dòu,dòu,"Chinese peck, to fight/to battle/to struggle/to incite, fight/incite",dou3/dou4,0.04%,580,2,2960,,RTH2-L12,RTH1-L12,,,SH <> TH,RSH key missing
306,306,ch # 0333,週,周,,week,,zhōu,zhōu,"(surname)/complete/encircle/circuit/lap/week/cycle/all/every/attentive/thoughtful, bestow alms, cycle/week",zhou1,0.04%,490,2,2961,,RTH1-L14,RTH1-L14,,,SH <> TH,RSH key missing
1626,1626,ch # 0278,註,注,,annotate,,zhù,zhù,"to inject/to pour into/to concentrate/to pay attention/to note/to comment on/to record/to register/to annotate, annotate",zhu4,0.04%,492,2,2962,,RTH2-L15,RTH1-L15,,,SH <> TH,RSH key missing
1628,1628,ch # 1597,讚,赞,v.,praise,,zàn,zàn,"to praise, to patronize/to support/to praise",zan4,0.01%,1179,4,2963,,RTH2-L15,RTH1-L15,,,SH <> TH,RSH key missing
346,346,ch # 0372,咸,咸,,everybody,,xián,xián,"all/in all cases/salty, salty",xian2,0.00%,2525,9,2964,,RTH1-L16,RTH1-L16,,,SH = TH,RSH key missing
1632,1632,ch # 0363,划,划,v.,paddle,,huá,huá|huà,"to row, to delimit/to transfer/to assign/to differentiate/to mark off/to draw (a line)/to delete/stroke of a Chinese character",hua2/hua4,0.04%,522,2,2965,,RTH2-L16,RTH1-L16,,,SH = TH,RSH key missing
376,376,ch # 0179,裡,里,,inside,,lǐ,lǐ|li,"inside/internal/interior, village/within/inside, Chinese mile/neighborhood/li, a Chinese unit of length = one-half kilometer/hometown",li3,0.28%,50,1,2966,,RTH1-L18,RTH1-L18,,,SH <> TH,RSH key missing
394,394,ch # 0424,製,制,v.,manufacture,,zhì,zhì,"system/to make/to manufacture/to control/to regulate, manufacture",zhi4,0.13%,163,1,2967,,RTH1-L18,RTH1-L18,,,SH <> TH,RSH key missing
395,395,ch # 0428,云,云,v.,utter,,yún,yún,"(classical) to say, cloud/(abbr.) for Yunnan/surname",yun2,0.03%,692,3,2968,,RTH1-L18,RTH1-L18,,,SH = TH,RSH key missing
465,465,ch # 1283,於,于,,(all-purpose preposition),,yú,yú|Yū|wū,"(surname), in/at/to/from/by/than/out of",yu2,0.33%,40,1,2969,,RTH1-L19,RTH1-L19,,,SH <> TH,RSH key missing
1702,1702,(c),菸,菸,,tobacco,tobacco,yān,yān|yū,,,,,,2970,,RTH2-L19,RTH1-L19,,,SH = TH,SH key = TH key
1714,1714,ch # 1746,炮,炮,,fireworks,,pào,pào|páo|bāo,"cannon/gun/firecracker, gun/cannon",pao4,0.02%,914,4,2971,,RTH2-L20,RTH1-L20,,,SH = TH,RSH key missing
1739,1739,ch # 0539,准,准,,allow,,zhǔn,zhǔn,"to allow/to grant/to permit/accurate/standard, accurate/standard",zhun3,0.06%,379,2,2972,,RTH2-L20,RTH1-L20,,,SH = TH,RSH key missing
521,521,ch # 0554,迴,回,,revolve,,huí,huí,(a measure word for matters or actions) a time/to circle/to go back/to turn around/to answer/to return/to revolve/Islam,hui2,0.12%,172,1,2973,,RTH1-L21,RTH1-L21,,,SH <> TH,RSH key missing
534,534,ch # 0568,誌,志,,annals,,zhì,zhì,"the will, sign/mark/to record/write a footnote",zhi4,0.04%,542,2,2974,,RTH1-L21,RTH1-L21,,,SH <> TH,RSH key missing
592,592,ch # 0051,隻,只,,one of a pair,,zhī,zhī,"earth-spirit/peace, (a measure word, for birds and some animals, etc.)/single/only, M for one of a pair, only/merely/just/but, but/only",qi2/zhi1/zhi3,0.19%,97,1,2975,,RTH1-L22,RTH1-L22,,,SH <> TH,RSH key missing
614,614,ch # 0665,采,采,v.,pluck,,cǎi,cǎi|cài,"to pick/to pluck/to collect/to select/to choose/to gather, affairs/gather, allotment to a feudal noble",cai3/cai4,0.04%,585,2,2976,,RTH1-L22,RTH1-L22,,,SH = TH,RSH key missing
1814,1814,ch # 1599,捨,舍,,abandon,,shě,shě,"give up/abandon, residence",she3/she4,0.01%,1344,5,2977,,RTH2-L22,RTH1-L22,,,SH <> TH,RSH key missing
1854,1854,ch # 0659,后,后,,queen,,hòu,hòu,"empress/queen/surname, back/behind/rear/afterwards/after/later",hou4,0.30%,48,1,2978,,RTH2-L22,RTH1-L22,,,SH = TH,RSH key missing
1867,1867,ch # 0672,颱,台,,typhoon,,tái,tái,"surname/(classical) you (in letters)/platform/Taiwan (abbr.), desk/platform, (measure word)/platform/stage/terrace/stand/support/desk/station/broadcasting station, typhoon",tai2,0.06%,388,2,2979,,RTH2-L22,RTH1-L22,,,SH <> TH,RSH key missing
1871,1871,ch # 0672,臺,台,,Taiwan,,tái,tái,"surname/(classical) you (in letters)/platform/Taiwan (abbr.), desk/platform, (measure word)/platform/stage/terrace/stand/support/desk/station/broadcasting station, typhoon",tai2,0.06%,388,2,2980,,RTH2-L22,RTH1-L22,,,SH <> TH,RSH key missing
648,648,ch # 0700,慾,欲,n.,lust,,yù,yù,"desire/wish, desire/longing/appetite/wish",yu4,0.01%,1045,4,2981,,RTH1-L23,RTH1-L23,,,SH <> TH,RSH key missing
701,701,ch # 0472,復,复,,recover,,fù,fù,"again/recover/reply to a letter/to repeat/to duplicate, repeat, double, overlap",fu4,0.05%,426,2,2982,,RTH1-L24,RTH1-L24,,,SH <> TH,RSH key missing
1895,1895,ch # 1692,嘗,尝,v.,attempt,,cháng,cháng,"indicator of past tense/to taste/flavor/already/ever/once/test/already/formerly, to taste",chang2,0.01%,1621,6,2983,,RTH2-L24,RTH1-L24,,,SH <> TH,RSH key missing
1929,1929,(c),彷,彷,,seemingly,seemingly,fǎng,páng|fǎng,irresolute,pang2,0.00%,3487,12,2984,,RTH2-L24,RTH1-L24,,,SH = TH,SH key = TH key
1930,1930,ch # 1993,征,征,,go on an expedition,,zhēng,zhēng,attack/levy (troops or taxes)/journey/trip/expedition,zheng1,0.03%,739,3,2985,,RTH2-L24,RTH1-L24,,,SH = TH,RSH key missing
1959,1959,ch # 0245,穫,获,v.,harvest,,huò,huò,"to catch/to obtain/to capture, reap/harvest",huo4,0.03%,688,3,2986,,RTH2-L25,RTH1-L25,,,SH <> TH,RSH key missing
1963,1963,ch # 0698,穀,谷,,cereal,,gǔ,gǔ,"grain/corn, valley, (surname)",gu3/yu4,0.01%,1095,4,2987,,RTH2-L25,RTH1-L25,,,SH <> TH,RSH key missing
1968,1968,ch # 0737,曆,历,,calendar,,lì,lì,"calendar, to experience/to undergo/to pass through/all/each/every/calendar",li4,0.04%,480,2,2988,,RTH2-L25,RTH1-L25,,,SH <> TH,RSH key missing
739,739,ch # 0044,佔,占,,occupy,,zhàn,zhàn,"to observe/to divine, to divine, to occupy/to constitute/to make up/to account",zhan1/zhan4,0.03%,737,3,2989,,RTH1-L26,RTH1-L26,,,SH <> TH,RSH key missing
740,740,ch # 0525,傢,家,,furniture,,jiā,jiā,"furniture/tool, -ist/-er/-ian/home/family/a person engaged in a certain art or profession",jia1,0.26%,56,1,2990,,RTH1-L26,RTH1-L26,,,SH <> TH,RSH key missing
2014,2014,ch # 0414,佈,布,,announce,,bù,bù,"diffuse/extend/notify, to declare/to announce/to spread/to make known/spread/(cotton) cloth",bu4,0.06%,380,2,2991,,RTH2-L26,RTH1-L26,,,SH <> TH,RSH key missing
814,814,ch # 0876,遊,游,v.,tour,,yóu,yóu,"to walk/to tour/to roam/to swim/to travel, to roam/travel",you2,0.03%,695,3,2992,,RTH1-L28,RTH1-L28,,,SH <> TH,RSH key missing
2116,2116,(c),夥,夥,,partnership,partnership,huǒ,huǒ,assistant/partner/many/great/numerous,huo3,0.00%,4577,16,2993,,RTH2-L29,RTH1-L29,,,SH = TH,SH key = TH key
2143,2143,ch # 2673,彙,汇,,collection,,huì,huì,"remit/to converge (of rivers)/to exchange, class/collection",hui4,0.01%,1187,4,2994,,RTH2-L30,RTH1-L30,,,SH <> TH,RSH key missing
2272,2272,ch # 1787,髒,脏,,dirty,,zāng,zāng,"dirty/filthy, viscera",zang1/zang4,0.01%,1634,6,2995,,RTH2-L33,RTH1-L33,,,SH <> TH,RSH key missing
1040,1040,ch # 1101,係,系,,relate to,,xì,xì,"be/connection/relation/tie up/bind, be/system/to tie/department/faculty, connect/to tie",xi4,0.10%,216,1,2996,,RTH1-L35,RTH1-L35,,,SH <> TH,RSH key missing
2302,2302,ch # 1836,紮,扎,v.,bind,,zā,zā|zhā|zhá,"to tie/to bind, tie with string or ribbon/bind with rope or cord/to stop, to prick/to run or stick (a needle, etc.) into, penetrating (as of cold)/struggle",za1/zha1/zha2,0.01%,1411,5,2997,,RTH2-L35,RTH1-L35,,,SH <> TH,RSH key missing
2314,2314,ch # 1916,緻,致,,delicate,,zhì,zhì,"fine and close, to send/to devote/to deliver/to cause/to convey",zhi4,0.04%,524,2,2998,,RTH2-L35,RTH1-L35,,,SH <> TH,RSH key missing
2315,2315,ch # 1101,繫,系,,fasten,,jì,jì|xì,"be/connection/relation/tie up/bind, be/system/to tie/department/faculty, connect/to tie",xi4,0.10%,216,1,2999,,RTH2-L35,RTH1-L35,,,SH <> TH,RSH key missing
2358,2358,ch # 2427,御,御,,imperial,,yù,yù,"defend/imperial/to drive, defend/resist",yu4,0.01%,1381,5,3000,,RTH2-L36,RTH1-L36,,,SH = TH,RSH key missing
2379,2379,(c),踴,踊,,eagerly,eagerly,yǒng,yǒng,leap,yong3,0.00%,3884,13,3001,,RTH2-L36,RTH1-L36,,,SH <> TH,SH key = TH key
2382,2382,ch # 2447,捲,卷,,roll up,,juǎn,juǎn,"to roll (up)/to sweep up/to carry on, coil/to roll, chapter/examination paper",juan3/juan4,0.02%,1016,4,3002,,RTH2-L36,RTH1-L36,,,SH <> TH,RSH key missing
1077,1077,ch # 0895,儘,尽,,utmost,,jǐn,jǐn,"to the utmost, to use up/to exhaust/to end/to finish/to the utmost/exhausted/finished/to the limit (of sth)",jin3/jin4,0.04%,488,2,3003,,RTH1-L37,RTH1-L37,,,SH <> TH,RSH key missing
2405,2405,ch # 2477,俊,俊,,pretty,,jùn,jùn,smart/eminent/handsome/talented,45447,0.00%,1847,7,3004,,RTH2-L37,RTH1-L37,,,SH = TH,RSH key missing
2424,2424,ch # 1757,盪,荡,v.,swing,,dàng,dàng|tàng,a pond/pool/wash/squander/sweep away/move/shake/dissolute,dang4,0.01%,1424,5,3005,,RTH2-L37,RTH1-L37,,,SH <> TH,RSH key missing
2428,2428,ch # 0997,盃,杯,,trophy,,bēi,bēi,cup/a measure word,bei1,0.01%,1396,5,3006,,RTH2-L37,RTH1-L37,,,SH <> TH,RSH key missing
1113,1113,ch # 1176,凶,凶,,sinister,,xiōng,xiōng,"fierce, fierce/terrible/ominous",xiong1,0.01%,1378,5,3007,,RTH1-L38,RTH1-L38,,,SH = TH,RSH key missing
2478,2478,ch # 0689,齣,出,,shows,,chū,chū,"to go out/to come out/to occur/to produce/to go beyond/to rise/to put forth/to occur/to happen/(a measure word for dramas, plays, or operas)",chu1,0.39%,28,1,3008,,RTH2-L38,RTH1-L38,,,SH <> TH,RSH key missing
1162,1162,(c),錶,錶,n.,watch,watch,biǎo,biǎo,,,,,,3009,,RTH1-L39,RTH1-L39,,,SH = TH,SH key = TH key
2510,2510,ch # 2951,蹟,迹,,remains,,jī,jī,"footprint/mark/trace/vestige/sign/indication, footprint/trace",ji1/ji4,0.01%,1098,4,3010,,RTH2-L39,RTH1-L39,,,SH <> TH,RSH key missing
2545,2545,ch # 0657,闆,板,n.,boss,,bǎn,bǎn|pǎn,"board/plank/plate/slab, boss",ban3,0.02%,930,4,3011,,RTH2-L41,RTH1-L41,,,SH <> TH,RSH key missing
2565,2565,ch # 2862,籤,签,v.,bamboo slip,,qiān,qiān,"sign one's name, a note/a stick/sign one's name",qian1,0.01%,1254,5,3012,,RTH2-L41,RTH1-L41,,,SH <> TH,RSH key missing
1225,1225,ch # 1279,干,干,v.,offend,,gān,gàn|gān,"dry/to concern/shield, to work/to do/to manage, manage/stem",gan1/gan4,0.06%,353,2,3013,,RTH1-L42,RTH1-L42,,,SH = TH,RSH key missing
1227,1227,ch # 1279,幹,干,,trunk,,gàn,gàn,"dry/to concern/shield, to work/to do/to manage, manage/stem",gan1/gan4,0.06%,353,2,3014,,RTH1-L42,RTH1-L42,,,SH <> TH,RSH key missing
1232,1232,ch # 1285,余,余,,moi,,yú,yú|Yú,extra/surplus/remaining/after/I/me,yu2,0.03%,729,3,3015,,RTH1-L42,RTH1-L42,,,SH = TH,RSH key missing
2593,2593,(c),鍾,锺,,draw together,draw together,zhōng,zhōng,(ancient measure)/(surname),zhong1,0.00%,4201,15,3016,,RTH2-L42,RTH1-L42,,,SH <> TH,SH key = TH key
1250,1250,(c),匹,匹,v.,match,match,pǐ,pǐ,"mate/one of a pair, (measure word for horses, mules, a bolt of cloth)/ordinary person",pi1/pi3,0.00%,1908,7,3017,,RTH1-L43,RTH1-L43,,,SH = TH,SH key = TH key
2597,2597,ch # 1793,癒,愈,,get well,,yǔ,yǔ,"heal/the more...the more/to recover/better, heal",yu4,0.01%,1301,5,3018,,RTH2-L43,RTH1-L43,,,SH <> TH,RSH key missing
2632,2632,ch # 0101,瞭,了,,comprehend,,liào,liào,"(modal particle intensifying preceding clause)/(completed action marker), to know/to understand/to know, clear, look afar from a high place",le/liao3/liao4,1.10%,5,1,3019,,RTH2-L43,RTH1-L43,,,SH <> TH,RSH key missing
1302,1302,ch # 0863,並,并,,side by side,,bìng,bìng,"and/furthermore/(not) at all/simultaneously/also/together with/to combine/to join/to merge, amalgamate/combine, and/also/together with",bing4,0.15%,141,1,3020,,RTH1-L46,RTH1-L46,,,SH <> TH,RSH key missing
1364,1364,ch # 1406,麵,面,,noodles,,miàn,miàn,"fade/side/surface/aspect/top/face/flour/noodles, flour/noodles",mian4,0.22%,74,1,3021,,RTH1-L50,RTH1-L50,,,SH <> TH,RSH key missing
1391,1391,ch # 1304,髮,发,,hair of the head,,fà,fà,"to send out/to show (one's feeling)/to issue/to develop, hair",fa1/fa4,0.30%,47,1,3022,,RTH1-L51,RTH1-L51,,,SH <> TH,RSH key missing
2799,2799,ch # 2852,藉,藉,n.,excuse,,jiè,jí|jiè,"in disorder, by means of",ji2/jie4,0.00%,2615,9,3023,,RTH2-L51,RTH1-L51,,,SH = TH,RSH key missing
2800,2800,ch # 1424,托,托,,hold up,,tuō,tuō,"to hold in one's hand/to entrust/to support in one's palm, entrust",tuo1,0.02%,799,3,3024,,RTH2-L51,RTH1-L51,,,SH = TH,RSH key missing
2806,2806,ch # 0017,鬍,胡,,beard,,hú,hú,"(surname)/beard/what why how, beard/mustache",hu2,0.02%,806,3,3025,,RTH2-L51,RTH1-L51,,,SH <> TH,RSH key missing
2807,2807,ch # 0697,鬆,松,,loose,,sōng,sōng,"loose/pine, loose",song1,0.02%,895,3,3026,,RTH2-L51,RTH1-L51,,,SH <> TH,RSH key missing
2905,2905,ch # 1486,醜,丑,,ugly,,chǒu,chǒu,"2nd Earthly Branch/clown/Chou (surname), shameful/ugly/disgraceful",chou3,0.00%,1901,7,3027,,RTH2-L54,RTH1-L54,,,SH <> TH,RSH key missing
1477,1477,,詹,詹,,verbose,,zhān,zhān,(surname)/excellent/verbose,zhan1,0.00%,2533,9,3028,,RTH1-L55,RTH1-L55,,,SH = TH,RSH key missing
3005,3005,ch # 2037,梁,梁,,Liang,,Liáng,liáng|Liáng,"(surname)/beam of roof/bridge, beam of roof",liang2,0.01%,1416,5,3029,,RTH2-Postscript 1,RTH1-Postscript 1,,,SH = TH,RSH key missing
3012,3012,ch # 1758,姜,姜,,Jiang-2,,jiāng,jiāng,"(surname)/ginger, ginger",jiang1,0.00%,2394,8,3030,,RTH2-Postscript 1,RTH1-Postscript 1,,,SH = TH,RSH key missing
3013,3013,ch # 2445,范,范,,Fan,,Fàn,fàn|Fàn,pattern/model/example/(surname),fan4,0.03%,705,3,3031,,RTH2-Postscript 1,RTH1-Postscript 1,,,SH = TH,RSH key missing
3015,3015,ch # 2648,涂,涂,,Tu,,tú,tū|tú,"to smear/daub, (surname)/to smear/daub/to apply (paint)/to spread",tu2,0.01%,1735,6,3032,,RTH2-Postscript 1,RTH1-Postscript 1,,,SH = TH,RSH key missing
3017,3017,ch # 2801,郁,郁,,Yu-2,,yù,yù,"(surname)/elegant, dense (growth)/melancholy",yu4,0.00%,1915,7,3033,,RTH2-Postscript 1,RTH1-Postscript 1,,,SH = TH,RSH key missing
3021,3021,ch # 1023,彿,佛,,as though,,fú,fú,"Buddha/Buddhism, seemingly",fo2/fu2,0.02%,771,3,3034,,RTH2-Postscript 1,RTH1-Postscript 1,,,SH <> TH,RSH key missing
3033,3033,ch # 2966,蒐,搜,,search for,,sōu,sōu|huì,to search,sou1,0.01%,1564,6,3035,,RTH2-Postscript 1,RTH1-Postscript 1,,,SH <> TH,RSH key missing
3036,(c),(c),堇,堇,,violet,violet,jǐn,jǐn,,,,,,,,,,,,SH = TH,SH key = TH key
3037,(c),(c),茵,茵,b.f.,mattress,mattress,yīn,yīn,Skimmia japonica/cushion,yin1,0.00%,2765,10,,,,,,,SH = TH,SH key = TH key
3038,(c),(c),昴,昴,,The Pleiades,The Pleiades,mǎo,mǎo,,,,,,,,,,,,SH = TH,SH key = TH key
3039,(c),(c),卒,卒,,foot soldier,foot soldier,zú,zú|cù,"abruptly/hurriedly, die/soldier",cu4/zu2,0.00%,2584,9,,,,,,,SH = TH,SH key = TH key
3041,(c),(c),瘧,疟,,malaria,malaria,nüè,nüè|yào,"malaria, malaria",nue4/yao4,0.00%,4153,14,,,,,,,SH <> TH,SH key = TH key
3042,(c),(c),癖,癖,,mannerism,mannerism,pǐ,pǐ,habit/hobby,pi3,0.00%,3669,13,,,,,,,SH = TH,SH key = TH key
3043,(c),(c),肛,肛,,anus,anus,gāng,gāng,anus,gang1,0.00%,3394,12,,,,,,,SH = TH,SH key = TH key
3044,ch # 0729,ch # 0787,笑,笑,v.,laugh,laugh,xiào,xiào,laugh/smile,xiao4,0.06%,346,2,,,L # RTH1-L25,,L # RSH1-L25,L # RSH1-L25,SH = TH,SH key = TH key
3045,ch # 0918,ch # 0562,莊,庄,,hamlet,hamlet,zhuāng,zhuāng,farm/village,zhuang1,0.02%,1024,4,,,L # RTH1-L31,,L # RSH1-L21,L # RSH1-L21,SH <> TH,SH key = TH key
3046,ch # 1077,ch # 0895,儘,尽,,,,jǐn,jǐn,"to the utmost, to use up/to exhaust/to end/to finish/to the utmost/exhausted/finished/to the limit (of sth)",jin3/jin4,0.04%,488,2,,,L # RTH1-L37,,,,SH <> TH,RSH key & RTH key missing
3047,ch # 1244,ch # 0735,動,动,v.,move,move,dòng,dòng,to use/to act/to move/to change,dong4,0.22%,73,1,,,L # RTH1-L42,,L # RSH1-L24,L # RSH1-L24,SH <> TH,SH key = TH key
3048,ch # 1298,ch # 1346,姐,姐,,,,jiě,jiě,older sister,jie3,0.02%,830,3,,,,,,,SH = TH,RSH key & RTH key missing
3049,ch # 1399,ch # 1442,島,岛,,island,island,dǎo,dǎo,island,dao3,0.02%,798,3,,,L # RTH1-L52,,L # RSH1-L52,L # RSH1-L52,SH <> TH,SH key = TH key
3050,ch # 1427,ch # 0891,據,据,,,,jù,jù|jū,"sickness of hand, act in accordance with/seize, according to/to act in accordance with/to depend on/to seize/to occupy",ju1/ju4,0.07%,313,2,,,,,,,SH <> TH,RSH key & RTH key missing
3051,ch # 1444,ch # 1474,龍,龙,,dragon,dragon,lóng,lóng,dragon/imperial/Long (a surname),long2,0.03%,696,3,,,L # RTH1-L54,,L # RSH1-L54,L # RSH1-L54,SH <> TH,SH key = TH key
3052,ch # 1876,ch # 1921,疏,疏,,,,shū,shū,negligent/sparse/thin,shu1,0.00%,1897,7,,,,,,,SH = TH,RSH key & RTH key missing
3053,ch # 1922,ch # 1989,脅,胁,,,,xié,xié,side of body/threaten,xie2,0.01%,1494,5,,,,,,,SH <> TH,RSH key & RTH key missing
3054,ch # 2096,ch # 1530,淚,泪,,tears,tears,lèi,lèi,tears,lei4,0.01%,1271,5,,,L # RTH2-L28,,L # RSH1-L08,L # RSH1-L08,SH <> TH,SH key = TH key
3055,ch # 2389,ch # 2454,碗,碗,,bowl,bowl,wǎn,wǎn,bowl/cup,wan3,0.00%,1939,7,,,L # RTH2-L36,,L # RSH2-L36,L # RSH1-L36,SH = TH,SH key = TH key
3056,ch # 2565,ch # 2862,籤,签,,,,qiān,qiān,"sign one's name, a note/a stick/sign one's name",qian1,0.01%,1254,5,,,L # RTH2-L41,,,,SH <> TH,RSH key & RTH key missing
3057,ch # 2589,ch # 2609,煉,炼,,refine,refine,liàn,liàn,"refine/smelt, refine",lian4,0.00%,1763,6,,,L # RTH2-L42,,L # RSH2-L40,L # RSH1-L40,SH <> TH,SH key = TH key
3058,ch # 2668,ch # 2735,棋,棋,,,,qí,qí,chess,qi2,0.00%,2089,7,,,,,,,SH = TH,RSH key & RTH key missing
3059,ch # 2752,ch # 2575,壽,寿,,longevity,longevity,shòu,shòu,(long) life,shou4,0.01%,1615,6,,,L # RTH2-L49,,L # RSH2-L39,L # RSH1-L39,SH <> TH,SH key = TH key
3060,ch # 2888,ch # 2439,憐,怜,,,,lián,lián,to pity,lian2,0.01%,1599,6,,,L # RTH2-L53,,L # RSH2-L34,L # RSH1-L34,SH <> TH,RSH key & RTH key missing
3061,ch # 2911,ch # 2937,籠,笼,n.,cage,cage,lóng,lóng|lǒng,basket/cage,long2,0.00%,1928,7,,,L # RTH2-L54,,L # RSH2-L54,L # RSH1-L54,SH <> TH,SH key = TH key
3064,,2488,盔,盔,,helmet,helmet,kuī,kuī,helmet,kui1,0.00%,3030,11,,2905,,,RSH2-L37,RSH1-L37,SH = TH,SH key = TH key
3068,,1976,蔓,蔓,,creeping vine,creeping vine,wàn,màn|mán|wàn,"Brassica campestris, creeper/to spread",man2/man4,0.00%,2829,10,,2715,,,RSH2-L24,RSH1-L24,SH = TH,SH key = TH key
3069,,1553,熏,熏,,treat with smoke,treat with smoke,xūn,xūn|xùn,to smoke/scent/fumigate,xun1,0.00%,2997,10,,2639,,,RSH2-L09,RSH1-L09,SH = TH,SH key = TH key
3070,,2388,縷,缕,,in detail,in detail,lǚ,lǚ,state in detail/strand/thread,lu:3/lv3,0.00%,2894,10,,2768,,,RSH2-L35,RSH1-L35,SH <> TH,SH key = TH key
3071,,2931,朧,胧,,hazy,hazy,lóng,lóng,"rising moon, hazy/unclear",long2,0.00%,2837,10,,2830,,,RSH2-L54,RSH1-L54,SH <> TH,SH key = TH key
3072,,1910,怡,怡,,cheerful,cheerful,yí,yí,harmony/pleased,yi2,0.00%,2519,9,,2447,,,RSH2-L22,RSH1-L22,SH = TH,SH key = TH key
3073,,2371,繃,绷,,stretch taut,stretch taut,bēng,bēng|běng|bèng,"to stretch/taut/to tie/to bind, to have a taut face",beng1/beng3,0.00%,2978,10,,2766,,,RSH2-L35,RSH1-L35,SH <> TH,SH key = TH key
3078,,2398,絹,绢,,tough silk,tough silk,juàn,juàn,thick but loosely woven silk,juan4,0.00%,2385,8,,2250,,,RSH2-L35,RSH1-L35,SH <> TH,SH key = TH key
3085,,2493,磕,磕,,collide with,collide with,kē,kē,to tap/knock,ke1,0.00%,2991,10,,2776,,,RSH2-L37,RSH1-L37,SH = TH,SH key = TH key
3087,,2160,凜,凛,,chilly,chilly,lǐn,lǐn,shiver with cold or fear,lin3,0.00%,3014,11,,2889,,,RSH2-L29,RSH1-L29,SH <> TH,SH key = TH key
3089,,2730,嵌,嵌,v.,set,set,qiàn,qiàn,deep valley/inlay,qian4,0.00%,2831,10,,2804,,,RSH2-L45,RSH1-L45,SH = TH,SH key = TH key
3090,,1838,捎,捎,,bring to,bring to,shāo,shāo|shào,bring or take (along),shao1,0.00%,3603,13,,2994,,,RSH2-L22,RSH1-L22,SH = TH,SH key = TH key
3092,,2380,綻,绽,,split at the seams,split at the seams,zhàn,zhàn,ripped seam,zhan4,0.00%,3130,11,,2899,,,RSH2-L35,RSH1-L35,SH <> TH,SH key = TH key
3096,,1722,黯,黯,,tenebrous,tenebrous,àn,àn,deep black/dark,an4,0.00%,2881,10,,2674,,,RSH2-L19,RSH1-L19,SH = TH,SH key = TH key
3099,,1928,峭,峭,,precipitous,precipitous,qiào,qiào,steep hill,qiao4,0.00%,2990,10,,2706,,,RSH2-L23,RSH1-L23,SH = TH,SH key = TH key
3101,,2348,棱,棱,n.,edge,edge,léng,léng|lēng,corner/square beam,leng2,0.00%,2897,10,,2760,,,RSH2-L34,RSH1-L34,SH = TH,SH key = TH key
3103,,1555,炯,炯,,shining,shining,jiǒng,jiǒng,bright/clear,jiong3,0.00%,2933,10,,2640,,,RSH2-L09,RSH1-L09,SH = TH,SH key = TH key
3107,,1557,淌,淌,v.,trickle,trickle,tǎng,tǎng,drip/to shed (tears),tang3,0.00%,2994,10,,2642,,,RSH2-L09,RSH1-L09,SH = TH,SH key = TH key
3108,,1635,炕,炕,,brick-heated bed,brick-heated bed,kàng,kàng,kang (a heatable brick bed),kang4,0.00%,2975,10,,2658,,,RSH2-L14,RSH1-L14,SH = TH,SH key = TH key
3111,,2917,磷,磷,,phosphorous,phosphorous,lín,lín,phosphorus/water in rocks,lin2,0.00%,2956,10,,2829,,,RSH2-L54,RSH1-L54,SH = TH,SH key = TH key
3115,,1814,傻,愣,,dumbfounded,dumbfounded,shǎ,shǎ,to look distracted/to stare blankly/distracted/stupefied/blank,leng4,0.00%,2263,8,,2158,,,RSH2-L21,RSH1-L21,SH <> TH,SH key = TH key
3116,,2592,豁,豁,n.,breach,breach,huō,huō|huò|huá,"play Chinese finger game, opening/stake all/sacrifice/crack/slit, clear/open/exempt (from)/liberal-minded",hua2/huo1/huo4,0.00%,2954,10,,2789,,,RSH2-L39,RSH1-L39,SH = TH,SH key = TH key
3119,,1511,矗,矗,,stand straight,stand straight,chù,chù,lofty/upright,chu4,0.00%,3029,11,,2839,,,RSH2-L05,RSH1-L05,SH = TH,SH key = TH key
3131,,2191,浙,浙,,Zhejian Province,Zhejian Province,zhè,Zhè,Zhejiang,zhe4,0.00%,2119,8,,2212,,,RSH2-L30,RSH1-L30,SH = TH,SH key = TH key
3171,,2036,粱,粱,,fine millet,fine millet,liáng,liáng,sorghum,liang2,0.00%,3599,12,,2962,,,RSH2-L25,RSH1-L25,SH = TH,SH key = TH key
3186,,2576,疇,畴,,farmland,farmland,chóu,chóu,arable fields/cultivated field/class/category,chou2,0.00%,2699,9,,2556,,,RSH2-L39,RSH1-L39,SH <> TH,SH key = TH key
3189,,2563,鑲,镶,v.,inlay,inlay,xiāng,xiāng,to inlay/to embed/ridge/border,xiang1,0.00%,2974,10,,2786,,,RSH2-L38,RSH1-L38,SH <> TH,SH key = TH key
3195,,2996,菇,菇,,mushroom (stem),mushroom (stem),gū,gū,mushroom,gu1,0.00%,3287,11,,2837,,,RSH2-Compounds,RSH1-Compounds,SH = TH,SH key = TH key
3196,,2816,鈣,钙,,calcium,calcium,gài,gài,calcium,gai4,0.00%,2951,10,,2813,,,RSH2-L49,RSH1-L49,SH <> TH,SH key = TH key
3212,,2995,蘑,蘑,,mushroom (cap),mushroom (cap),mó,mó,mushroom,mo2,0.00%,3528,12,,2942,,,RSH2-Compounds,RSH1-Compounds,SH = TH,SH key = TH key
3220,,1548,灶,灶,,cooking stove,cooking stove,zào,zào,kitchen stove,zao4,0.00%,2691,9,,2385,,,RSH2-L08,RSH1-L08,SH = TH,SH key = TH key
3225,,2831,隘,隘,n.,pass,pass,ài,ài,a pass or defile/narrow/confined/in distress,ai4,0.00%,3152,11,,2930,,,RSH2-L50,RSH1-L50,SH = TH,SH key = TH key
3246,,2833,氨,氨,,ammonia,ammonia,ān,ān,ammonia,an1,0.00%,3028,11,,2931,,,RSH2-L50,RSH1-L50,SH = TH,SH key = TH key
3256,,1630,胳,胳,,upper limb,upper limb,gē,gē|gé|gā,armpit,ge1,0.00%,2490,9,,2401,,,RSH2-L13,RSH1-L13,SH = TH,SH key = TH key
3266,,1843,捏,拧,v.,tweak,tweak,niē,niē,"to pinch/wring, mistake/to twist, stubborn",ning2/ning3/ning4,0.00%,3178,11,,2868,,,RSH2-L22,RSH1-L22,SH <> TH,SH key = TH key
3270,,1731,淤,淤,,silt,silt,yū,yū,silt,yu1,0.00%,3576,12,,2952,,,RSH2-L19,RSH1-L19,SH = TH,SH key = TH key
3388,,2911,唬,唬,,bluff,bluff,hǔ,hǔ,intimidate/tiger's roar/to fool,hu3,0.00%,3161,11,,2935,,,RSH2-L53,RSH1-L53,SH = TH,SH key = TH key
3399,,2823,舵,舵,,rudder,rudder,duò,duò,helm/rudder,duo4,0.00%,3088,11,,2929,,,RSH2-L49,RSH1-L49,SH = TH,SH key = TH key
3406,,1955,裳,裳,,raiment,raiment,shang,shang|cháng,lower garment/skirts/petticoats/garments,chang2/shang,0.00%,2861,10,,2712,,,RSH2-L24,RSH1-L24,SH = TH,SH key = TH key
3418,,2042,憋,憋,,suppress,suppress,biē,biē,hold in (urine)/to hold (breath)/to choke/stifle/restrain/hold back,bie1,0.00%,3141,11,,2884,,,RSH2-L25,RSH1-L25,SH = TH,SH key = TH key
3441,,1881,梗,梗,n.,stalk,stalk,gěng,gěng,stem,geng3,0.00%,2919,10,,2698,,,RSH2-L22,RSH1-L22,SH = TH,SH key = TH key
3465,,1769,雌,雌,,feminine,feminine,cí,cí,female,ci2,0.00%,2382,8,,2152,,,RSH2-L20,RSH1-L20,SH = TH,SH key = TH key
3471,,2797,膊,膊,,,shoulder to arm,bó,bó,shoulder/upper arm,bo2,0.00%,2440,9,,2589,,,RSH2-L48,RSH1-L48,SH = TH,RTH key missing
3498,,1581,苟,苟,,careless,careless,gǒu,gǒu,(surname)/if indeed/thoughtless,gou3,0.00%,2886,10,,2649,,,RSH2-L10,RSH1-L10,SH = TH,SH key = TH key
3523,,1954,熔,熔,v.,fuse,fuse,róng,róng,to smelt/fuse,rong2,0.00%,3011,11,,2876,,,RSH2-L23,RSH1-L23,SH = TH,SH key = TH key
3525,,2724,秧,秧,,youngling,youngling,yāng,yāng,shoots/sprouts,yang1,0.00%,3522,12,,2983,,,RSH2-L44,RSH1-L44,SH = TH,SH key = TH key
3526,,2446,扼,扼,v.,clutch,clutch,è,è,hold (strategic position),e4,0.00%,2931,10,,2771,,,RSH2-L36,RSH1-L36,SH = TH,SH key = TH key
3541,,2290,挎,挎,,carry on the arm,carry on the arm,kuà,kuà,(v) carry on one's arm/(v) carry over one's shoulder or slung on one's side,kua4,0.00%,4005,14,,3016,,,RSH2-L32,RSH1-L32,SH = TH,SH key = TH key
3542,,2135,屜,屉,,drawer,drawer,tì,tì,drawer/tier/tray,ti4,0.00%,3127,11,,2888,,,RSH2-L28,RSH1-L28,SH <> TH,SH key = TH key
3551,,1861,搓,搓,v.,massage,massage,cuō,cuō,to rub or roll between the hands or fingers/to twist,cuo1,0.00%,3098,11,,2870,,,RSH2-L22,RSH1-L22,SH = TH,SH key = TH key
3580,,1604,瑣,琐,,trivial,trivial,suǒ,suǒ,fragmentary/trifling,suo3,0.00%,2834,10,,2654,,,RSH2-L12,RSH1-L12,SH <> TH,SH key = TH key
3599,,1040,著,著,v.,,author,zhù,zhe|zháo|zhāo|zhuó|zhù,,zhu4/zhe,0.02%,777,3,,791,,,RSH1-L33,RSH1-L33,SH = TH,RTH key missing
3602,,1698,襖,袄,,short Chinese-style coat,short Chinese-style coat,ǎo,ǎo,coat/jacket/short and lined coat or robe,ao3,0.00%,3480,12,,2950,,,RSH2-L18,RSH1-L18,SH <> TH,SH key = TH key
3606,,1647,墩,墩,,mound,mound,dūn,dūn,block/gate pillar/pier,dun1,0.00%,3553,12,,2947,,,RSH2-L15,RSH1-L15,SH = TH,SH key = TH key
3611,,2587,篷,篷,,awning,awning,péng,péng,sail,peng2,0.00%,2579,9,,2559,,,RSH2-L39,RSH1-L39,SH = TH,SH key = TH key
3663,,2477,俊,俊,,handsome,handsome,jùn,jùn,smart/eminent/handsome/talented,,0.00%,1847,7,,1998,,,RSH2-L37,RSH1-L37,SH = TH,SH key = TH key
3669,,2346,陝,陕,,Shaanxi Province,Shaanxi Province,shǎn,Shǎn,Shaanxi,shan3/Shan3,0.00%,2159,8,,2245,,,RSH2-L34,RSH1-L34,SH <> TH,SH key = TH key
3679,,2481,櫥,橱,,closet,closet,chú,chú,a wardrobe/case/cabinet,chu2,0.00%,3041,11,,2904,,,RSH2-L37,RSH1-L37,SH <> TH,SH key = TH key
3701,,1556,晌,晌,,part of the day,part of the day,shǎng,shǎng,around noon,shang3,0.00%,2822,10,,2641,,,RSH2-L09,RSH1-L09,SH = TH,SH key = TH key
3707,,1951,嗡,嗡,n.,buzzing,buzzing,wēng,wēng,_oin (chem.) as in anisoin,weng1,0.00%,2783,10,,2710,,,RSH2-L23,RSH1-L23,SH = TH,SH key = TH key
3715,,2297,姥,姥,,maternal grandmother,maternal grandmother,lǎo,lǎo,"grandma (maternal), governess/old woman",lao3/mu3,0.00%,2874,10,,2752,,,RSH2-L33,RSH1-L33,SH = TH,SH key = TH key
3720,,2852,藉,藉,,in disorder,in disorder,jí,jí|jiè,"in disorder, by means of",ji2/jie4,0.00%,2615,9,,2598,,,RSH2-L51,RSH1-L51,SH = TH,SH key = TH key
3721,,2631,澗,涧,,ravine,ravine,jiàn,jiàn,mountain stream,jian4,0.00%,3828,13,,3005,,,RSH2-L41,RSH1-L41,SH <> TH,SH key = TH key